age,mean,lower89,upper89
0.000000000000000000e+00,6.337409770111222684e+01,6.007834947065934728e+01,6.666984593156510641e+01
2.943143812709029805e-01,6.713100618786617702e+01,6.469390542949031442e+01,6.956810694624203961e+01
5.886287625418059610e-01,7.057653716641529229e+01,6.859263877174521440e+01,7.256043556108537018e+01
8.829431438127089971e-01,7.373249566556286538e+01,7.185490413120778896e+01,7.561008719991794180e+01
1.177257525083609924e+00,7.662068671411229559e+01,7.466773077042259388e+01,7.857364265780199730e+01
1.471571906354520065e+00,7.926291534086699642e+01,7.720171386489792553e+01,8.132411681683606730e+01
1.765886287625419993e+00,8.168098657463042400e+01,7.955159174036826641e+01,8.381038140889258159e+01
2.060200668896320142e+00,8.389670544420584974e+01,8.176050250652619411e+01,8.603290838188550538e+01
2.354515050167219847e+00,8.593187697839674399e+01,8.384582276211990859e+01,8.801793119467357940e+01
2.648829431438130211e+00,8.780830620600646341e+01,8.581183679241948425e+01,8.980477561959344257e+01
2.943143812709029916e+00,8.954779815583839309e+01,8.765564054779837022e+01,9.143995576387841595e+01
3.237458193979930066e+00,9.117215785669590389e+01,8.937156121144631982e+01,9.297275450194548796e+01
3.531772575250839985e+00,9.270319033738245196e+01,9.095737691852681905e+01,9.444900375623808486e+01
3.826086956521740134e+00,9.416270062670140817e+01,9.242265885163850214e+01,9.590274240176431420e+01
4.120401337792640284e+00,9.557249375345610076e+01,9.379461897770300993e+01,9.735036852920919159e+01
4.414715719063550203e+00,9.695437474644998588e+01,9.511612948967245984e+01,9.879262000322751192e+01
4.709030100334450353e+00,9.833007127223820021e+01,9.643755706170179565e+01,1.002225854827746048e+02
5.003344481605349614e+00,9.971306480061092259e+01,9.779475961159947417e+01,1.016313699896223710e+02
5.297658862876249763e+00,1.011013884887309473e+02,9.919025399902078277e+01,1.030125229784411118e+02
5.591973244147159683e+00,1.024913772376874732e+02,1.006162019007495445e+02,1.043665525746254019e+02
5.886287625418059832e+00,1.038793659485697418e+02,1.020598708819218103e+02,1.056988610152176733e+02
6.180602006688959982e+00,1.052616895224670230e+02,1.035052236939551022e+02,1.070181553509789438e+02
6.474916387959869901e+00,1.066346828604685584e+02,1.049343000497611200e+02,1.083350656711759967e+02
6.769230769230770051e+00,1.079946808636635751e+02,1.063292172082846463e+02,1.096601445190425039e+02
7.063545150501670200e+00,1.093380184331413147e+02,1.076751358954363269e+02,1.110009009708463026e+02
7.357859531772580119e+00,1.106610304699910756e+02,1.089634164830760454e+02,1.123586444569061058e+02
7.652173913043480269e+00,1.119600518753020424e+02,1.101931810594935115e+02,1.137269226911105733e+02
7.946488294314380418e+00,1.132314175501635276e+02,1.113702131311719370e+02,1.150926219691551182e+02
8.240802675585289450e+00,1.144714623956646875e+02,1.125041478874920671e+02,1.164387769038373079e+02
8.535117056856190487e+00,1.156765213128948488e+02,1.136057484029026341e+02,1.177472942228870636e+02
8.829431438127089748e+00,1.168429292029432389e+02,1.146851855529806699e+02,1.190006728529058080e+02
9.123745819397990786e+00,1.179670209668990566e+02,1.157512008231146439e+02,1.201828411106834693e+02
9.418060200668900706e+00,1.190453818135550819e+02,1.168105975813731447e+02,1.212801660457370190e+02
9.712374581939799967e+00,1.200797004754700907e+02,1.178666159985375117e+02,1.222927849524026698e+02
1.000668896321069923e+01,1.210764305426461931e+02,1.189188763460288953e+02,1.232339847392634908e+02
1.030100334448160027e+01,1.220422080794013198e+02,1.199649736129564985e+02,1.241194425458461410e+02
1.059531772575249953e+01,1.229836691500534016e+02,1.210009211813312788e+02,1.249664171187755244e+02
1.088963210702340056e+01,1.239074498189203695e+02,1.220215033509650766e+02,1.257933962868756623e+02
1.118394648829429983e+01,1.248201861503201684e+02,1.230209278513339655e+02,1.266194444493063713e+02
1.147826086956520086e+01,1.257285142085707008e+02,1.239941363216271668e+02,1.274628920955142348e+02
1.177257525083610012e+01,1.266390700579899402e+02,1.249388896592205356e+02,1.283392504567593448e+02
1.206688963210699939e+01,1.275584897628957748e+02,1.258580590338496705e+02,1.292589204919418933e+02
1.236120401337790042e+01,1.284934093876061638e+02,1.267608703146682814e+02,1.302259484605440605e+02
1.265551839464879968e+01,1.294504649964390239e+02,1.276622007246761115e+02,1.312387292682019506e+02
1.294983277591970072e+01,1.304362926537123144e+02,1.285803899578760081e+02,1.322921953495486207e+02
1.324414715719059998e+01,1.314575284237439519e+02,1.295348631853395318e+02,1.333801936621483719e+02
1.353846153846149925e+01,1.325208083708518814e+02,1.305444322936479580e+02,1.344971844480558048e+02
1.383277591973240028e+01,1.336327685593539343e+02,1.316263170073780486e+02,1.356392201113298199e+02
1.412709030100329954e+01,1.347986106024111166e+02,1.327932013433224370e+02,1.368040198614997962e+02
1.442140468227420058e+01,1.360125688309151997e+02,1.340374632525148684e+02,1.379876744093155310e+02
1.471571906354519932e+01,1.372638151319856945e+02,1.353407944646764065e+02,1.391868357992949825e+02
1.501003344481610036e+01,1.385414941912977440e+02,1.366829028384056528e+02,1.404000855441898352e+02
1.530434782608699962e+01,1.398347506945266332e+02,1.380421648459375206e+02,1.416273365431157458e+02
1.559866220735790066e+01,1.411327293273476471e+02,1.393964699251284287e+02,1.428689887295668655e+02
1.589297658862879992e+01,1.424245747754359854e+02,1.407246038627131384e+02,1.441245456881588325e+02
1.618729096989969918e+01,1.436994317244669048e+02,1.420081587587289391e+02,1.453907046902048705e+02
1.648160535117060022e+01,1.449464448601156619e+02,1.432333682783753375e+02,1.466595214418559863e+02
1.677591973244150125e+01,1.461547588680574847e+02,1.443918906083194997e+02,1.479176271277954697e+02
1.707023411371239874e+01,1.473135184339676016e+02,1.454800443690500060e+02,1.491469924988851972e+02
1.736454849498329978e+01,1.484118682435213543e+02,1.464970169987203690e+02,1.503267194883223397e+02
1.765886287625420081e+01,1.494389529823938574e+02,1.474430184926968934e+02,1.514348874720908213e+02
1.795317725752509830e+01,1.503839173362604242e+02,1.483179688411415214e+02,1.524498658313793271e+02
1.824749163879599934e+01,1.512359059907962830e+02,1.491207411719312290e+02,1.533510708096613371e+02
1.854180602006690037e+01,1.519840641104710812e+02,1.498486972770029695e+02,1.541194309439391930e+02
1.883612040133780141e+01,1.526213652996980557e+02,1.504990755953224664e+02,1.547436550040736449e+02
1.913043478260869890e+01,1.531538662196006726e+02,1.510731803254498118e+02,1.552345521137515334e+02
1.942474916387959993e+01,1.535904158601858569e+02,1.515717726755811441e+02,1.556090590447905697e+02
1.971906354515050097e+01,1.539398632114606187e+02,1.519942046944366894e+02,1.558855217284845480e+02
2.001337792642139846e+01,1.542110572634317407e+02,1.523389038898633601e+02,1.560832106370001213e+02
2.030769230769229949e+01,1.544128470061061762e+02,1.526041294667642774e+02,1.562215645454480750e+02
2.060200668896320053e+01,1.545540814294907079e+02,1.527892151066827751e+02,1.563189477522986408e+02
2.089632107023410157e+01,1.546436095235924029e+02,1.528962443048468458e+02,1.563909747423379599e+02
2.119063545150499905e+01,1.546902802784179869e+02,1.529316298079080525e+02,1.564489307489279213e+02
2.148494983277590009e+01,1.547029426839744133e+02,1.529067814496139306e+02,1.564991039183348960e+02
2.177926421404680113e+01,1.546904457302685501e+02,1.528374403717700432e+02,1.565434510887670569e+02
2.207357859531769861e+01,1.546616384073073505e+02,1.527420856327041179e+02,1.565811911819105831e+02
2.236789297658859965e+01,1.546253697050976541e+02,1.526402298936789066e+02,1.566105095165164016e+02
2.266220735785950069e+01,1.545904886136463574e+02,1.525511414093607527e+02,1.566298358179319621e+02
2.295652173913040173e+01,1.545658441229603852e+02,1.524930462201160140e+02,1.566386420258047565e+02
2.325083612040129921e+01,1.545602248962825342e+02,1.524824696582232377e+02,1.566379801343418308e+02
2.354515050167220025e+01,1.545782969886902549e+02,1.525261750024646972e+02,1.566304189749158127e+02
2.383946488294310129e+01,1.546180290672924400e+02,1.526162153201256331e+02,1.566198428144592469e+02
2.413377926421399877e+01,1.546767761978060207e+02,1.527416637099349259e+02,1.566118886856771155e+02
2.442809364548499929e+01,1.547518934459483830e+02,1.528902587232556982e+02,1.566135281686410679e+02
2.472240802675590032e+01,1.548407358774367992e+02,1.530489886412760256e+02,1.566324831135975728e+02
2.501672240802680136e+01,1.549406585579883426e+02,1.532050316895763444e+02,1.566762854264003408e+02
2.531103678929769885e+01,1.550490165533203140e+02,1.533472046626577310e+02,1.567508284439828969e+02
2.560535117056859988e+01,1.551631649291500139e+02,1.534677010420886916e+02,1.568586288162113362e+02
2.589966555183950092e+01,1.552804587511946011e+02,1.535634178250350033e+02,1.569974996773541989e+02
2.619397993311039841e+01,1.553982530851712340e+02,1.536361078286347208e+02,1.571603983417077472e+02
2.648829431438129944e+01,1.555139029967972988e+02,1.536912528171621659e+02,1.573365531764324317e+02
2.678260869565220048e+01,1.556247635517898402e+02,1.537363238030278580e+02,1.575132033005518224e+02
2.707692307692310152e+01,1.557281898158661875e+02,1.537792063469943287e+02,1.576771732847380463e+02
2.737123745819399900e+01,1.558215368547436128e+02,1.538271248786087995e+02,1.578159488308784262e+02
2.766555183946490004e+01,1.559021597341392749e+02,1.538859661975695019e+02,1.579183532707090478e+02
2.795986622073580108e+01,1.559675144064318602e+02,1.539594952907757204e+02,1.579755335220879999e+02
2.825418060200669856e+01,1.560166998136872962e+02,1.540454568618552003e+02,1.579879427655193922e+02
2.854849498327759960e+01,1.560501515893878377e+02,1.541363041660543161e+02,1.579639990127213593e+02
2.884280936454850064e+01,1.560683441754081571e+02,1.542225349810358921e+02,1.579141533697804221e+02
2.913712374581940168e+01,1.560717520136229837e+02,1.542933455323831708e+02,1.578501584948627965e+02
2.943143812709029916e+01,1.560608495459071321e+02,1.543375300431528956e+02,1.577841690486613686e+02
2.972575250836120020e+01,1.560361112141353885e+02,1.543450142669612148e+02,1.577272081613095622e+02
3.002006688963210124e+01,1.559980114601825676e+02,1.543089402719844259e+02,1.576870826483807093e+02
3.031438127090299872e+01,1.559470247259233986e+02,1.542275424162750994e+02,1.576665070355716978e+02
3.060869565217389976e+01,1.558836254532326393e+02,1.541047340141994368e+02,1.576625168922658418e+02
3.090301003344480080e+01,1.558082880839851043e+02,1.539490266842557844e+02,1.576675494837144242e+02
3.119732441471569828e+01,1.557214870600556083e+02,1.537715244926452840e+02,1.576714496274659325e+02
3.149163879598659932e+01,1.556236968233188236e+02,1.535840493241544493e+02,1.576633443224831979e+02
3.178595317725750036e+01,1.555153918156495934e+02,1.533979116200344777e+02,1.576328720112647090e+02
3.208026755852839784e+01,1.553970464789226469e+02,1.532232551246723915e+02,1.575708378331729023e+02
3.237458193979929888e+01,1.552691352550127988e+02,1.530686723742389006e+02,1.574695981357866970e+02
3.266889632107019992e+01,1.551324292655205568e+02,1.529400477158471006e+02,1.573248108151940130e+02
3.296321070234110095e+01,1.549896184168642890e+02,1.528361656330719711e+02,1.571430712006566068e+02
3.325752508361200199e+01,1.548441560442486491e+02,1.527519215814143649e+02,1.569363905070829333e+02
3.355183946488290303e+01,1.546994974385310115e+02,1.526807029171520753e+02,1.567182919599099478e+02
3.384615384615379696e+01,1.545590978905685517e+02,1.526148677524356003e+02,1.565033280287015032e+02
3.414046822742479748e+01,1.544264126912185304e+02,1.525465078979892724e+02,1.563063174844477885e+02
3.443478260869569851e+01,1.543048971313382083e+02,1.524687457716514984e+02,1.561410484910249181e+02
3.472909698996659955e+01,1.541980065017847892e+02,1.523775303210199752e+02,1.560184826825496032e+02
3.502341137123750059e+01,1.541091960934155622e+02,1.522733747868916225e+02,1.559450173999395020e+02
3.531772575250840163e+01,1.540419211970877313e+02,1.521621364352778301e+02,1.559217059588976326e+02
3.561204013377930266e+01,1.539996371036585856e+02,1.520543463835217324e+02,1.559449278237954388e+02
3.590635451505019660e+01,1.539857991039853289e+02,1.519635150141385225e+02,1.560080831938321353e+02
3.620066889632109763e+01,1.540038624889252219e+02,1.519043103790018279e+02,1.561034145988486159e+02
3.649498327759199867e+01,1.540572825493355253e+02,1.518912079139864204e+02,1.562233571846846303e+02
3.678929765886289971e+01,1.541495145760734999e+02,1.519376808178628266e+02,1.563613483342841732e+02
3.708361204013380075e+01,1.542840117058121621e+02,1.520556944842602434e+02,1.565123289273640808e+02
3.737792642140470178e+01,1.544617419544898382e+02,1.522504481891955948e+02,1.566730357197840817e+02
3.767224080267560282e+01,1.546764018893158550e+02,1.525108881779432579e+02,1.568419156006884521e+02
3.796655518394649675e+01,1.549203651391346739e+02,1.528215862581955662e+02,1.570191440200737816e+02
3.826086956521739779e+01,1.551860053327906996e+02,1.531658162014211371e+02,1.572061944641602622e+02
3.855518394648829883e+01,1.554656960991282801e+02,1.535260536745279865e+02,1.574053385237285738e+02
3.884949832775919987e+01,1.557518110669919622e+02,1.538846858096134724e+02,1.576189363243704520e+02
3.914381270903010090e+01,1.560367238652260937e+02,1.542251153182386645e+02,1.578483324122135230e+02
3.943812709030100194e+01,1.563128081226750794e+02,1.545332323222969819e+02,1.580923839230531769e+02
3.973244147157190298e+01,1.565724374681833808e+02,1.547988477240620568e+02,1.583460272123047048e+02
4.002675585284279691e+01,1.568079855305954027e+02,1.550164072257774421e+02,1.585995638354133632e+02
4.032107023411369795e+01,1.570118259387555497e+02,1.551845434292550578e+02,1.588391084482560416e+02
4.061538461538459899e+01,1.571763323215081982e+02,1.553046909736168004e+02,1.590479736693995960e+02
4.090969899665550003e+01,1.572938783076978098e+02,1.553794338191817985e+02,1.592083227962138210e+02
4.120401337792640106e+01,1.573568375261688743e+02,1.554111133616247855e+02,1.593025616907129631e+02
4.149832775919730210e+01,1.573575836057657398e+02,1.554008005287976175e+02,1.593143666827338620e+02
4.179264214046820314e+01,1.572886334726560449e+02,1.553474636415251666e+02,1.592298033037869232e+02
4.208695652173909707e+01,1.571492737026451039e+02,1.552497785267691199e+02,1.590487688785210878e+02
4.238127090300999811e+01,1.569483491789966934e+02,1.551071242836879094e+02,1.587895740743054773e+02
4.267558528428089915e+01,1.566954267026848697e+02,1.549166010024440538e+02,1.584742524029256856e+02
4.296989966555180018e+01,1.564000730746834620e+02,1.546737303015988516e+02,1.581264158477680724e+02
4.326421404682270122e+01,1.560718550959663844e+02,1.543742140692623934e+02,1.577694961226703754e+02
4.355852842809370173e+01,1.557203395675075797e+02,1.540166802028029736e+02,1.574239989322121858e+02
4.385284280936460277e+01,1.553550932902810189e+02,1.536056058909528872e+02,1.571045806896091506e+02
4.414715719063549670e+01,1.549856830652604742e+02,1.531527240676639963e+02,1.568186420628569522e+02
4.444147157190639774e+01,1.546216756934200021e+02,1.526759605640967550e+02,1.565673908227432491e+02
4.473578595317729878e+01,1.542726379757334882e+02,1.521968217253543401e+02,1.563484542261126364e+02
4.503010033444819982e+01,1.539481367131747902e+02,1.517378880075509642e+02,1.561583854187986162e+02
4.532441471571910085e+01,1.536577387067179359e+02,1.513212559448212176e+02,1.559942214686146542e+02
4.561872909699000189e+01,1.534110107573368111e+02,1.509678363501326146e+02,1.558541851645410077e+02
4.591304347826090293e+01,1.532175196660052165e+02,1.506970969032336427e+02,1.557379424287767904e+02
4.620735785953179686e+01,1.530868322336972085e+02,1.505268935112974305e+02,1.556467709560969865e+02
4.650167224080269790e+01,1.530277630123156314e+02,1.504718635949871839e+02,1.555836624296440789e+02
4.679598662207359894e+01,1.530391666541702875e+02,1.505274584478249835e+02,1.555508748605155915e+02
4.709030100334449997e+01,1.531128437352127207e+02,1.506751843934862336e+02,1.555505030769392079e+02
4.738461538461540101e+01,1.532404455134363843e+02,1.508947264785583684e+02,1.555861645483144002e+02
4.767892976588630205e+01,1.534136232468347032e+02,1.511645763973844510e+02,1.556626700962849554e+02
4.797324414715720309e+01,1.536240281934011875e+02,1.514627111415466061e+02,1.557853452452557690e+02
4.826755852842809702e+01,1.538633116111293191e+02,1.517678999134294884e+02,1.559587233088291498e+02
4.856187290969899806e+01,1.541231247580125228e+02,1.520617322066162842e+02,1.561845173094087613e+02
4.885618729096989910e+01,1.543951188920443940e+02,1.523308612687707750e+02,1.564593765153180129e+02
4.915050167224080013e+01,1.546709452712182440e+02,1.525683528694305551e+02,1.567735376730059329e+02
4.944481605351170117e+01,1.549422551535276966e+02,1.527732540367896661e+02,1.571112562702657272e+02
4.973913043478260221e+01,1.552006997969661199e+02,1.529486328191713085e+02,1.574527667747609314e+02
5.003344481605350325e+01,1.554379304595270810e+02,1.530992009087367478e+02,1.577766600103174142e+02
5.032775919732439718e+01,1.556455983992040046e+02,1.532294270064896011e+02,1.580617697919184081e+02
5.062207357859529822e+01,1.558153548739903442e+02,1.533423359290810026e+02,1.582883738188996858e+02
5.091638795986619925e+01,1.559388511418796384e+02,1.534387056020045463e+02,1.584389966817547304e+02
5.121070234113710029e+01,1.560094696588161867e+02,1.535165904964952404e+02,1.585023488211371330e+02
5.150501672240800133e+01,1.560301083029847575e+02,1.535724157919285346e+02,1.584878008140409804e+02
5.179933110367890237e+01,1.560069169830785825e+02,1.536006426034311687e+02,1.584131913627259962e+02
5.209364548494980340e+01,1.559460484267577840e+02,1.535942075503971864e+02,1.582978893031183816e+02
5.238795986622069734e+01,1.558536553616823142e+02,1.535457715655347783e+02,1.581615391578298500e+02
5.268227424749159837e+01,1.557358905155122955e+02,1.534494602516064674e+02,1.580223207794181235e+02
5.297658862876249941e+01,1.555989066159077368e+02,1.533029699104055794e+02,1.578948433214098941e+02
5.327090301003349992e+01,1.554488563905287606e+02,1.531093619428704642e+02,1.577883508381870570e+02
5.356521739130440096e+01,1.552918925670352905e+02,1.528776677293912201e+02,1.577061174046793610e+02
5.385953177257530200e+01,1.551341678730875060e+02,1.526219837226559832e+02,1.576463520235190288e+02
5.415384615384620304e+01,1.549818350363453590e+02,1.523596077120481027e+02,1.576040623606426152e+02
5.444816053511709697e+01,1.548410467844689720e+02,1.521090966295329849e+02,1.575729969394049590e+02
5.474247491638799801e+01,1.547179558451183539e+02,1.518887800805661357e+02,1.575471316096705721e+02
5.503678929765889905e+01,1.546187149459535988e+02,1.517157673077193749e+02,1.575216625841878226e+02
5.533110367892980008e+01,1.545494768146346871e+02,1.516052029277972792e+02,1.574937507014720950e+02
5.562541806020070112e+01,1.545163852986483448e+02,1.515694175623903845e+02,1.574633530349063051e+02
5.591973244147160216e+01,1.545221176889056380e+02,1.516099546490147816e+02,1.574342807287964945e+02
5.621404682274250320e+01,1.545606385106401319e+02,1.517072348651578295e+02,1.574140421561224343e+02
5.650836120401339713e+01,1.546245651338923608e+02,1.518365435990002084e+02,1.574125866687845132e+02
5.680267558528429817e+01,1.547065149287028589e+02,1.519721562550597866e+02,1.574408736023459312e+02
5.709698996655519920e+01,1.547991052651122459e+02,1.520895419830061996e+02,1.575086685472182921e+02
5.739130434782610024e+01,1.548949535131610560e+02,1.521683553529748565e+02,1.576215516733472555e+02
5.768561872909700128e+01,1.549866770428898803e+02,1.521953056771666297e+02,1.577780484086131310e+02
5.797993311036790232e+01,1.550668932243392533e+02,1.521654458013645694e+02,1.579683406473139371e+02
5.827424749163880335e+01,1.551282194275498227e+02,1.520811512698995500e+02,1.581752875852000955e+02
5.856856187290969729e+01,1.551632730225620378e+02,1.519495446820087068e+02,1.583770013631153688e+02
5.886287625418059832e+01,1.551646713794165464e+02,1.517797906971932775e+02,1.585495520616398153e+02
5.915719063545149936e+01,1.551250318681539397e+02,1.515811592995621879e+02,1.586689044367456916e+02
5.945150501672240040e+01,1.550369718588147521e+02,1.513619536751069461e+02,1.587119900425225580e+02
5.974581939799330144e+01,1.548931087214395461e+02,1.511289931278596725e+02,1.586572243150194197e+02
6.004013377926420247e+01,1.546860598260688562e+02,1.508872903654156801e+02,1.584848292867220323e+02
6.033444816053510351e+01,1.544086778355115541e+02,1.506396185680142423e+02,1.581777371030088659e+02
6.062876254180599744e+01,1.540619196859510396e+02,1.503860938416391662e+02,1.577377455302629130e+02
6.092307692307689848e+01,1.536567036535010402e+02,1.501241691105741154e+02,1.571892381964279650e+02
6.121739130434779952e+01,1.532045596835613992e+02,1.498487039107888279e+02,1.565604154563339705e+02
6.151170568561870056e+01,1.527170177215319598e+02,1.495521262451721896e+02,1.558819091978917299e+02
6.180602006688960159e+01,1.522056077128125082e+02,1.492248035463833276e+02,1.551864118792416889e+02
6.210033444816050263e+01,1.516818596028030299e+02,1.488562587400027155e+02,1.545074604656033443e+02
6.239464882943139656e+01,1.511573033369031975e+02,1.484379695459447817e+02,1.538766371278616134e+02
6.268896321070229760e+01,1.506434688605129679e+02,1.479678064108685192e+02,1.533191313101574167e+02
6.298327759197319864e+01,1.501518861190321843e+02,1.474543788551561931e+02,1.528493933829081755e+02
6.327759197324409968e+01,1.496940850578606046e+02,1.469183359097084747e+02,1.524698342060127345e+02
6.357190635451510019e+01,1.492815956223982141e+02,1.463894679445651832e+02,1.521737233002312450e+02
6.386622073578600123e+01,1.489259477580447708e+02,1.459017326108476595e+02,1.519501629052418821e+02
6.416053511705689516e+01,1.486386714102000894e+02,1.454890426521178313e+02,1.517883001682823476e+02
6.445484949832780330e+01,1.484312965242641553e+02,1.451828474364452006e+02,1.516797456120831100e+02
6.474916387959869724e+01,1.483153530456365559e+02,1.450109649738672317e+02,1.516197411174058800e+02
6.504347826086960538e+01,1.483011575791913970e+02,1.449945529208111736e+02,1.516077622375716203e+02
6.533779264214049931e+01,1.483857832587886776e+02,1.451259310203528230e+02,1.516456354972245322e+02
6.563210702341139324e+01,1.485581511384046109e+02,1.453782979493398955e+02,1.517380043274693264e+02
6.592642140468230139e+01,1.488070629813670678e+02,1.457212510195830930e+02,1.518928749431510425e+02
6.622073578595319532e+01,1.491213205510040893e+02,1.461223273132200120e+02,1.521203137887881667e+02
6.651505016722410346e+01,1.494897256106436600e+02,1.465491646805766948e+02,1.524302865407106253e+02
6.680936454849499739e+01,1.499010799236136791e+02,1.469728832895127653e+02,1.528292765577145929e+02
6.710367892976590554e+01,1.503441852532422160e+02,1.473720104490061544e+02,1.533163600574782777e+02
6.739799331103679947e+01,1.508078433628572270e+02,1.477350811504956596e+02,1.538806055752187945e+02
6.769230769230769340e+01,1.512808560157866964e+02,1.480602863062401866e+02,1.545014257253332062e+02
6.798662207357860154e+01,1.517520249753585233e+02,1.483525086291471098e+02,1.551515413215699368e+02
6.828093645484949548e+01,1.522101520049008059e+02,1.486196365874678520e+02,1.558006674223337598e+02
6.857525083612040362e+01,1.526440388677414433e+02,1.488697098818957159e+02,1.564183678535871707e+02
6.886956521739129755e+01,1.530424873272084767e+02,1.491092490334105776e+02,1.569757256210063758e+02
6.916387959866220569e+01,1.533942991466298906e+02,1.493423689413458533e+02,1.574462293519139280e+02
6.945819397993309963e+01,1.536882760893335558e+02,1.495701212495528978e+02,1.578064309291142138e+02
6.975250836120399356e+01,1.539154078514042112e+02,1.497892752700193739e+02,1.580415404327890485e+02
7.004682274247490170e+01,1.540769353742233818e+02,1.499907825434593462e+02,1.581630882049874174e+02
7.034113712374579563e+01,1.541770993780346544e+02,1.501622674377336182e+02,1.581919313183356905e+02
7.063545150501670378e+01,1.542201409582414158e+02,1.502897500830292188e+02,1.581505318334536128e+02
7.092976588628759771e+01,1.542103012102470245e+02,1.503589862590801260e+02,1.580616161614139230e+02
7.122408026755850585e+01,1.541518212294548675e+02,1.503572802015251284e+02,1.579463622573846067e+02
7.151839464882939978e+01,1.540489421112684170e+02,1.502757513015815221e+02,1.578221329209553119e+02
7.181270903010029372e+01,1.539059049510910029e+02,1.501115467512173325e+02,1.577002631509646733e+02
7.210702341137120186e+01,1.537269508443259838e+02,1.498691423368773883e+02,1.575847593517745793e+02
7.240133779264219527e+01,1.535163208863768602e+02,1.495600909624186556e+02,1.574725508103350649e+02
7.269565217391300394e+01,1.532782561726469055e+02,1.492013317296478192e+02,1.573551806156459918e+02
7.298996655518399734e+01,1.530169977985396486e+02,1.488128159838938700e+02,1.572211796131854271e+02
7.328428093645490549e+01,1.527367868594583342e+02,1.484152311157471900e+02,1.570583426031694785e+02
7.357859531772579942e+01,1.524418644508064915e+02,1.480281704762931270e+02,1.568555584253198560e+02
7.387290969899669335e+01,1.521364716679873936e+02,1.476686468789233118e+02,1.566042964570514755e+02
7.416722408026760149e+01,1.518248509988136732e+02,1.473495500630389756e+02,1.563001519345883708e+02
7.446153846153849543e+01,1.515115040714833867e+02,1.470730642332255513e+02,1.559499439097412221e+02
7.475585284280940357e+01,1.512014939161355187e+02,1.468254445241852579e+02,1.555775433080857795e+02
7.505016722408029750e+01,1.508999569907319369e+02,1.465887594320267624e+02,1.552111545494371114e+02
7.534448160535120564e+01,1.506120297532345944e+02,1.463448468245566403e+02,1.548792126819125485e+02
7.563879598662209958e+01,1.503428486616055295e+02,1.460785464862667595e+02,1.546071508369442995e+02
7.593311036789299351e+01,1.500975501738067805e+02,1.457812866307396575e+02,1.544138137168739036e+02
7.622742474916390165e+01,1.498812707478001869e+02,1.454538404121672102e+02,1.543087010834331636e+02
7.652173913043479558e+01,1.496991468415478153e+02,1.451069764418435852e+02,1.542913172412520453e+02
7.681605351170570373e+01,1.495563149130116471e+02,1.447597542547281080e+02,1.543528755712951863e+02
7.711036789297659766e+01,1.494579114201536072e+02,1.444364721994176080e+02,1.544793506408896064e+02
7.740468227424750580e+01,1.494090728209357906e+02,1.441636070451763487e+02,1.546545385966952324e+02
7.769899665551839973e+01,1.494149355733200082e+02,1.439675000590216030e+02,1.548623710876184134e+02
7.799331103678929367e+01,1.494806361352683837e+02,1.438728269502290402e+02,1.550884453203077271e+02
7.828762541806020181e+01,1.496113109647428132e+02,1.439015009156708516e+02,1.553211210138147749e+02
7.858193979933109574e+01,1.498120965197053067e+02,1.440715425339191142e+02,1.555526505054914992e+02
7.887625418060200388e+01,1.500876879417237149e+02,1.443945070822808532e+02,1.557808688011665765e+02
7.917056856187289782e+01,1.504312565055911932e+02,1.448515117414541464e+02,1.560110012697282400e+02
7.946488294314380596e+01,1.508236305506278541e+02,1.453938205929024150e+02,1.562534405083532931e+02
7.975919732441469989e+01,1.512450330438708193e+02,1.459696202730781920e+02,1.565204458146634465e+02
8.005351170568559382e+01,1.516756869523572675e+02,1.465283399795875425e+02,1.568230339251269925e+02
8.034782608695650197e+01,1.520958152431245480e+02,1.470248407120732281e+02,1.571667897741758679e+02
8.064214046822739590e+01,1.524856408832098111e+02,1.474240397863992484e+02,1.575472419800203738e+02
8.093645484949830404e+01,1.528253868396502924e+02,1.477041327846117440e+02,1.579466408946888407e+02
8.123076923076919797e+01,1.530952760794832557e+02,1.478565621758743021e+02,1.583339899830922093e+02
8.152508361204010612e+01,1.532755315697459082e+02,1.478825419248402397e+02,1.586685212146515767e+02
8.181939799331100005e+01,1.533463762774754002e+02,1.477877585386459600e+02,1.589049940163048404e+02
8.211371237458199346e+01,1.532880331697090242e+02,1.475770818527797985e+02,1.589989844866382498e+02
8.240802675585280213e+01,1.530807252134840155e+02,1.472499760073113748e+02,1.589114744196566562e+02
8.270234113712379553e+01,1.527046753758376383e+02,1.467961078752040294e+02,1.586132428764712472e+02
8.299665551839470368e+01,1.521401066238070143e+02,1.461900669396518424e+02,1.580901463079621863e+02
8.329096989966559761e+01,1.513672419244294645e+02,1.453842366660030052e+02,1.573502471828559237e+02
8.358528428093650575e+01,1.503720251093831166e+02,1.443053412998164617e+02,1.564387089189497715e+02
8.387959866220739968e+01,1.491924402808653554e+02,1.429054896931594385e+02,1.554793908685712722e+02
8.417391304347829362e+01,1.478942502584484089e+02,1.411956063343361905e+02,1.545928941825606273e+02
8.446822742474920176e+01,1.465434784696053612e+02,1.392484161506906446e+02,1.538385407885200777e+02
8.476254180602009569e+01,1.452061483418094952e+02,1.371881349868705229e+02,1.532241616967484674e+02
8.505685618729100383e+01,1.439482833025338380e+02,1.351648297865133657e+02,1.527317368185543103e+02
8.535117056856189777e+01,1.428359067792515589e+02,1.333332059435449537e+02,1.523386076149581640e+02
8.564548494983280591e+01,1.419350421994359408e+02,1.318413269293956489e+02,1.520287574694762327e+02
8.593979933110369984e+01,1.413117129905599541e+02,1.308249834940727681e+02,1.517984424870471400e+02
8.623411371237459377e+01,1.410319425800969384e+02,1.304022400200421998e+02,1.516616451401516770e+02
8.652842809364550192e+01,1.411617543955199494e+02,1.306630529110083501e+02,1.516604558800315488e+02
8.682274247491639585e+01,1.417671718643021279e+02,1.316466865194147147e+02,1.518876572091895412e+02
8.711705685618730399e+01,1.429142184139167000e+02,1.332942054153339484e+02,1.525342314124994516e+02
8.741137123745819792e+01,1.446689174718366928e+02,1.353656685502374160e+02,1.539721663934359697e+02
8.770568561872910607e+01,1.470972924655354745e+02,1.373837795064322904e+02,1.568108054246386587e+02
8.800000000000000000e+01,1.502653668224859018e+02,1.388269725165606303e+02,1.617037611284111733e+02
