mean,sd
1.206993665003160743e+02,9.830907348099312548e-01
-5.732526879920384744e+01,2.282890598361137169e+00
-3.676316687721303111e+01,3.181821406937054508e+00
-2.314298149221382772e+01,3.333229893518037112e+00
-2.461871871272366397e-01,3.146850607873339811e+00
1.083349762629202218e+01,2.843542025095992187e+00
3.595814687137785626e+01,2.875796595457365434e+00
3.282242291461729877e+01,2.810571132945487438e+00
3.591261502940356110e+01,2.787611625868442022e+00
3.492088370932764008e+01,2.951584942665868461e+00
3.169622411928303052e+01,2.948571934542915329e+00
3.970459790391689836e+01,2.807596576055695792e+00
2.922450672581245712e+01,3.380554410665293830e+00
3.753969319860673437e+01,3.365416255159034975e+00
3.211343486225371890e+01,3.868799964004160596e+00
3.692414572102707382e+01,4.843578329256021497e+00
2.320023577639489787e+01,4.612348849518292049e+00
3.587621530081786858e+01,5.161524961873160677e+00
3.131030947903903439e+01,5.563353031422221484e+00
2.603091791413389799e+01,7.181979500919848824e+00
4.005584772075729916e+01,9.046259819303692495e+00
1.089197185773987009e+01,1.250250495481019009e+01
2.956600032216982399e+01,7.214629419661645393e+00
0.000000000000000000e+00,2.500000000000000000e+01
2.012458006954380707e+00,3.006423049404440342e-02
