"a0","a___1","a___2","a___3","a___4","a___5","a___6","a___7","a___8","a___9","a___10","a___11","a___12","a___13","a___14","a___15","a___16","a___17","a___18","a___19","a___20","a___21","a___22","a___23","log_sigma"
0.966474936388274,-0.962759765103488,-0.96288976471444,-0.965042232442266,-0.964244041660548,-0.964678313901063,-0.964027824078319,-0.964213769558624,-0.964531559144277,-0.964350425588815,-0.963069444713648,-0.965632351669665,-0.96275893920743,-0.963388314065254,-0.962866736878006,-0.956186752653027,-0.966378762704914,-0.953426823985378,-0.95876605030098,-0.938502758889583,-0.982778531043546,-0.81083944236524,-0.896793410966902,0,-1.54540720633129e-05
-0.962759765103488,5.21160346408084,-1.92664555440965,2.56803615397826,0.109548242086984,1.41177271259405,0.708508371221412,1.09088885074073,0.892194645750603,1.00064197416325,0.937850223621863,0.972322396835027,0.951864841582281,0.96347626389529,0.95692574758022,0.95325488714283,0.962158071460508,0.949678969623728,0.954150956552658,0.93573310811497,0.975900488558669,0.808850835335921,0.890921630443068,0,0.000524188060770045
-0.96288976471444,-1.92664555440965,10.1240537584425,-5.36362697645118,4.54782504384756,-0.963454984870437,2.0380394729479,0.401808818443662,1.2547242422772,0.788808430309512,1.0516631411778,0.916598764669438,0.990459309520912,0.942025381469925,0.969604690436197,0.945956309292542,0.966838769761872,0.947220792361377,0.956402072527976,0.934408929637546,0.979250997985502,0.807774451013034,0.893136482699515,0,7.43721806699255e-05
-0.965042232442267,2.56803615397826,-5.36362697645118,11.110456512613,-5.94712444052573,4.78435265541245,-1.19204040273067,2.08170629834738,0.374608031840435,1.30730365296628,0.777002271409291,1.05509042544877,0.898766757067649,0.997310531610694,0.9409301913287,0.967472483112399,0.957221757994371,0.956772458111662,0.954429447649281,0.93889757165738,0.978659076978155,0.810640773614162,0.894098395077697,0,0.000316851631904286
-0.964244041660548,0.109548242086984,4.54782504384756,-5.94712444052573,9.90269576056537,-4.36071400065038,4.01232693964959,-0.627537643305701,1.79893098892851,0.472390079608021,1.22339639760327,0.834095723010193,1.04953441576746,0.910782230215665,0.989852060453937,0.935678871958471,0.97524780919714,0.94426954873088,0.96048473160102,0.933986787542978,0.983381773613209,0.807766148361068,0.89590842850088,0,-0.000249749220422899
-0.964678313901063,1.41177271259405,-0.963454984870438,4.78435265541245,-4.36071400065038,8.08572281444506,-3.6438046566472,3.41911363762714,-0.337142282336672,1.72449918168143,0.552725345143851,1.16513794584881,0.82243480870694,1.04013684857982,0.915569050255234,0.983171591892554,0.94716839305466,0.962698526471393,0.951120088034299,0.940143202393051,0.977599348608066,0.810878535468538,0.894125701597068,0,0.000237401657112745
-0.964027824078318,0.708508371221411,2.0380394729479,-1.19204040273068,4.01232693964959,-3.6438046566472,8.27017939502542,-3.38945944689933,3.3185066833478,-0.426954169723798,1.70617191458758,0.595758813197639,1.21320562131855,0.817587831064628,1.04348189188238,0.901299011423294,0.995689281479737,0.930899952110955,0.966999437637941,0.930048573720507,0.986290456411189,0.806096749669805,0.896445714512046,0,-0.000395963909853128
-0.964213769558625,1.09088885074073,0.401808818443662,2.08170629834738,-0.627537643305702,3.41911363762714,-3.38945944689933,7.89935268236077,-3.29550580545011,3.54118526361702,-0.431037543188401,1.65043633623556,0.487516302576654,1.22973661537942,0.805068937329924,1.05325837240606,0.904086163029469,0.989843818385518,0.937549895832381,0.94661676746659,0.973823763111925,0.812280031490053,0.894698823734081,0,1.51022279672884e-05
-0.964531559144276,0.892194645750603,1.2547242422772,0.374608031840434,1.79893098892851,-0.337142282336672,3.3185066833478,-3.29550580545011,7.77084232427909,-3.71227331248983,3.54244689188206,-0.316641437281616,1.84353205376106,0.460159859456945,1.25124518041021,0.76916444827322,1.07634534412125,0.87960580329418,0.992478552728442,0.917177368666488,0.994185786188552,0.802614448818591,0.895879314346409,0,-0.000158559818852425
-0.964350425588815,1.00064197416325,0.788808430309511,1.30730365296628,0.47239007960802,1.72449918168143,-0.426954169723798,3.54118526361702,-3.71227331248983,8.71192466697212,-3.78798422259894,3.36806742520172,-0.707232181009085,1.909651985379,0.411411150763514,1.30506840335801,0.752101783489602,1.08805832714544,0.889891206225047,0.97250308476496,0.958335258199253,0.820521011872363,0.895620491894456,0,-0.000178476092415229
-0.963069444713648,0.937850223621864,1.0516631411778,0.77700227140929,1.22339639760327,0.552725345143851,1.70617191458758,-0.4310375431884,3.54244689188206,-3.78798422259894,8.69414686150214,-3.4455217822623,4.11690713287252,-0.844003711282017,2.00586670716315,0.284563785589847,1.36696158553374,0.690005041560456,1.08318609661341,0.86590045057599,1.02416909783082,0.785283688721421,0.894031762576004,0,-2.22320851336227e-05
-0.965632351669664,0.972322396835027,0.916598764669438,1.05509042544877,0.834095723010192,1.16513794584881,0.595758813197639,1.65043633623556,-0.316641437281616,3.36806742520172,-3.4455217822623,7.88260714539452,-4.82971266888769,4.3432487918923,-1.01041769818729,2.2176296016679,0.202362749848178,1.44423442902921,0.717115901201833,1.0680049573875,0.899595371760698,0.852183149941983,0.897212563714851,0,-0.000323388493069526
-0.96275893920743,0.951864841582281,0.990459309520913,0.898766757067648,1.04953441576746,0.822434808706941,1.21320562131855,0.487516302576654,1.84353205376106,-0.707232181009085,4.11690713287252,-4.82971266888769,11.4281852756998,-5.61357081079319,4.86813604261765,-1.56158237474107,2.48370424645488,-0.0298292803413857,1.43590899565352,0.674283537784628,1.1462443496828,0.722791530848137,0.893466763038013,0,0.000181407222531084
-0.963388314065253,0.963476263895289,0.942025381469926,0.997310531610693,0.910782230215666,1.04013684857982,0.81758783106463,1.22973661537941,0.460159859456946,1.909651985379,-0.844003711282018,4.3432487918923,-5.6135708107932,11.3260215494801,-6.21542873280164,5.74710877548766,-1.95028891500632,2.82884640620905,0.0340508517300148,1.43480626129719,0.660876751508662,0.970068938564697,0.895012175668388,0,-0.000599409680574366
-0.962866736878006,0.95692574758022,0.969604690436198,0.9409301913287,0.989852060453937,0.915569050255235,1.04348189188237,0.805068937329924,1.25124518041021,0.411411150763516,2.00586670716315,-1.01041769818729,4.86813604261765,-6.21542873280163,14.9675980766098,-9.87319531031688,7.64784663312538,-3.37380635398392,3.08039680534781,-0.217145620316802,1.71994607658925,0.43323045066126,0.896376090994858,0,0.000301377214720739
-0.956186752653027,0.95325488714283,0.945956309292543,0.967472483112398,0.935678871958472,0.983171591892554,0.901299011423295,1.05325837240606,0.76916444827322,1.30506840335801,0.284563785589847,2.21762960166789,-1.56158237474107,5.74710877548766,-9.87319531031688,23.4601308087625,-13.9029269439714,10.6858975067799,-3.85441773124139,3.53512476488431,-0.700213525392106,1.64843139327138,0.884133352206518,0,-0.00140099791528212
-0.966378762704915,0.962158071460509,0.966838769761873,0.957221757994372,0.975247809197139,0.94716839305466,0.995689281479737,0.904086163029469,1.07634534412125,0.752101783489605,1.36696158553374,0.20236274984818,2.48370424645487,-1.95028891500632,7.64784663312538,-13.9029269439714,21.2735861260636,-13.9496506447099,8.49959120838194,-3.19807237475487,3.65155949013424,-0.541220137754513,0.90914289455861,0,0.000774885692996797
-0.953426823985377,0.949678969623727,0.947220792361377,0.956772458111661,0.944269548730881,0.962698526471394,0.930899952110956,0.989843818385517,0.879605803294179,1.08805832714544,0.690005041560455,1.44423442902921,-0.0298292803413844,2.82884640620905,-3.37380635398392,10.6858975067799,-13.9496506447099,26.6410462951027,-13.8210975920385,9.41435159089957,-4.57452706579313,3.63479654399014,0.85557490012878,0,-0.00119584548403511
-0.958766050300981,0.954150956552658,0.956402072527976,0.954429447649281,0.960484731601021,0.951120088034297,0.966999437637942,0.937549895832381,0.992478552728441,0.88989120622505,1.08318609661341,0.717115901201836,1.43590899565352,0.0340508517300157,3.08039680534781,-3.85441773124139,8.49959120838194,-13.8210975920385,30.950990204574,-20.645427604197,15.7860320855724,-7.04637567743907,1.00227578874622,0,-0.00113359135651496
-0.938502758889583,0.93573310811497,0.934408929637547,0.938897571657378,0.933986787542978,0.940143202393052,0.930048573720508,0.946616767466589,0.917177368666488,0.972503084764958,0.865900450575989,1.0680049573875,0.674283537784629,1.43480626129718,-0.217145620316801,3.53512476488431,-3.19807237475487,9.41435159089957,-20.645427604197,51.5811174543132,-38.616305150522,23.6085015407847,0.485438820256286,0,0.00123479430583685
-0.982778531043546,0.975900488558668,0.979250997985502,0.978659076978156,0.98338177361321,0.977599348608064,0.986290456411189,0.973823763111926,0.994185786188552,0.958335258199255,1.02416909783082,0.899595371760701,1.1462443496828,0.660876751508667,1.71994607658924,-0.700213525392098,3.65155949013423,-4.5745270657931,15.7860320855723,-38.616305150522,81.8341698831517,-63.5299984804722,2.62359840863482,0,-0.00529081630941555
-0.81083944236524,0.80885083533592,0.807774451013035,0.810640773614159,0.807766148361067,0.810878535468537,0.806096749669805,0.812280031490051,0.802614448818591,0.820521011872361,0.785283688721421,0.852183149941981,0.722791530848138,0.970068938564693,0.433230450661261,1.64843139327138,-0.541220137754515,3.63479654399014,-7.04637567743908,23.6085015407847,-63.5299984804722,156.311349759535,-6.82704783311945,0,0.00192995030157629
-0.896793410966902,0.890921630443069,0.893136482699515,0.894098395077697,0.89590842850088,0.894125701597069,0.896445714512047,0.894698823734081,0.895879314346409,0.895620491894457,0.894031762576004,0.897212563714852,0.893466763038013,0.895012175668389,0.896376090994856,0.884133352206523,0.909142894558603,0.855574900128793,1.00227578874622,0.485438820256291,2.62359840863482,-6.82704783311945,52.0511949418731,0,-0.00429810678638936
0,0,0,0,0,0,0,0,0,0,0,0,0,0,0,0,0,0,0,0,0,0,0,624.988846256075,0
-1.54540720633688e-05,0.000524188060770101,7.43721806699811e-05,0.000316851631904342,-0.000249749220422844,0.000237401657112801,-0.000395963909853073,1.51022279673444e-05,-0.00015855981885237,-0.000178476092415171,-2.22320851335699e-05,-0.000323388493069465,0.000181407222531128,-0.000599409680574288,0.000301377214720743,-0.00140099791528195,0.000774885692996678,-0.00119584548403477,-0.00113359135651476,0.00123479430583654,-0.00529081630941409,0.00192995030157472,-0.00429810678638913,0,0.000903857001322069
