"parameter","mean","sd"
"a0",120.699397176637,0.983094571436682
"a[1]",-57.3253320484244,2.28289366026559
"a[2]",-36.7632205325897,3.18183182434937
"a[3]",-23.1428648616999,3.33323514211238
"a[4]",-0.246285331040162,3.14685489982703
"a[5]",10.8335494560427,2.84354054207867
"a[6]",35.9580037347836,2.8757919596218
"a[7]",32.8223941227621,2.81057870951176
"a[8]",35.9126239246085,2.78762305993459
"a[9]",34.9207940745142,2.95159696892583
"a[10]",31.6962172557895,2.9485838739134
"a[11]",39.704639380042,2.80759810966501
"a[12]",29.224335702376,3.3805599056517
"a[13]",37.539658494013,3.36541550918755
"a[14]",32.1132850739474,3.86879801444968
"a[15]",36.9245807273484,4.84356591869693
"a[16]",23.1996332153204,4.61232979372287
"a[17]",35.8768512914462,5.16149651700965
"a[18]",31.3095861465632,5.56336141236339
"a[19]",26.0318290738856,7.18199954429915
"a[20]",40.0553071235992,9.04622406770647
"a[21]",10.891059342092,12.5024537495459
"a[22]",29.566247983566,7.21465140820214
"a[23]",0,24.9997769241262
"log_sigma",2.01245814929846,0.0300642146300559
