"步数","链1运行均值","链2运行均值"
100,2.489,2.5103
600,2.4965,2.5047
1100,2.493,2.5027
1600,2.4951,2.5023
2100,2.4964,2.502
2600,2.4967,2.5019
3100,2.4971,2.5009
3600,2.4974,2.5004
4100,2.4981,2.5
4600,2.498,2.4991
5100,2.4978,2.4996
5600,2.4976,2.4998
6100,2.4982,2.5003
6600,2.4987,2.5005
7100,2.4994,2.5005
7600,2.4994,2.5001
8100,2.5,2.4999
8600,2.4995,2.5
9100,2.4996,2.5
9600,2.4994,2.4997
10100,2.4995,2.4993
10600,2.4994,2.4991
11100,2.4994,2.4991
11600,2.4994,2.499
12100,2.4994,2.4987
12600,2.4995,2.4991
13100,2.4998,2.4991
13600,2.4998,2.4991
14100,2.4999,2.4988
14600,2.5,2.4988
15100,2.4999,2.4986
15600,2.4997,2.4985
16100,2.4999,2.4983
16600,2.4996,2.4984
17100,2.4999,2.4984
17600,2.4997,2.4984
