"Divorce","Marriage","MedianAgeMarriage"
12.7,20.2,25.3
12.5,26,25.2
10.8,20.3,25.8
13.5,26.4,24.3
8,19.1,26.8
11.6,23.5,25.7
6.7,17.1,27.6
8.9,23.1,26.6
6.3,17.7,29.7
8.5,17,26.4
11.5,22.1,25.9
8.3,24.9,26.9
7.7,25.8,23.2
8,17.9,27
11,19.8,25.7
10.2,21.5,25.4
10.6,22.1,25
12.6,22.2,24.8
11,20.6,25.9
13,13.5,26.4
8.8,18.3,27.3
7.8,15.8,28.5
9.2,16.5,26.4
7.4,15.3,26.3
11.1,19.3,25.8
9.5,18.6,25.6
9.1,18.5,25.7
8.8,19.6,25.4
10.1,16.7,26.8
6.1,14.8,27.7
10.2,20.4,25.8
6.6,16.8,28.4
9.9,20.4,25.7
8,26.7,25.3
9.5,16.9,26.3
12.8,23.8,24.4
10.4,18.9,26
7.7,15.5,27.1
9.4,15,28.2
8.1,18.1,26.4
10.9,20.1,25.6
11.4,19.4,25.2
10,21.5,25.2
10.2,29.6,23.3
9.6,16.4,26.9
8.9,20.5,26.4
10,21.4,25.9
10.9,22.2,25
8.3,17.2,26.3
10.3,30.7,24.2
