model,X,Z,Y,A,probability
1,0,0,0,0,0.2025
1,0,0,0,1,0.2025
1,0,0,1,0,0.022500000000000003
1,0,0,1,1,0.022500000000000003
1,0,1,0,0,0.0024999999999999988
1,0,1,0,1,0.0024999999999999988
1,0,1,1,0,0.022499999999999996
1,0,1,1,1,0.022499999999999996
1,1,0,0,0,0.022500000000000003
1,1,0,0,1,0.022500000000000003
1,1,0,1,0,0.0025000000000000005
1,1,0,1,1,0.0025000000000000005
1,1,1,0,0,0.022499999999999996
1,1,1,0,1,0.022499999999999996
1,1,1,1,0,0.2025
1,1,1,1,1,0.2025
2,0,0,0,0,0.2025
2,0,0,0,1,0.2025
2,0,0,1,0,0.022500000000000003
2,0,0,1,1,0.022500000000000003
2,0,1,0,0,0.0024999999999999996
2,0,1,0,1,0.0024999999999999996
2,0,1,1,0,0.022500000000000003
2,0,1,1,1,0.022500000000000003
2,1,0,0,0,0.022499999999999996
2,1,0,0,1,0.022499999999999996
2,1,0,1,0,0.0024999999999999996
2,1,0,1,1,0.0024999999999999996
2,1,1,0,0,0.022499999999999996
2,1,1,0,1,0.022499999999999996
2,1,1,1,0,0.2025
2,1,1,1,1,0.2025
3,0,0,0,0,0.1
3,0,0,0,1,0.1
3,0,0,1,0,0.012499999999999997
3,0,0,1,1,0.012499999999999997
3,0,1,0,0,0.025
3,0,1,0,1,0.025
3,0,1,1,0,0.1125
3,0,1,1,1,0.1125
3,1,0,0,0,0.012499999999999997
3,1,0,0,1,0.012499999999999997
3,1,0,1,0,0.012499999999999997
3,1,0,1,1,0.012499999999999997
3,1,1,0,0,0.1125
3,1,1,0,1,0.1125
3,1,1,1,0,0.1125
3,1,1,1,1,0.1125
4,0,0,0,0,0.36450000000000005
4,0,0,0,1,0.04050000000000001
4,0,0,1,0,0.04050000000000001
4,0,0,1,1,0.0045000000000000005
4,0,1,0,0,4.999999999999998e-4
4,0,1,0,1,0.0045
4,0,1,1,0,0.0045
4,0,1,1,1,0.04050000000000001
4,1,0,0,0,0.040499999999999994
4,1,0,0,1,0.0045
4,1,0,1,0,0.0045
4,1,0,1,1,4.999999999999999e-4
4,1,1,0,0,0.004499999999999998
4,1,1,0,1,0.040499999999999994
4,1,1,1,0,0.040499999999999994
4,1,1,1,1,0.36450000000000005
