"x","normal","t_df1","t_df5","t_df30"
-5,1.4867195147343e-06,0.0122426879301458,0.00175743837880785,3.28889020529224e-05
-4.99,1.56286710894929e-06,0.012289909544125,0.00177511276877181,3.38288677437581e-05
-4.98,1.64275058804507e-06,0.0123374012102057,0.00179298885454317,3.47955151609172e-05
-4.97,1.72654452167707e-06,0.012385164962464,0.00181106918729677,3.57895920719707e-05
-4.96,1.81443119018203e-06,0.012433202853876,0.00182935635326852,3.68118667752088e-05
-4.95,1.90660090312281e-06,0.0124815169565255,0.00184785297426934,3.78631286459856e-05
-4.94,2.00325232994849e-06,0.0125301093618145,0.00186656170820685,3.89441886969292e-05
-4.93,2.10459284318313e-06,0.0125789821806761,0.00188548524961513,4.00558801523456e-05
-4.92,2.21083887456842e-06,0.0126281375437901,0.0019046263301926,4.1199059037147e-05
-4.91,2.322216284598e-06,0.0126775776018014,0.0019239877193481,4.23746047806477e-05
-4.9,2.43896074589335e-06,0.0127273045255414,0.00194357222475539,4.35834208355712e-05
-4.89,2.56131814088454e-06,0.0127773205062516,0.0019633826929162,4.48264353126275e-05
-4.88,2.68954497427152e-06,0.0128276277558108,0.00198342200973177,4.61046016310157e-05
-4.87,2.82390880075582e-06,0.0128782285069645,0.00200369310108338,4.74188991852285e-05
-4.86,2.96468866854527e-06,0.0129291250135579,0.0020241989334216,4.87703340285267e-05
-4.85,3.11217557914894e-06,0.0129803195507714,0.0020449425143647,5.01599395734729e-05
-4.84,3.26667296399328e-06,0.0130318144153589,0.00206592689330623,5.15887773099134e-05
-4.83,3.42849717840504e-06,0.0130836119258902,0.00208715516203191,5.30579375408073e-05
-4.82,3.59797801352125e-06,0.0131357144229953,0.00210863045534606,5.45685401363097e-05
-4.81,3.77545922670135e-06,0.0131881242696124,0.00213035595170759,5.6121735306523e-05
-4.8,3.96129909103208e-06,0.0132408438512392,0.00215233487387578,5.77187043933406e-05
-4.79,4.1558709645312e-06,0.0132938755761875,0.00217457048956606,5.93606606818127e-05
-4.78,4.35956387967164e-06,0.0133472218758403,0.0021970661121158,6.10488502314705e-05
-4.77,4.57278315386414e-06,0.0134008852049135,0.00221982510116034,6.27845527280627e-05
-4.76,4.79595102155252e-06,0.0134548680417198,0.00224285086331948,6.45690823561516e-05
-4.75,5.02950728859245e-06,0.0135091728884367,0.00226614685289448,6.64037886930417e-05
-4.74,5.2739100096013e-06,0.013563802271378,0.00228971657257579,6.82900576245054e-05
-4.73,5.52963618898405e-06,0.0136187587412683,0.00231356357416168,7.02293122827937e-05
-4.72,5.79718250635729e-06,0.0136740448735218,0.00233769145928796,7.22230140074197e-05
-4.71,6.07706606711112e-06,0.0137296632685241,0.00236210388016884,7.42726633292108e-05
-4.7,6.36982517886709e-06,0.0137856165519182,0.00238680454034931,7.63798009781468e-05
-4.69,6.67602015460746e-06,0.0138419073748936,0.00241179719546898,7.85460089154919e-05
-4.68,6.9962341432704e-06,0.0138985384144802,0.00243708565403779,8.07729113907503e-05
-4.67,7.33107398862394e-06,0.0139555123738449,0.00246267377822357,8.30621760239844e-05
-4.66,7.68117111725046e-06,0.0140128319825931,0.00248856548465177,8.54155149140365e-05
-4.65,8.0471824564923e-06,0.0140704999970733,0.00251476474521748,8.78346857732091e-05
-4.64,8.42979138322877e-06,0.0141285192006867,0.00254127558790997,9.03214930889701e-05
-4.63,8.8297087043741e-06,0.0141868924041998,0.00256810209764986,9.28777893132526e-05
-4.62,9.24767367000562e-06,0.0142456224460621,0.00259524841713928,9.55054760799382e-05
-4.61,9.68445502005144e-06,0.0143047121927275,0.00262271874772498,9.8206505451109e-05
-4.6,1.01408520654868e-05,0.0143641645389797,0.00265051735027484,0.000100982881192679
-4.59,1.06176958050084e-05,0.0144239824082631,0.00267864854606779,0.00010383666008001
-4.58,1.11158500781778e-05,0.0144841687530164,0.00270711671769746,0.000106769953234139
-4.57,1.16362127560427e-05,0.0145447265550124,0.00273592630998967,0.000109784927489246
-4.56,1.21797169702687e-05,0.0146056588257007,0.00276508183093415,0.000112883806792015
-4.55,1.27473323818335e-05,0.0146669686065564,0.00279458785263041,0.000116068873633513
-4.54,1.33400664903558e-05,0.0147286589694327,0.00282444901224834,0.000119342470514293
-4.53,1.39589659851548e-05,0.014790733016918,0.00285467001300344,0.000122707001443342
-4.52,1.46051181391529e-05,0.0148531938826989,0.00288525562514707,0.000126164933471603
-4.51,1.52796522467616e-05,0.0149160447319268,0.00291621068697196,0.000129718798260731
-4.5,1.59837411069055e-05,0.0149792887615902,0.00294754010583311,0.000133371193687803
-4.49,1.67186025523651e-05,0.0150429292008918,0.00297924885918437,0.000137124785486686
-4.48,1.74855010266391e-05,0.015106969311631,0.00301134199563099,0.000140982308926793
-4.47,1.82857492095474e-05,0.0151714123885911,0.00304382463599824,0.000144946570529948
-4.46,1.91207096928177e-05,0.0152362617599318,0.00307670197441649,0.000149020449826121
-4.45,1.99917967069228e-05,0.0153015207875876,0.00310997927942286,0.000153206901148769
-4.44,2.09004779004505e-05,0.015367192867671,0.0031436618950799,0.000157508955470558
-4.43,2.18482761733165e-05,0.0154332814308816,0.00317775524211119,0.000161929722280226
-4.42,2.28367715651469e-05,0.0154997899429204,0.00321226481905457,0.00016647239150139
-4.41,2.38676032001796e-05,0.01556672190491,0.00324719620343287,0.000171140235454068
-4.4,2.49424712900535e-05,0.0156340808538208,0.00328255505294261,0.000175936610859738
-4.39,2.60631391958783e-05,0.0157018703629023,0.0033183471066609,0.000180864960890726
-4.38,2.72314355509926e-05,0.0157700940421212,0.00335457818627075,0.000185928817264766
-4.37,2.84492564458443e-05,0.015838755538605,0.00339125419730518,0.000191131802385556
-4.36,2.97185676764422e-05,0.0159078585370917,0.00342838113041022,0.000196477631530136
-4.35,3.10414070578503e-05,0.015977406760386,0.00346596506262732,0.000201970115083967
-4.34,3.24198868042138e-05,0.0160474039698215,0.00350401215869523,0.000207613160824543
-4.33,3.38561959768279e-05,0.0161178539657293,0.00354252867237177,0.000213410776254425
-4.32,3.53526030017731e-05,0.0161887605879135,0.00358152094777571,0.000219367070984557
-4.31,3.69114582586662e-05,0.016260127716133,0.00362099542074917,0.00022548625916877
-4.3,3.85351967420871e-05,0.0163319592705896,0.00366095862024063,0.000231772661990344
-4.29,4.0226340797265e-05,0.0164042592124237,0.00370141716970907,0.000238230710201558
-4.28,4.19875029316173e-05,0.0164770315442164,0.00374237778854939,0.000244864946717106
-4.27,4.38213887037581e-05,0.0165502803104987,0.00378384729353952,0.000251680029262336
-4.26,4.57307996916013e-05,0.0166240095982677,0.00382583260030945,0.000258680733077202
-4.25,4.7718636541205e-05,0.0166982235375103,0.00386834072483253,0.000265871953676888
-4.24,4.97879020980121e-05,0.0167729263017342,0.00391137878493939,0.000273258709670028
-4.23,5.19417046221598e-05,0.0168481221085059,0.00395495400185477,0.000280846145635476
-4.22,5.41832610895401e-05,0.016923815219997,0.00399907370175755,0.000288639535058585
-4.21,5.65159005803074e-05,0.0170000099435375,0.00404374531736437,0.000296644283327931
-4.2,5.89430677565399e-05,0.0170767106321776,0.00408897638953718,0.000304865930793489
-4.19,6.14683264307694e-05,0.0171539216852566,0.00413477456891498,0.000313310155887178
-4.18,6.40953632271061e-05,0.0172316475489807,0.00418114761757015,0.000321982778306796
-4.17,6.68279913366906e-05,0.0173098927170081,0.00422810341068977,0.000330889762264293
-4.16,6.96701543692143e-05,0.0173886617310435,0.00427564993828204,0.000340037219799391
-4.15,7.26259303022523e-05,0.01746795918144,0.00432379530690855,0.000349431414159512
-4.14,7.56995355301612e-05,0.01754778970781,0.00437254774144233,0.000359078763247019
-4.13,7.88953290142931e-05,0.017628157999645,0.0044219155868523,0.000368985843134761
-4.12,8.2217816536286e-05,0.017709068796944,0.0044719073100145,0.000379159391650914
-4.11,8.56716550561819e-05,0.0177905268908507,0.00452253150155023,0.00038960631203411
-4.1,8.92616571771329e-05,0.0178725371243004,0.00457379687769172,0.000400333676659862
-4.09,9.29927957184459e-05,0.0179551043926755,0.00462571228217555,0.000411348730839251
-4.08,9.68702083987193e-05,0.0180382336444709,0.00467828668816432,0.00042265889669092
-4.07,0.000100899202630814,0.0181219298819686,0.00473152920019675,0.000434271777087321
-4.06,0.0001050852604304,0.0182061981619226,0.00478544905616688,0.000446195159676238
-4.05,0.000109434043439801,0.0182910435962529,0.00484005562933238,0.000458437020978555
-4.04,0.000113951398068865,0.0183764713527498,0.00489535843035281,0.000471005530563278
-4.03,0.000118643360754566,0.0184624866557889,0.00495136710935781,0.000483909055300775
-4.02,0.000123516163341024,0.0185490947870557,0.00500809145804582,0.000497156163695216
-4.01,0.000128576238581621,0.0186363010862812,0.00506554141181376,0.000510755630297178
-4,0.000133830225764885,0.0187241109519877,0.00512372705191791,0.000524716440197408
-3.99,0.00013928497646576,0.0188125298422462,0.00518265860766662,0.00053904779360265
-3.98,0.000144947560423891,0.0189015632754442,0.00524234645864495,0.000553759110494533
-3.97,0.000150825271550518,0.0189912168310646,0.00530280113697196,0.000568860035372426
-3.96,0.000156925634065532,0.0190814961504766,0.00536403332959092,0.000584360442081202
-3.95,0.000163256408766242,0.0191724069377377,0.00542605388059277,0.00060027043872482
-3.94,0.000169825599429344,0.0192639549604076,0.00548887379357342,0.000616600372666634
-3.93,0.000176641459347571,0.0193561460503737,0.0055525042340252,0.000633360835617301
-3.92,0.000183712498002457,0.0194489861046895,0.0056169565317629,0.000650562668811187
-3.91,0.000191047487874598,0.0195424810864245,0.00568224218338484,0.000668216968272107
-3.9,0.000198655471392773,0.0196366370255269,0.0057483728547694,0.000686335090169228
-3.89,0.000206545768023226,0.0197314600196993,0.00581536038360738,0.000704928656263999
-3.88,0.000214727981500367,0.0198269562352869,0.00588321678197069,0.000724009559448847
-3.87,0.000223212007200102,0.0199231319081793,0.00595195423891783,0.000743589969378463
-3.86,0.000232008039656942,0.0200199933447251,0.0060215851231364,0.000763682338194415
-3.85,0.000241126580225994,0.0201175469226602,0.00609212198562332,0.000784299406343803
-3.84,0.000250578444890861,0.0202157990920505,0.00616357756240305,0.000805454208492681
-3.83,0.000260374772218442,0.0203147563762479,0.00623596477728426,0.000827160079534915
-3.82,0.000270527031461521,0.0204144253728605,0.00630929674465544,0.000849430660697111
-3.81,0.000281047030809986,0.020514812754738,0.00638358677231977,0.000872279905740231
-3.8,0.00029194692579146,0.0206159252709709,0.00645884836436984,0.000895722087258488
-3.79,0.000303239227822004,0.0207177697479052,0.00653509522410257,0.00091977180307606
-3.78,0.000314936812907522,0.0208203530901723,0.00661234125697473,0.000944443982742127
-3.77,0.000327052930496375,0.020923682281734,0.00669060057359957,0.000969753894124706
-3.76,0.000339601212483655,0.0210277643869432,0.00676988749278499,0.000995717150103725
-3.75,0.000352595682367445,0.021132606551621,0.00685021654461359,0.00102234971536371
-3.74,0.000366050764557335,0.0212382160041495,0.00693160247356518,0.00104966791328644
-3.73,0.000379981293835321,0.0213446000565813,0.00701406024168204,0.00107768843294388
-3.72,0.000394402524969157,0.0214517661057655,0.00709760503177747,0.00110642833619157
-3.71,0.000409330142478079,0.0215597216344912,0.00718225225068794,0.00113590506486284
-3.7,0.000424780270550751,0.0216684742126474,0.0072680175325694,0.00116613644806376
-3.69,0.000440769483115133,0.0217780314984018,0.00735491674223809,0.00119714070956915
-3.68,0.000457314814059858,0.0218884012393959,0.00744296597855624,0.0012289364753195
-3.67,0.000474433767606621,0.0219995912739594,0.00753218157786314,0.00126154278101892
-3.66,0.000492144328832893,0.0221116095323426,0.00762258011745196,0.00129497907983392
-3.65,0.000510464974344186,0.0222244640379676,0.00771417841909275,0.00132926525019297
-3.64,0.000529414683094936,0.0223381629086985,0.00780699355260196,0.00136442160368651
-3.63,0.000549012947356959,0.0224527143581312,0.00790104283945895,0.00140046889306724
-3.62,0.000569279783834253,0.0225681266969024,0.00799634385646985,0.00143742832035026
-3.61,0.000590235744922786,0.0226844083340192,0.00809291443947907,0.00147532154501262
-3.6,0.000611901930113773,0.0228015677782085,0.00819077268712906,0.00151417069229181
-3.59,0.000634299997538758,0.0229196136392876,0.00828993696466839,0.00155399836158262
-3.58,0.000657452175654676,0.0230385546295555,0.00839042590780876,0.00159482763493158
-3.57,0.000681381275066891,0.0231583995652053,0.00849225842663118,0.00163668208562834
-3.56,0.000706110700488036,0.0232791573677591,0.00859545370954168,0.00167958578689309
-3.55,0.000731664462830311,0.023400837065524,0.00870003122727683,0.00172356332065912
-3.54,0.00075806719142871,0.0235234477950716,0.00880601073695953,0.00176863978644938
-3.53,0.000785344146392469,0.0236469988027391,0.0089134122862053,0.00181484081034606
-3.52,0.000813521231081808,0.0237714994461548,0.00902225621727928,0.00186219255405181
-3.51,0.000842625004706903,0.0238969591957861,0.0091325631713044,0.00191072172404137
-3.5,0.00087268269504576,0.0240233876365125,0.00924435409252092,0.0019604555808021
-3.49,0.000903722211277524,0.0241507944692218,0.00935765023259756,0.0020114219481619
-3.48,0.00093577215692748,0.0242791895124322,0.00947247315499453,0.00206364922270285
-3.47,0.000968861842919847,0.0244085827039384,0.00958884473937866,0.00211716638325866
-3.46,0.00100302130073424,0.0245389841024847,0.00970678718609082,0.00217200300049425
-3.45,0.00103828129566141,0.0246704038894626,0.00982632302066596,0.00222818924656527
-3.44,0.00107467334015374,0.0248028523706357,0.00994747509840576,0.00228575590485541
-3.43,0.00111222970726557,0.0249363399778918,0.0100702666090041,0.00234473437978931
-3.42,0.00115098344417848,0.025070877271021,0.0101947210812258,0.0024051567067185
-3.41,0.00119096838580612,0.025206474939523,0.010320862387638,0.00246705556187799
-3.4,0.00123221916847302,0.0253431438044419,0.0104487147493952,0.00253046427241067
-3.39,0.00127477124366184,0.0254808948202296,0.0105783027410776,0.00259541682645669
-3.38,0.00131866089182274,0.0256197390766388,0.0107096512955824,0.00266194788330499
-3.37,0.0013639252362389,0.025759687800645,0.0108427857090688,0.00273009278360354
-3.36,0.00141060225694138,0.0259007523583998,0.0109777316459562,0.00279988755962531
-3.35,0.00145873080466675,0.0260429442572134,0.0111145151439759,0.00287136894558629
-3.34,0.00150835061485031,0.0261862751475691,0.0112531626192761,0.00294457438801204
-3.33,0.00155950232164769,0.0263307568251694,0.0113937008715799,0.00301954205614895
-3.32,0.00161222747197712,0.0264764012330143,0.0115361570893963,0.00309631085241624
-3.31,0.00166656853957458,0.0266232204635116,0.0116805588552846,0.00317492042289469
-3.3,0.00172256893905368,0.0267712267606216,0.0118269341511712,0.00325541116784758
-3.29,0.00178027303996188,0.0269204325220347,0.0119753113637187,0.00333782425226956
-3.28,0.00183972618082428,0.0270708503013837,0.0121257192897478,0.00342220161645864
-3.27,0.00190097468316608,0.027222492810491,0.0122781871417106,0.00350858598660654
-3.26,0.00196406586550438,0.0273753729216511,0.012432744553216,0.00359702088540225
-3.25,0.00202904805729977,0.0275295036699495,0.0125894215846057,0.00368755064264366
-3.24,0.00209597061285794,0.0276848982556177,0.0127482487285819,0.00378022040585173
-3.23,0.00216488392517106,0.0278415700464266,0.0129092569158843,0.00387507615088158
-3.22,0.00223583943968854,0.027999532580116,0.0130724775210176,0.00397216469252471
-3.21,0.0023088896680065,0.0281587995668643,0.0132379423680282,0.00407153369509618
-3.2,0.00238408820146484,0.0283193848917963,0.0134056837363289,0.00417323168300051
-3.19,0.0024614897246407,0.0284813026175312,0.0135757343665723,0.00427730805126998
-3.18,0.00254115002872653,0.0286445669867707,0.013748127466571,0.00438381307606821
-3.17,0.00262312602478102,0.0288091924249283,0.0139228967172641,0.00449279792515264
-3.16,0.0027074757568407,0.0289751935428006,0.0141000762787294,0.0046043146682883
-3.15,0.00279425841487945,0.0291425851392805,0.0142797007962406,0.00471841628760568
-3.14,0.00288353434760344,0.0293113822041135,0.0144618054063671,0.00483515668789511
-3.13,0.00297536507506825,0.0294815999206986,0.014646425743118,0.00495459070682961
-3.12,0.00306981330110474,0.0296532536689327,0.014833597944126,0.00507677412510853
-3.11,0.00316694292554008,0.0298263590281004,0.0150233586568728,0.00520176367651311
-3.1,0.00326681905619992,0.0300009317798106,0.0152157450449528,0.00532961705786582
-3.09,0.00336950802067748,0.0301769879109783,0.0154107947943751,0.00546039293888441
-3.08,0.00347507737785494,0.0303545436168552,0.0156085461199013,0.00559415097192191
-3.07,0.00358359592916236,0.0305336153041075,0.0158090377714185,0.0057309518015828
-3.06,0.00369513372955903,0.0307142195939433,0.0160123090403453,0.00587085707420633
-3.05,0.00380976209822181,0.0308963733252891,0.0162183997660695,0.00601392944720664
-3.04,0.00392755362892478,0.0310800935580174,0.0164273503424151,0.00616023259826011
-3.03,0.00404858220009443,0.0312653975762252,0.0166392017241384,0.00630983123432924
-3.02,0.00417292298452396,0.0314523028915646,0.0168539954334483,0.00646279110051268
-3.01,0.00430065245873045,0.0316408272466268,0.0170717735665523,0.00661917898871038
-3,0.00443184841193801,0.0318309886183791,0.017292578800223,0.0067790627460931
-2.99,0.00456658995467015,0.0320228052216568,0.0175164543983845,0.00694251128336436
-2.98,0.00470495752693398,0.0322162955127111,0.0177434442187163,0.00710959458280388
-2.97,0.00484703290597895,0.0324114781928123,0.017973592719271,0.00728038370607991
-2.96,0.00499289921361238,0.032608372211911,0.0182069449651043,0.007454950801819
-2.95,0.00514264092305394,0.0328069967723567,0.0184435466349149,0.00763336911292007
-2.94,0.00529634386531102,0.0330073713326756,0.0186834440276897,0.00781571298360086
-2.93,0.00545409523505655,0.0332095156114086,0.0189266840693533,0.00800205786616298
-2.92,0.00561598359599097,0.0334134495910093,0.0191733143194171,0.00819248032746326
-2.91,0.00578209888566947,0.0336191935218038,0.0194233829776261,0.0083870580550771
-2.9,0.00595253241977585,0.0338267679260139,0.0196769388905985,0.0085858698631407
-2.89,0.00612737689582369,0.0340361936018424,0.0199340315584563,0.00878899569785786
-2.88,0.00630672639626593,0.0342474916276242,0.0201947111414414,0.00899651664265721
-2.87,0.00649067639099336,0.0344606833660417,0.0204590284665147,0.00920851492298544
-2.86,0.00667932373920262,0.0346757904684072,0.0207270350339337,0.00942507391072161
-2.85,0.00687276669061397,0.0348928348790124,0.0209987830238041,0.00964627812819786
-2.84,0.00707110488601945,0.0351118388395463,0.0212743253026016,0.00987221325181086
-2.83,0.00727443935714122,0.035332824893582,0.0215537154296594,0.0101029661152089
-2.82,0.00748287252578056,0.0355558158911343,0.0218370076636157,0.0103386247120389
-2.81,0.00769650820223732,0.0357808349932881,0.0221242569688179,0.0105792781982366
-2.8,0.00791545158297997,0.0360079056768994,0.0224155190216773,0.0108250168938453
-2.79,0.00813980924754602,0.0362370517393689,0.022710850216969,0.0110759322843455
-2.78,0.00836968915465303,0.036468297303491,0.0230103076740725,0.0113321170214788
-2.77,0.00860520063749967,0.0367016668223767,0.0233139492431465,0.0115936649235498
-2.76,0.00884645439823723,0.036937185084454,0.0236218335112318,0.0118606709751892
-2.75,0.00909356250159105,0.0371748772185449,0.0239340198082774,0.01213323132656
-2.74,0.00934663836761229,0.0374147686990209,0.0242505682130824,0.0124114432919895
-2.73,0.00960579676353959,0.0376568853510382,0.0245715395591475,0.0126954053480106
-2.72,0.00987115379475114,0.0379012533558524,0.0248969954404298,0.0129852171307932
-2.71,0.0101428268947871,0.0381478992562158,0.0252269982169924,0.013280979432948
-2.7,0.0104209348144226,0.0383968499618566,0.0255616110205446,0.013582794199686
-2.69,0.0107055976097722,0.0386481327550407,0.0259008977598609,0.0138907645243128
-2.68,0.0109969366294056,0.03890177529622,0.0262449231260754,0.0142049946430427
-2.67,0.0112950745004561,0.0391578056297643,0.0265937525978408,0.01452558992911
-2.66,0.0116001351137026,0.0394162521897804,0.0269474524463442,0.0148526568861625
-2.65,0.0119122436076052,0.0396771438060194,0.0273060897401727,0.015186303140917
-2.64,0.012231526351278,0.0399405097098714,0.0276697323500173,0.0155266374350565
-2.63,0.0125581109263782,0.0402063795404503,0.028038448953209,0.0158737696163529
-2.62,0.0128921261078953,0.0404747833507694,0.0284123090380756,0.0162278106289939
-2.61,0.0132337018438214,0.0407457516140079,0.0287913829081097,0.0165888725030967
-2.6,0.0135829692336856,0.0410193152298699,0.0291757416859393,0.0169570683433875
-2.59,0.0139400605059358,0.0412955055310376,0.0295654573170895,0.0173325123170298
-2.58,0.0143051089941497,0.0415743542897172,0.0299606025735248,0.0177153196405801
-2.57,0.01467824911206,0.0418558937242818,0.0303612510569612,0.0181056065660545
-2.56,0.0150596163273774,0.0421401565060091,0.0307674772019377,0.0185034903660838
-2.55,0.0154493471343952,0.0424271757659168,0.0311793562786337,0.0189090893181412
-2.54,0.0158475790253608,0.042716985101695,0.0315969643954231,0.0193225226878209
-2.53,0.0162544504606005,0.0430096185847384,0.0320203785011494,0.0197439107111507
-2.52,0.0166701008373811,0.0433051107672767,0.0324496763871131,0.0201733745759182
-2.51,0.017094670457497,0.0436034966896057,0.0328849366887547,0.0206110364019923
-2.5,0.0175283004935685,0.0439048118874194,0.0333262388870228,0.0210570192206217
-2.49,0.0179711329540397,0.0442090923992432,0.0337736633094124,0.0215114469526914
-2.48,0.018423310646862,0.0445163747739694,0.0342272911306587,0.0219744443859191
-2.47,0.0188849771418562,0.0448266960784958,0.0346872043730739,0.022446137150973
-2.46,0.019356276731737,0.0451400939054669,0.0351534859065096,0.0229266516964936
-2.45,0.0198373543917953,0.0454566063811197,0.0356262194479327,0.0234161152630009
-2.44,0.0203283557382258,0.0457762721732327,0.0361054895605957,0.0239146558556706
-2.43,0.0208294269850922,0.0460991304991804,0.0365913816527884,0.0244224022159617
-2.42,0.0213407148999228,0.0464252211340923,0.0370839819761532,0.0249394837920773
-2.41,0.0218623667579294,0.046754584419117,0.0375833776235467,0.025466030708245
-2.4,0.0223945302948429,0.0470872612697915,0.038089656526432,0.0260021737327969
-2.39,0.0229373536583607,0.0474232931845161,0.0386029074517822,0.0265480442450373
-2.38,0.0234909853582014,0.0477627222531347,0.0391232199984791,0.027103774200879
-2.37,0.024055574214763,0.04810559116562,0.0396506845931859,0.0276694960972363
-2.36,0.0246312693063825,0.0484519432208644,0.0401853924856786,0.0282453429351574
-2.35,0.0252182199151944,0.0488018223355754,0.0407274357436126,0.0288314481816845
-2.34,0.0258165754715877,0.0491552730532755,0.041276907246709,0.0294279457304266
-2.33,0.0264264854972617,0.0495123405534058,0.0418339006803367,0.0300349698608323
-2.32,0.0270480995468818,0.0498730706605338,0.0423985105284725,0.0306526551961503
-2.31,0.0276815671483366,0.0502375098536625,0.0429708320660161,0.0312811366600656
-2.3,0.0283270377416012,0.0506057052756424,0.04355096135044,0.0319205494320002
-2.29,0.0289846606162094,0.0509777047426836,0.0441389952127514,0.0325710289010677
-2.28,0.0296545848473413,0.0513535567539673,0.0447350312477446,0.0332327106186719
-2.27,0.0303369592305316,0.0517333105013556,0.04533916780352,0.0339057302497404
-2.26,0.0310319322150083,0.0521170158791982,0.0459515039702479,0.0345902235225839
-2.25,0.0317396518356674,0.0525047234942335,0.046572139568152,0.0352863261773749
-2.24,0.0324602656436975,0.0528964846755834,0.0472011751346901,0.035994173913238
-2.23,0.0331939206358611,0.0532923514848383,0.0478387119109055,0.0367139023339457
-2.22,0.0339407631824492,0.0536923767262315,0.0484848518269267,0.037445646892215
-2.21,0.0347009389539188,0.0540966139568992,0.0491396974865877,0.0381895428326002
-2.2,0.0354745928462315,0.0545051174972244,0.0498033521511451,0.0389457251329788
-2.19,0.0362618689049062,0.0549179424412606,0.0504759197220645,0.0397143284446277
-2.18,0.0370629102478065,0.0553351446672329,0.0511575047228504,0.040495487030889
-2.17,0.0378778589866775,0.0557567808481127,0.0518482122798928,0.0412893347044246
-2.16,0.0387068561474556,0.0561829084622618,0.0525481481023029,0.042096004763059
-2.15,0.0395500415893702,0.0566135858041424,0.0532574184607103,0.0429156299242158
-2.14,0.0404075539228603,0.0570488719950876,0.0539761301649942,0.0437483422579455
-2.13,0.0412795304263304,0.0574888269941286,0.0547043905409197,0.0445942731185541
-2.12,0.0421661069617703,0.0579335116088728,0.0554423074056511,0.0454535530748327
-2.11,0.0430674178892657,0.058382987506427,0.0561899890421132,0.0463263118388988
-2.1,0.0439835959804272,0.0588373172243606,0.0569475441721705,0.0472126781936533
-2.09,0.0449147723307671,0.0592965641817013,0.0577150819285971,0.0481127799188652
-2.08,0.0458610762710549,0.0597607926899577,0.0584927118258041,0.0490267437158921
-2.07,0.0468226352776832,0.0602300679641603,0.0592805437292988,0.0499546951310485
-2.06,0.047799574882077,0.0607044561339139,0.0600786878238409,0.0508967584776358
-2.05,0.0487920185791828,0.0611840242544528,0.0608872545802703,0.0518530567566468
-2.04,0.0498000877350708,0.0616688403176904,0.0617063547209706,0.0528237115761613
-2.03,0.0508239014936912,0.0621589732632527,0.0625360991839435,0.0538088430694496
-2.02,0.0518635766828206,0.0626544929894872,0.0633765990854576,0.0548085698118028
-2.01,0.0529192277192403,0.0631554703644354,0.0642279656812458,0.0558230087361089
-2,0.0539909665131881,0.0636619772367581,0.0650903103262165,0.056852275047198
-1.99,0.0550789023721258,0.064174086446602,0.0659637444326512,0.057896482134978
-1.98,0.056183141903868,0.0646918718363935,0.0668483794268541,0.0589557414863866
-1.97,0.0573037889191172,0.0652154082615482,0.0677443267042265,0.0600301625961848
-1.96,0.0584409443334515,0.0657447716010804,0.0686516975827323,0.0611198528766208
-1.95,0.0595947060688161,0.066280038768098,0.0695706032547264,0.0622249175659935
-1.94,0.0607651689545648,0.0668212877201677,0.0705011547371143,0.0633454596361451
-1.93,0.0619524246281052,0.0673685974695318,0.0714434628198135,0.0644815796989187
-1.92,0.0631565614351987,0.0679220480931612,0.0723976380124865,0.0656333759116113
-1.91,0.0643776643299693,0.068481720742624,0.0733637904895166,0.0668009438814626
-1.9,0.0656158147746766,0.0690476976537507,0.0743420300331962,0.0679843765692133
-1.89,0.0668710906393071,0.069620062156075,0.0753324659751008,0.069183764191775
-1.88,0.0681435661010446,0.0701988986820287,0.0763352071356191,0.0703991941240522
-1.87,0.0694333115436742,0.0707842927758657,0.0773503617616119,0.0716307507999591
-1.86,0.0707403934569834,0.0713763311022941,0.0783780374621739,0.072878515612676
-1.85,0.072064874336218,0.0719751014547859,0.0794183411424704,0.0741425668141913
-1.84,0.0734068125816569,0.0725806927635422,0.0804713789356258,0.0754229794141785
-1.83,0.0747662623983676,0.0731931951030814,0.0815372561326364,0.0767198250782559
-1.82,0.0761432736962074,0.0738126996994228,0.0826160771102863,0.0780331720256837
-1.81,0.077537891990134,0.0744392989368328,0.0837079452570417,0.079363084926548
-1.8,0.0789501583008942,0.0750730863641016,0.0848129628969038,0.0807096247984908
-1.79,0.0803801090561542,0.0757141567003141,0.0859312312111972,0.0820728489030395
-1.78,0.0818277759921428,0.0763626058400803,0.0870628501582769,0.0834528106415972
-1.77,0.0832931860558745,0.0770185308581845,0.088207918391134,0.0848495594511518
-1.76,0.0847763613080223,0.0776820300136155,0.0893665331728845,0.0862631406997674
-1.75,0.0862773188265115,0.0783532027529331,0.0905387902901245,0.0876935955819216
-1.74,0.0877960706109057,0.0790321497129285,0.0917247839641406,0.0891409610137527
-1.73,0.089332623487655,0.0797189727225302,0.0929246067599599,0.0906052695282861
-1.72,0.0908869790162829,0.0804137748039083,0.0941383494932336,0.0920865491707068
-1.71,0.0924591333965807,0.0811166601727251,0.0953661011349409,0.0935848233937484
-1.7,0.094049077376887,0.0818277342374784,0.0966079487139118,0.0951001109532717
-1.69,0.095656796163524,0.0825471035978815,0.0978639772171597,0.0966324258041053
-1.68,0.0972822693314675,0.0832748760422224,0.0991342694880249,0.0981817769962238
-1.67,0.0989254707363237,0.0840111605436382,0.100418906122127,0.0997481685713388
-1.66,0.100586368427691,0.084756067255243,0.101717965361131,0.101331599459983
-1.65,0.102264924563978,0.0855097075040405,0.103031522984328,0.102932063379167
-1.64,0.103961095328764,0.0862721937835512,0.10435965219804,0.104549548730679
-1.63,0.105674830848764,0.0870436397450821,0.105702423522864,0.106184038500137
-1.62,0.107406075113484,0.0878241601875595,0.107059904678758,0.107835510156835
-1.61,0.109154765896647,0.088613871045848,0.108432160467993,0.109503935554516
-1.6,0.110920834679456,0.0894128893774693,0.109819252655991,0.111189280833109
-1.59,0.112704206575771,0.0902213333476349,0.111221239850061,0.112891506321564
-1.58,0.114504800259292,0.0910393222125016,0.112638177376072,0.114610566441834
-1.57,0.116322527892807,0.0918669763005543,0.114070117153085,0.116346409614118
-1.56,0.118157295059582,0.0927044169920173,0.115517107565973,0.118098978163445
-1.55,0.120009000696986,0.0935517666961913,0.116979193336075,0.11986820822769
-1.54,0.121877537032402,0.0944091488266078,0.118456415389917,0.121654029667122
-1.53,0.123762789521523,0.0952766877738905,0.119948810726044,0.123456365975565
-1.52,0.125664636789088,0.0961545088762055,0.121456412280018,0.125275134193275
-1.51,0.127582950572142,0.0970427383871805,0.122979248787625,0.127110244821621
-1.5,0.129517595665892,0.0979415034411664,0.124517344646355,0.128961601739672
-1.49,0.131468429872231,0.0988509320157109,0.126070719775213,0.130829102122776
-1.48,0.133435303951002,0.0997711528911079,0.127639389472925,0.132712636363235
-1.47,0.135418061574071,0.100702295606881,0.129223364274617,0.134612087993165
-1.46,0.137416539282282,0.101644490415056,0.130822649807026,0.136527333609646
-1.45,0.13943056644536,0.10259786823007,0.132437246642349,0.138458242802247
-1.44,0.141459965224839,0.103562560575153,0.134067150150784,0.140404678083033
-1.43,0.143504550540062,0.104538699525039,0.135712350351879,0.142366494819146
-1.42,0.145564130037348,0.105526417644805,0.13737283176477,0.144343541168055
-1.41,0.147638504062356,0.106525847924698,0.139048573257412,0.146335658015574
-1.4,0.149727465635745,0.10753712371074,0.140739547894915,0.148342678916741
-1.39,0.151830800432162,0.108560378630944,0.142445722787082,0.150364430039661
-1.38,0.153948286762634,0.109595746516937,0.144167058935286,0.152400730112392
-1.37,0.156079695560421,0.110643361320793,0.14590351107879,0.154451390372993
-1.36,0.158224790370383,0.111703357026878,0.147655027540652,0.156516214522798
-1.35,0.16038332734192,0.112775867558473,0.149421550073338,0.158594998683041
-1.34,0.162555055225534,0.113861026678992,0.151203013704195,0.160687531354889
-1.33,0.164739715373077,0.114958967887533,0.152999346580923,0.162793593383013
-1.32,0.166937041741714,0.116069824308559,0.154810469817194,0.16491295792275
-1.31,0.169146760901672,0.117193728575454,0.156636297338585,0.167045390410966
-1.3,0.171368592047807,0.118330812707729,0.158476735728983,0.169190648540713
-1.29,0.173602247015033,0.119481207981604,0.160331684077633,0.171348482239737
-1.28,0.175847430297662,0.120645044793735,0.162201033827005,0.173518633652955
-1.27,0.178103839072694,0.121822452517812,0.164084668621662,0.175700837128962
-1.26,0.18037116322708,0.123013559353761,0.165982464158311,0.177894819210656
-1.25,0.182649085389022,0.124218492169284,0.167894288037246,0.180100298630059
-1.24,0.184937280963305,0.125437376333461,0.169819999615358,0.182316986307412
-1.23,0.18723541817073,0.126670335542119,0.171759449860939,0.18454458535462
-1.22,0.18954315809164,0.127917491634701,0.173712481210483,0.186782791083114
-1.21,0.191860154713599,0.129178964402334,0.175678927427696,0.189031291016201
-1.2,0.194186054983213,0.1304548713868,0.177658613464936,0.191289764905987
-1.19,0.196520498862137,0.131745327670126,0.179651355327324,0.193557884754903
-1.18,0.198863119387276,0.133050445654485,0.181656959939742,0.195835314841934
-1.17,0.201213542735197,0.134370334832112,0.183675225016962,0.198121711753585
-1.16,0.203571388290759,0.135705101544931,0.185705938937146,0.200416724419656
-1.15,0.205936268719975,0.137054848733602,0.187748880618972,0.202719994153864
-1.14,0.208307790047108,0.138419675675679,0.189803819402623,0.205031154699384
-1.13,0.210685551736015,0.139799677712588,0.191870514934906,0.207349832279332
-1.12,0.213069146775718,0.141194945965131,0.193948717058756,0.209675645652257
-1.11,0.21545816177022,0.142605567037225,0.196038165707383,0.21200820617267
-1.1,0.217852177032551,0.144031622707598,0.198138590803346,0.214347117856641
-1.09,0.220250766683033,0.145473189609154,0.200249712162796,0.216691977452515
-1.08,0.222653498751761,0.146930338895767,0.202371239405183,0.219042374516766
-1.07,0.22505993528527,0.148403135896215,0.204502871868698,0.221397891495013
-1.06,0.227469632457386,0.149891639755034,0.206644298531711,0.223758103808226
-1.05,0.229882140684233,0.151395903060067,0.208795197940503,0.226122579944136
-1.04,0.232297004743366,0.152915971456471,0.210955238143563,0.228490881553866
-1.03,0.234713763897012,0.154451883247024,0.213124076632722,0.23086256355379
-1.02,0.23713195201938,0.156003668978529,0.215301360291422,0.23323717423263
-1.01,0.239551097728013,0.157571351014203,0.217486725350389,0.235614255363781
-1,0.241970724519143,0.159154943091895,0.219679797350981,0.23799334232288
-0.99,0.244390350907,0.160754449868083,0.221880191116516,0.240373964210592
-0.98,0.246809490567043,0.162369866447557,0.224087510731832,0.242755643980613
-0.97,0.249227652483066,0.164001177898805,0.226301349531356,0.24513789857287
-0.96,0.251644341098117,0.165648358755095,0.228521290095977,0.247520239051895
-0.95,0.254059056469189,0.167311372501335,0.230746904258959,0.249902170750348
-0.94,0.25647129442562,0.16899017104682,0.232977753121178,0.252283193417663
-0.93,0.258880546731149,0.170684694184026,0.235213387075944,0.254662801373773
-0.92,0.261286301249553,0.172394869033682,0.23745334584365,0.257040483667881
-0.91,0.263688042113818,0.174120609476391,0.239697158516503,0.259415724242232
-0.9,0.266085249898755,0.175861815571155,0.24194434361359,0.261788002100826
-0.89,0.268477401797002,0.177618372961214,0.244194409146486,0.264156791483034
-0.88,0.270863971798338,0.179390152267691,0.246446852695663,0.266521562042042
-0.87,0.273244430872216,0.181177008471621,0.248701161497899,0.268881779028072
-0.86,0.275618247153457,0.182978780285003,0.250956812544895,0.271236903476295
-0.85,0.277984886130997,0.184795289511635,0.253213272693312,0.273586392399379
-0.84,0.280343810839621,0.186626340398564,0.255469998786401,0.27592969898458
-0.83,0.28269448205458,0.188471718979093,0.257726437787421,0.278266272795298
-0.82,0.285036358489007,0.19033119240839,0.259982026924989,0.280595559977007
-0.81,0.287368896994028,0.192204508292851,0.26223619385053,0.282917003467467
-0.8,0.289691552761483,0.194091394014507,0.264488356807958,0.285230043211123
-0.79,0.292003779529141,0.195991556051838,0.266737924815714,0.287534116377572
-0.78,0.294305029788325,0.197904679298552,0.268984297861275,0.289828657584018
-0.77,0.296594754993816,0.199830426381939,0.271226867108216,0.292113099121572
-0.76,0.298872405775953,0.201768436982626,0.27346501511591,0.294386871185304
-0.75,0.301137432154804,0.203718327157626,0.275698116071937,0.296649402107909
-0.74,0.3033892837563,0.205679688668771,0.277925536037218,0.298900118596871
-0.73,0.30562741003021,0.207652088318736,0.280146633203927,0.301138445974993
-0.72,0.307851260469853,0.209635067297017,0.282360758166171,0.303363808424145
-0.71,0.310060284833416,0.211628140538389,0.284567254203426,0.30557562923212
-0.7,0.312253933366761,0.213630796096504,0.286765457576698,0.307773331042416
-0.69,0.314431657027597,0.215642494535459,0.288954697837362,0.309956336106833
-0.68,0.316592907710893,0.217662668342308,0.291134298148589,0.312124066540707
-0.67,0.318737138475402,0.219690721363649,0.293303575619276,0.314275944580645
-0.66,0.320863803771172,0.221726028269567,0.295461841650358,0.316411392844585
-0.65,0.322972359667914,0.223767934048359,0.297608402293367,0.318529834594034
-0.64,0.325062264084082,0.225815753535606,0.299742558621058,0.320630693998305
-0.63,0.327132977016554,0.227868770981309,0.301863607109939,0.322713396400596
-0.62,0.329183960770765,0.229926239658907,0.303970840034482,0.324777368585723
-0.61,0.331214680191153,0.231987381520145,0.306063545872783,0.326822039049351
-0.6,0.3332246028918,0.234051386899846,0.30814100972342,0.32884683826852
-0.59,0.335213199487106,0.23611741427475,0.310202513733228,0.330851198973312
-0.58,0.337179943822381,0.238184590080658,0.312247337535689,0.332834556419448
-0.57,0.339124313204192,0.240252008592189,0.314274758699598,0.334796348661651
-0.56,0.341045788630353,0.242318731869512,0.316284053187682,0.336736016827569
-0.55,0.342943855019384,0.244383789776423,0.31827449582476,0.338653005392078
-0.54,0.344818001439333,0.246446180074164,0.320245360775086,0.34054676245177
-0.53,0.346667721335792,0.248504868595355,0.322195922028413,0.342416739999419
-0.52,0.348492512758975,0.250558789502354,0.32412545389438,0.344262394198255
-0.51,0.350291878589726,0.252606845634307,0.326033231504706,0.346083185655815
-0.5,0.3520653267643,0.254647908947033,0.327918531322747,0.347878579697205
-0.49,0.35381237049778,0.256680821049747,0.329780631659876,0.349648046637538
-0.48,0.355532528505997,0.258704393842483,0.331618813198166,0.351391062053387
-0.47,0.357225325225801,0.260717410257835,0.333432359518827,0.353107107053009
-0.46,0.358890291033545,0.262718625110425,0.335220557635811,0.354795668545176
-0.45,0.360526962461648,0.264706766057206,0.336982698534014,0.356456239506381
-0.44,0.362134882413092,0.266680534671407,0.33871807771145,0.358088319246235
-0.43,0.363713600373713,0.268638607632535,0.340425995724774,0.359691413670844
-0.42,0.365262672622154,0.270579638034504,0.342105758737512,0.361265035543966
-0.41,0.366781662437336,0.27250225681345,0.343756679070339,0.362808704745753
-0.399999999999999,0.368270140303323,0.274405074296371,0.345378075752733,0.364321948528857
-0.39,0.369727684111432,0.276286681871184,0.346969275075307,0.365804301771732
-0.38,0.371153879359466,0.278145653778216,0.348529611142133,0.3672553072289
-0.37,0.372548319347933,0.279980549022597,0.350058426422342,0.368674515778014
-0.36,0.373910605373128,0.28178991340633,0.351555072300273,0.370061486663494
-0.35,0.375240346916938,0.28357228167821,0.353018909623454,0.371415787736565
-0.34,0.376537161833254,0.285326179799024,0.354449309247664,0.372736995691497
-0.33,0.377800676530865,0.287050127318776,0.355845652578346,0.374024696297848
-0.32,0.379030526152702,0.288742639861929,0.357207332107617,0.375278484628544
-0.31,0.380226354751325,0.290402231715893,0.358533751946127,0.376497965283591
-0.3,0.381387815460524,0.292027418517239,0.35982432834901,0.377682752609243
-0.29,0.382514570662924,0.293616720029324,0.361078490235191,0.378832470912457
-0.28,0.383606292153479,0.295168663004257,0.362295679699277,0.379946754670451
-0.27,0.384662661298743,0.296681784121345,0.363475352515305,0.381025248735186
-0.26,0.385683369191816,0.298154632993435,0.364616978631589,0.382067608532621
-0.25,0.386668116802849,0.299585775231803,0.365720042655943,0.383073500256561
-0.24,0.387616615125014,0.30097379555956,0.366784044330541,0.384042601056948
-0.23,0.388528585315836,0.302317300962856,0.367808498995705,0.384974599222427
-0.22,0.38940375883379,0.303614923868553,0.368792938041902,0.385869194357044
-0.21,0.390241877570074,0.304865325336453,0.369736909349268,0.38672609755093
-0.2,0.391042693975456,0.306067198253645,0.37063997771397,0.387545031544815
-0.19,0.391805971182121,0.307219270518088,0.371501725260734,0.388325730888247
-0.18,0.392531483120429,0.30832030819817,0.372321751840915,0.389067942091378
-0.17,0.393219014630497,0.309369118654671,0.373099675415449,0.389771423770186
-0.16,0.393868361568541,0.31036455361134,0.373835132422103,0.390435946785013
-0.149999999999999,0.394479330907889,0.311305512160187,0.374527778126423,0.391061294372301
-0.14,0.395051740834611,0.312190943687515,0.37517728695582,0.391647262269419
-0.13,0.395585420837687,0.313019850706845,0.375783352816254,0.392193658832459
-0.12,0.396080211793656,0.313791291584967,0.376345689391,0.392700305146924
-0.11,0.396535966045686,0.314504383147703,0.376864030421014,0.393167035131191
-0.0999999999999996,0.396952547477012,0.315158303152268,0.377338129966431,0.393593695632679
-0.0899999999999999,0.397329831578688,0.31575229261362,0.377767762648782,0.393980146516622
-0.0800000000000001,0.397667705511609,0.316285657972765,0.378152723873508,0.394326260747386
-0.0700000000000003,0.397966068162751,0.316757773095622,0.378492830032423,0.394631924462256
-0.0599999999999996,0.398224830195607,0.31716808109186,0.37878791868578,0.394897037037621
-0.0499999999999998,0.398443914094764,0.317516095943931,0.379037848723643,0.395121511147513
-0.04,0.398623254204605,0.317801403937491,0.379242500506285,0.395305272814439
-0.0300000000000002,0.3987627967621,0.318023664885394,0.379401775983398,0.395448261452474
-0.0199999999999996,0.398862499923666,0.318182613138535,0.379515598791891,0.395550429902559
-0.00999999999999979,0.398922333786082,0.318278058377953,0.379583914332131,0.395611744459995
0,0.398942280401433,0.318309886183791,0.379606689822494,0.395632184894098
0.00999999999999979,0.398922333786082,0.318278058377953,0.379583914332131,0.395611744459995
0.0200000000000005,0.398862499923666,0.318182613138535,0.379515598791891,0.395550429902559
0.0300000000000002,0.3987627967621,0.318023664885394,0.379401775983398,0.395448261452474
0.04,0.398623254204605,0.317801403937491,0.379242500506285,0.395305272814439
0.0499999999999998,0.398443914094764,0.317516095943931,0.379037848723643,0.395121511147513
0.0600000000000005,0.398224830195607,0.31716808109186,0.37878791868578,0.394897037037621
0.0700000000000003,0.397966068162751,0.316757773095622,0.378492830032423,0.394631924462256
0.0800000000000001,0.397667705511609,0.316285657972765,0.378152723873508,0.394326260747386
0.0899999999999999,0.397329831578688,0.31575229261362,0.377767762648782,0.393980146516622
0.100000000000001,0.396952547477012,0.315158303152268,0.377338129966431,0.393593695632679
0.11,0.396535966045686,0.314504383147703,0.376864030421014,0.393167035131191
0.12,0.396080211793656,0.313791291584967,0.376345689391,0.392700305146924
0.13,0.395585420837687,0.313019850706845,0.375783352816254,0.392193658832459
0.14,0.395051740834611,0.312190943687515,0.37517728695582,0.391647262269419
0.15,0.394479330907889,0.311305512160186,0.374527778126423,0.391061294372301
0.16,0.393868361568541,0.31036455361134,0.373835132422103,0.390435946785013
0.17,0.393219014630497,0.309369118654671,0.373099675415449,0.389771423770186
0.18,0.392531483120429,0.30832030819817,0.372321751840915,0.389067942091378
0.19,0.391805971182121,0.307219270518088,0.371501725260734,0.388325730888247
0.2,0.391042693975456,0.306067198253645,0.37063997771397,0.387545031544815
0.21,0.390241877570074,0.304865325336453,0.369736909349268,0.38672609755093
0.22,0.38940375883379,0.303614923868553,0.368792938041902,0.385869194357044
0.23,0.388528585315836,0.302317300962856,0.367808498995705,0.384974599222427
0.24,0.387616615125014,0.30097379555956,0.366784044330541,0.384042601056948
0.25,0.386668116802849,0.299585775231803,0.365720042655943,0.383073500256561
0.26,0.385683369191816,0.298154632993435,0.364616978631589,0.382067608532621
0.27,0.384662661298743,0.296681784121345,0.363475352515305,0.381025248735186
0.28,0.383606292153479,0.295168663004257,0.362295679699277,0.379946754670451
0.29,0.382514570662924,0.293616720029324,0.361078490235191,0.378832470912457
0.3,0.381387815460524,0.292027418517239,0.35982432834901,0.377682752609243
0.31,0.380226354751325,0.290402231715893,0.358533751946127,0.376497965283591
0.32,0.379030526152702,0.288742639861929,0.357207332107617,0.375278484628544
0.33,0.377800676530865,0.287050127318776,0.355845652578346,0.374024696297848
0.34,0.376537161833254,0.285326179799024,0.354449309247664,0.372736995691497
0.350000000000001,0.375240346916938,0.28357228167821,0.353018909623454,0.371415787736565
0.36,0.373910605373128,0.28178991340633,0.351555072300273,0.370061486663494
0.37,0.372548319347933,0.279980549022597,0.350058426422342,0.368674515778014
0.38,0.371153879359466,0.278145653778216,0.348529611142133,0.3672553072289
0.39,0.369727684111432,0.276286681871184,0.346969275075307,0.365804301771732
0.4,0.368270140303323,0.274405074296371,0.345378075752733,0.364321948528857
0.41,0.366781662437336,0.27250225681345,0.343756679070339,0.362808704745753
0.42,0.365262672622154,0.270579638034504,0.342105758737512,0.361265035543966
0.43,0.363713600373713,0.268638607632535,0.340425995724774,0.359691413670844
0.44,0.362134882413092,0.266680534671406,0.33871807771145,0.358088319246235
0.45,0.360526962461648,0.264706766057206,0.336982698534014,0.356456239506381
0.46,0.358890291033545,0.262718625110425,0.335220557635811,0.354795668545176
0.47,0.357225325225801,0.260717410257835,0.333432359518827,0.353107107053009
0.48,0.355532528505997,0.258704393842483,0.331618813198166,0.351391062053386
0.49,0.35381237049778,0.256680821049747,0.329780631659876,0.349648046637538
0.5,0.3520653267643,0.254647908947033,0.327918531322747,0.347878579697205
0.51,0.350291878589726,0.252606845634307,0.326033231504706,0.346083185655815
0.52,0.348492512758974,0.250558789502354,0.32412545389438,0.344262394198254
0.53,0.346667721335792,0.248504868595355,0.322195922028413,0.342416739999419
0.54,0.344818001439333,0.246446180074164,0.320245360775086,0.34054676245177
0.55,0.342943855019384,0.244383789776423,0.31827449582476,0.338653005392078
0.56,0.341045788630352,0.242318731869512,0.316284053187682,0.336736016827569
0.57,0.339124313204192,0.240252008592189,0.314274758699598,0.334796348661651
0.58,0.337179943822381,0.238184590080658,0.312247337535689,0.332834556419448
0.59,0.335213199487106,0.23611741427475,0.310202513733228,0.330851198973312
0.6,0.3332246028918,0.234051386899846,0.30814100972342,0.32884683826852
0.61,0.331214680191153,0.231987381520145,0.306063545872783,0.326822039049351
0.62,0.329183960770765,0.229926239658907,0.303970840034482,0.324777368585723
0.63,0.327132977016554,0.227868770981309,0.301863607109939,0.322713396400596
0.64,0.325062264084082,0.225815753535606,0.299742558621058,0.320630693998305
0.65,0.322972359667914,0.223767934048359,0.297608402293367,0.318529834594034
0.66,0.320863803771172,0.221726028269567,0.295461841650358,0.316411392844585
0.67,0.318737138475402,0.219690721363649,0.293303575619276,0.314275944580645
0.68,0.316592907710893,0.217662668342308,0.291134298148589,0.312124066540707
0.69,0.314431657027597,0.215642494535459,0.288954697837362,0.309956336106833
0.7,0.312253933366761,0.213630796096504,0.286765457576698,0.307773331042416
0.71,0.310060284833416,0.211628140538389,0.284567254203426,0.30557562923212
0.72,0.307851260469853,0.209635067297017,0.282360758166171,0.303363808424145
0.73,0.30562741003021,0.207652088318736,0.280146633203927,0.301138445974992
0.74,0.3033892837563,0.205679688668771,0.277925536037218,0.298900118596871
0.75,0.301137432154804,0.203718327157626,0.275698116071937,0.296649402107909
0.76,0.298872405775953,0.201768436982626,0.27346501511591,0.294386871185304
0.77,0.296594754993816,0.199830426381939,0.271226867108216,0.292113099121572
0.78,0.294305029788325,0.197904679298552,0.268984297861275,0.289828657584018
0.79,0.292003779529141,0.195991556051838,0.266737924815714,0.287534116377572
0.8,0.289691552761483,0.194091394014507,0.264488356807958,0.285230043211123
0.81,0.287368896994028,0.192204508292851,0.26223619385053,0.282917003467467
0.82,0.285036358489007,0.19033119240839,0.259982026924989,0.280595559977007
0.83,0.28269448205458,0.188471718979093,0.257726437787421,0.278266272795298
0.84,0.280343810839621,0.186626340398564,0.255469998786401,0.27592969898458
0.85,0.277984886130996,0.184795289511635,0.253213272693311,0.273586392399379
0.86,0.275618247153457,0.182978780285003,0.250956812544895,0.271236903476295
0.87,0.273244430872216,0.181177008471621,0.248701161497899,0.268881779028072
0.88,0.270863971798338,0.179390152267691,0.246446852695663,0.266521562042042
0.89,0.268477401797002,0.177618372961214,0.244194409146486,0.264156791483034
0.9,0.266085249898755,0.175861815571155,0.24194434361359,0.261788002100826
0.91,0.263688042113818,0.174120609476391,0.239697158516503,0.259415724242232
0.92,0.261286301249553,0.172394869033682,0.23745334584365,0.257040483667881
0.93,0.258880546731149,0.170684694184026,0.235213387075944,0.254662801373773
0.94,0.25647129442562,0.16899017104682,0.232977753121178,0.252283193417663
0.95,0.254059056469189,0.167311372501335,0.230746904258959,0.249902170750348
0.96,0.251644341098117,0.165648358755095,0.228521290095977,0.247520239051895
0.97,0.249227652483066,0.164001177898805,0.226301349531356,0.24513789857287
0.98,0.246809490567043,0.162369866447557,0.224087510731831,0.242755643980613
0.99,0.244390350907,0.160754449868083,0.221880191116516,0.240373964210592
1,0.241970724519143,0.159154943091895,0.219679797350981,0.23799334232288
1.01,0.239551097728013,0.157571351014203,0.217486725350389,0.235614255363781
1.02,0.237131952019379,0.156003668978529,0.215301360291422,0.23323717423263
1.03,0.234713763897012,0.154451883247023,0.213124076632721,0.23086256355379
1.04,0.232297004743366,0.152915971456471,0.210955238143563,0.228490881553866
1.05,0.229882140684233,0.151395903060067,0.208795197940503,0.226122579944136
1.06,0.227469632457386,0.149891639755034,0.206644298531711,0.223758103808226
1.07,0.22505993528527,0.148403135896215,0.204502871868698,0.221397891495013
1.08,0.222653498751761,0.146930338895767,0.202371239405183,0.219042374516766
1.09,0.220250766683033,0.145473189609154,0.200249712162796,0.216691977452515
1.1,0.21785217703255,0.144031622707598,0.198138590803346,0.21434711785664
1.11,0.21545816177022,0.142605567037225,0.196038165707383,0.21200820617267
1.12,0.213069146775718,0.141194945965131,0.193948717058756,0.209675645652257
1.13,0.210685551736015,0.139799677712588,0.191870514934906,0.207349832279332
1.14,0.208307790047108,0.138419675675679,0.189803819402623,0.205031154699384
1.15,0.205936268719975,0.137054848733602,0.187748880618972,0.202719994153864
1.16,0.203571388290759,0.135705101544931,0.185705938937146,0.200416724419656
1.17,0.201213542735197,0.134370334832112,0.183675225016962,0.198121711753585
1.18,0.198863119387276,0.133050445654485,0.181656959939742,0.195835314841934
1.19,0.196520498862136,0.131745327670126,0.179651355327324,0.193557884754903
1.2,0.194186054983213,0.130454871386799,0.177658613464935,0.191289764905987
1.21,0.191860154713599,0.129178964402334,0.175678927427696,0.189031291016201
1.22,0.18954315809164,0.127917491634701,0.173712481210483,0.186782791083114
1.23,0.187235418170729,0.126670335542119,0.171759449860939,0.18454458535462
1.24,0.184937280963305,0.125437376333461,0.169819999615357,0.182316986307412
1.25,0.182649085389022,0.124218492169284,0.167894288037246,0.180100298630059
1.26,0.18037116322708,0.123013559353761,0.165982464158311,0.177894819210656
1.27,0.178103839072693,0.121822452517812,0.164084668621661,0.175700837128962
1.28,0.175847430297662,0.120645044793735,0.162201033827005,0.173518633652955
1.29,0.173602247015033,0.119481207981604,0.160331684077633,0.171348482239737
1.3,0.171368592047807,0.118330812707729,0.158476735728983,0.169190648540713
1.31,0.169146760901672,0.117193728575454,0.156636297338585,0.167045390410966
1.32,0.166937041741714,0.116069824308558,0.154810469817194,0.164912957922749
1.33,0.164739715373077,0.114958967887533,0.152999346580923,0.162793593383013
1.34,0.162555055225534,0.113861026678992,0.151203013704195,0.160687531354889
1.35,0.16038332734192,0.112775867558473,0.149421550073337,0.158594998683041
1.36,0.158224790370383,0.111703357026878,0.147655027540652,0.156516214522798
1.37,0.156079695560421,0.110643361320793,0.14590351107879,0.154451390372993
1.38,0.153948286762634,0.109595746516937,0.144167058935286,0.152400730112392
1.39,0.151830800432162,0.108560378630944,0.142445722787082,0.150364430039661
1.4,0.149727465635745,0.10753712371074,0.140739547894914,0.148342678916741
1.41,0.147638504062356,0.106525847924698,0.139048573257412,0.146335658015574
1.42,0.145564130037348,0.105526417644805,0.13737283176477,0.144343541168055
1.43,0.143504550540062,0.104538699525039,0.135712350351879,0.142366494819146
1.44,0.141459965224839,0.103562560575153,0.134067150150784,0.140404678083033
1.45,0.13943056644536,0.10259786823007,0.132437246642349,0.138458242802247
1.46,0.137416539282282,0.101644490415056,0.130822649807026,0.136527333609646
1.47,0.135418061574071,0.100702295606881,0.129223364274617,0.134612087993165
1.48,0.133435303951002,0.0997711528911079,0.127639389472925,0.132712636363235
1.49,0.131468429872231,0.0988509320157109,0.126070719775213,0.130829102122776
1.5,0.129517595665892,0.0979415034411664,0.124517344646355,0.128961601739672
1.51,0.127582950572142,0.0970427383871805,0.122979248787625,0.127110244821621
1.52,0.125664636789088,0.0961545088762055,0.121456412280018,0.125275134193275
1.53,0.123762789521523,0.0952766877738905,0.119948810726044,0.123456365975565
1.54,0.121877537032402,0.0944091488266078,0.118456415389917,0.121654029667122
1.55,0.120009000696986,0.0935517666961913,0.116979193336075,0.11986820822769
1.56,0.118157295059582,0.0927044169920173,0.115517107565973,0.118098978163444
1.57,0.116322527892807,0.0918669763005543,0.114070117153085,0.116346409614118
1.58,0.114504800259292,0.0910393222125016,0.112638177376072,0.114610566441834
1.59,0.112704206575771,0.0902213333476349,0.111221239850061,0.112891506321564
1.6,0.110920834679455,0.0894128893774693,0.109819252655991,0.111189280833109
1.61,0.109154765896647,0.088613871045848,0.108432160467993,0.109503935554515
1.62,0.107406075113484,0.0878241601875595,0.107059904678758,0.107835510156835
1.63,0.105674830848764,0.0870436397450821,0.105702423522864,0.106184038500137
1.64,0.103961095328764,0.0862721937835512,0.10435965219804,0.104549548730679
1.65,0.102264924563978,0.0855097075040405,0.103031522984328,0.102932063379167
1.66,0.100586368427691,0.084756067255243,0.101717965361131,0.101331599459983
1.67,0.0989254707363237,0.0840111605436382,0.100418906122127,0.0997481685713388
1.68,0.0972822693314675,0.0832748760422224,0.0991342694880249,0.0981817769962238
1.69,0.0956567961635239,0.0825471035978814,0.0978639772171596,0.0966324258041052
1.7,0.0940490773768869,0.0818277342374783,0.0966079487139118,0.0951001109532716
1.71,0.0924591333965807,0.0811166601727251,0.0953661011349409,0.0935848233937484
1.72,0.0908869790162829,0.0804137748039083,0.0941383494932336,0.0920865491707068
1.73,0.0893326234876549,0.0797189727225301,0.0929246067599599,0.090605269528286
1.74,0.0877960706109056,0.0790321497129284,0.0917247839641405,0.0891409610137526
1.75,0.0862773188265115,0.0783532027529331,0.0905387902901245,0.0876935955819216
1.76,0.0847763613080223,0.0776820300136155,0.0893665331728845,0.0862631406997674
1.77,0.0832931860558744,0.0770185308581845,0.088207918391134,0.0848495594511517
1.78,0.0818277759921428,0.0763626058400803,0.0870628501582768,0.0834528106415971
1.79,0.0803801090561542,0.0757141567003141,0.0859312312111972,0.0820728489030395
1.8,0.0789501583008942,0.0750730863641016,0.0848129628969038,0.0807096247984908
1.81,0.0775378919901339,0.0744392989368328,0.0837079452570416,0.0793630849265479
1.82,0.0761432736962073,0.0738126996994227,0.0826160771102862,0.0780331720256836
1.83,0.0747662623983676,0.0731931951030814,0.0815372561326364,0.0767198250782559
1.84,0.0734068125816569,0.0725806927635422,0.0804713789356258,0.0754229794141785
1.85,0.0720648743362179,0.0719751014547859,0.0794183411424704,0.0741425668141912
1.86,0.0707403934569833,0.071376331102294,0.0783780374621738,0.072878515612676
1.87,0.0694333115436742,0.0707842927758657,0.0773503617616119,0.0716307507999591
1.88,0.0681435661010446,0.0701988986820287,0.0763352071356191,0.0703991941240522
1.89,0.0668710906393071,0.069620062156075,0.0753324659751008,0.0691837641917749
1.9,0.0656158147746766,0.0690476976537507,0.0743420300331962,0.0679843765692133
1.91,0.0643776643299693,0.068481720742624,0.0733637904895166,0.0668009438814626
1.92,0.0631565614351987,0.0679220480931612,0.0723976380124865,0.0656333759116113
1.93,0.0619524246281052,0.0673685974695318,0.0714434628198135,0.0644815796989187
1.94,0.0607651689545647,0.0668212877201676,0.0705011547371142,0.0633454596361451
1.95,0.059594706068816,0.066280038768098,0.0695706032547263,0.0622249175659935
1.96,0.0584409443334515,0.0657447716010804,0.0686516975827323,0.0611198528766208
1.97,0.0573037889191172,0.0652154082615482,0.0677443267042265,0.0600301625961848
1.98,0.056183141903868,0.0646918718363935,0.0668483794268541,0.0589557414863865
1.99,0.0550789023721257,0.064174086446602,0.0659637444326511,0.057896482134978
2,0.0539909665131881,0.0636619772367581,0.0650903103262165,0.056852275047198
2.01,0.0529192277192403,0.0631554703644354,0.0642279656812458,0.0558230087361089
2.02,0.0518635766828205,0.0626544929894872,0.0633765990854575,0.0548085698118027
2.03,0.0508239014936912,0.0621589732632527,0.0625360991839435,0.0538088430694496
2.04,0.0498000877350708,0.0616688403176904,0.0617063547209706,0.0528237115761613
2.05,0.0487920185791828,0.0611840242544528,0.0608872545802703,0.0518530567566468
2.06,0.047799574882077,0.0607044561339138,0.0600786878238409,0.0508967584776357
2.07,0.0468226352776831,0.0602300679641603,0.0592805437292987,0.0499546951310484
2.08,0.0458610762710549,0.0597607926899577,0.0584927118258041,0.0490267437158921
2.09,0.0449147723307671,0.0592965641817013,0.0577150819285971,0.0481127799188652
2.1,0.0439835959804272,0.0588373172243606,0.0569475441721705,0.0472126781936532
2.11,0.0430674178892657,0.058382987506427,0.0561899890421132,0.0463263118388988
2.12,0.0421661069617703,0.0579335116088728,0.0554423074056511,0.0454535530748327
2.13,0.0412795304263304,0.0574888269941286,0.0547043905409197,0.0445942731185541
2.14,0.0404075539228603,0.0570488719950876,0.0539761301649941,0.0437483422579455
2.15,0.0395500415893702,0.0566135858041424,0.0532574184607103,0.0429156299242157
2.16,0.0387068561474556,0.0561829084622618,0.0525481481023029,0.042096004763059
2.17,0.0378778589866775,0.0557567808481127,0.0518482122798928,0.0412893347044246
2.18,0.0370629102478065,0.0553351446672329,0.0511575047228504,0.0404954870308891
2.19,0.0362618689049062,0.0549179424412606,0.0504759197220645,0.0397143284446276
2.2,0.0354745928462314,0.0545051174972244,0.0498033521511451,0.0389457251329787
2.21,0.0347009389539188,0.0540966139568992,0.0491396974865877,0.0381895428326002
2.22,0.0339407631824492,0.0536923767262315,0.0484848518269267,0.037445646892215
2.23,0.0331939206358611,0.0532923514848383,0.0478387119109055,0.0367139023339457
2.24,0.0324602656436974,0.0528964846755834,0.0472011751346901,0.035994173913238
2.25,0.0317396518356674,0.0525047234942335,0.046572139568152,0.0352863261773749
2.26,0.0310319322150083,0.0521170158791982,0.0459515039702479,0.0345902235225839
2.27,0.0303369592305316,0.0517333105013556,0.0453391678035199,0.0339057302497403
2.28,0.0296545848473413,0.0513535567539672,0.0447350312477446,0.0332327106186719
2.29,0.0289846606162094,0.0509777047426836,0.0441389952127514,0.0325710289010677
2.3,0.0283270377416012,0.0506057052756424,0.04355096135044,0.0319205494320002
2.31,0.0276815671483365,0.0502375098536624,0.0429708320660161,0.0312811366600655
2.32,0.0270480995468818,0.0498730706605338,0.0423985105284725,0.0306526551961503
2.33,0.0264264854972617,0.0495123405534058,0.0418339006803367,0.0300349698608323
2.34,0.0258165754715877,0.0491552730532755,0.041276907246709,0.0294279457304266
2.35,0.0252182199151944,0.0488018223355754,0.0407274357436125,0.0288314481816844
2.36,0.0246312693063825,0.0484519432208644,0.0401853924856785,0.0282453429351574
2.37,0.024055574214763,0.04810559116562,0.0396506845931859,0.0276694960972363
2.38,0.0234909853582014,0.0477627222531347,0.0391232199984791,0.027103774200879
2.39,0.0229373536583607,0.0474232931845161,0.0386029074517822,0.0265480442450372
2.4,0.0223945302948429,0.0470872612697915,0.038089656526432,0.0260021737327969
2.41,0.0218623667579294,0.046754584419117,0.0375833776235467,0.025466030708245
2.42,0.0213407148999228,0.0464252211340923,0.0370839819761532,0.0249394837920773
2.43,0.0208294269850922,0.0460991304991804,0.0365913816527884,0.0244224022159617
2.44,0.0203283557382258,0.0457762721732327,0.0361054895605956,0.0239146558556706
2.45,0.0198373543917953,0.0454566063811197,0.0356262194479327,0.0234161152630008
2.46,0.019356276731737,0.0451400939054669,0.0351534859065096,0.0229266516964936
2.47,0.0188849771418562,0.0448266960784958,0.0346872043730739,0.022446137150973
2.48,0.018423310646862,0.0445163747739694,0.0342272911306587,0.021974444385919
2.49,0.0179711329540396,0.0442090923992432,0.0337736633094124,0.0215114469526914
2.5,0.0175283004935685,0.0439048118874194,0.0333262388870228,0.0210570192206217
2.51,0.017094670457497,0.0436034966896057,0.0328849366887547,0.0206110364019923
2.52,0.016670100837381,0.0433051107672767,0.0324496763871131,0.0201733745759182
2.53,0.0162544504606005,0.0430096185847384,0.0320203785011494,0.0197439107111507
2.54,0.0158475790253608,0.042716985101695,0.0315969643954231,0.0193225226878209
2.55,0.0154493471343952,0.0424271757659168,0.0311793562786337,0.0189090893181412
2.56,0.0150596163273774,0.0421401565060091,0.0307674772019376,0.0185034903660838
2.57,0.01467824911206,0.0418558937242818,0.0303612510569612,0.0181056065660545
2.58,0.0143051089941497,0.0415743542897172,0.0299606025735248,0.0177153196405801
2.59,0.0139400605059358,0.0412955055310376,0.0295654573170895,0.0173325123170298
2.6,0.0135829692336856,0.0410193152298699,0.0291757416859393,0.0169570683433875
2.61,0.0132337018438214,0.0407457516140078,0.0287913829081096,0.0165888725030967
2.62,0.0128921261078953,0.0404747833507694,0.0284123090380756,0.0162278106289939
2.63,0.0125581109263782,0.0402063795404503,0.028038448953209,0.0158737696163529
2.64,0.012231526351278,0.0399405097098713,0.0276697323500173,0.0155266374350565
2.65,0.0119122436076052,0.0396771438060194,0.0273060897401727,0.015186303140917
2.66,0.0116001351137026,0.0394162521897804,0.0269474524463442,0.0148526568861625
2.67,0.0112950745004561,0.0391578056297643,0.0265937525978408,0.01452558992911
2.68,0.0109969366294056,0.03890177529622,0.0262449231260754,0.0142049946430427
2.69,0.0107055976097722,0.0386481327550407,0.0259008977598608,0.0138907645243128
2.7,0.0104209348144226,0.0383968499618565,0.0255616110205446,0.0135827941996859
2.71,0.0101428268947871,0.0381478992562158,0.0252269982169924,0.013280979432948
2.72,0.00987115379475114,0.0379012533558524,0.0248969954404298,0.0129852171307932
2.73,0.00960579676353958,0.0376568853510382,0.0245715395591475,0.0126954053480106
2.74,0.00934663836761228,0.0374147686990209,0.0242505682130824,0.0124114432919894
2.75,0.00909356250159105,0.0371748772185449,0.0239340198082774,0.01213323132656
2.76,0.00884645439823723,0.036937185084454,0.0236218335112318,0.0118606709751892
2.77,0.00860520063749966,0.0367016668223767,0.0233139492431465,0.0115936649235498
2.78,0.00836968915465302,0.036468297303491,0.0230103076740725,0.0113321170214788
2.79,0.00813980924754602,0.0362370517393689,0.022710850216969,0.0110759322843455
2.8,0.00791545158297997,0.0360079056768994,0.0224155190216773,0.0108250168938453
2.81,0.00769650820223731,0.0357808349932881,0.0221242569688179,0.0105792781982365
2.82,0.00748287252578055,0.0355558158911343,0.0218370076636157,0.0103386247120389
2.83,0.00727443935714122,0.035332824893582,0.0215537154296594,0.0101029661152089
2.84,0.00707110488601945,0.0351118388395463,0.0212743253026016,0.00987221325181086
2.85,0.00687276669061397,0.0348928348790124,0.0209987830238041,0.00964627812819786
2.86,0.00667932373920261,0.0346757904684072,0.0207270350339337,0.00942507391072161
2.87,0.00649067639099336,0.0344606833660417,0.0204590284665147,0.00920851492298544
2.88,0.00630672639626593,0.0342474916276242,0.0201947111414414,0.00899651664265721
2.89,0.00612737689582368,0.0340361936018424,0.0199340315584563,0.00878899569785786
2.9,0.00595253241977585,0.0338267679260139,0.0196769388905985,0.0085858698631407
2.91,0.00578209888566947,0.0336191935218038,0.0194233829776261,0.0083870580550771
2.92,0.00561598359599097,0.0334134495910093,0.0191733143194171,0.00819248032746326
2.93,0.00545409523505654,0.0332095156114086,0.0189266840693533,0.00800205786616296
2.94,0.00529634386531101,0.0330073713326756,0.0186834440276897,0.00781571298360084
2.95,0.00514264092305394,0.0328069967723567,0.0184435466349149,0.00763336911292007
2.96,0.00499289921361238,0.032608372211911,0.0182069449651043,0.007454950801819
2.97,0.00484703290597895,0.0324114781928123,0.017973592719271,0.00728038370607991
2.98,0.00470495752693397,0.0322162955127111,0.0177434442187163,0.00710959458280386
2.99,0.00456658995467014,0.0320228052216568,0.0175164543983845,0.00694251128336436
3,0.00443184841193801,0.0318309886183791,0.017292578800223,0.0067790627460931
3.01,0.00430065245873045,0.0316408272466268,0.0170717735665523,0.00661917898871038
3.02,0.00417292298452397,0.0314523028915646,0.0168539954334483,0.00646279110051268
3.03,0.00404858220009444,0.0312653975762252,0.0166392017241384,0.00630983123432926
3.04,0.00392755362892477,0.0310800935580173,0.0164273503424151,0.00616023259826009
3.05,0.0038097620982218,0.0308963733252891,0.0162183997660695,0.00601392944720662
3.06,0.00369513372955903,0.0307142195939433,0.0160123090403453,0.00587085707420631
3.07,0.00358359592916236,0.0305336153041075,0.0158090377714185,0.0057309518015828
3.08,0.00347507737785494,0.0303545436168552,0.0156085461199013,0.00559415097192191
3.09,0.00336950802067748,0.0301769879109783,0.0154107947943751,0.00546039293888441
3.1,0.00326681905619992,0.0300009317798106,0.0152157450449528,0.00532961705786582
3.11,0.00316694292554008,0.0298263590281004,0.0150233586568728,0.00520176367651313
3.12,0.00306981330110473,0.0296532536689327,0.014833597944126,0.00507677412510851
3.13,0.00297536507506825,0.0294815999206986,0.014646425743118,0.0049545907068296
3.14,0.00288353434760343,0.0293113822041135,0.0144618054063671,0.00483515668789509
3.15,0.00279425841487944,0.0291425851392804,0.0142797007962406,0.00471841628760568
3.16,0.0027074757568407,0.0289751935428006,0.0141000762787294,0.0046043146682883
3.17,0.00262312602478102,0.0288091924249283,0.0139228967172641,0.00449279792515264
3.18,0.00254115002872653,0.0286445669867707,0.013748127466571,0.00438381307606821
3.19,0.0024614897246407,0.0284813026175312,0.0135757343665723,0.00427730805126998
3.2,0.00238408820146485,0.0283193848917963,0.0134056837363289,0.00417323168300053
3.21,0.00230888966800649,0.0281587995668643,0.0132379423680282,0.00407153369509617
3.22,0.00223583943968853,0.027999532580116,0.0130724775210176,0.0039721646925247
3.23,0.00216488392517106,0.0278415700464266,0.0129092569158843,0.00387507615088158
3.24,0.00209597061285794,0.0276848982556177,0.0127482487285819,0.00378022040585173
3.25,0.00202904805729977,0.0275295036699495,0.0125894215846057,0.00368755064264366
3.26,0.00196406586550438,0.0273753729216511,0.012432744553216,0.00359702088540225
3.27,0.00190097468316608,0.027222492810491,0.0122781871417106,0.00350858598660654
3.28,0.00183972618082428,0.0270708503013838,0.0121257192897478,0.00342220161645865
3.29,0.00178027303996187,0.0269204325220347,0.0119753113637187,0.00333782425226955
3.3,0.00172256893905368,0.0267712267606216,0.0118269341511712,0.00325541116784757
3.31,0.00166656853957458,0.0266232204635116,0.0116805588552846,0.00317492042289468
3.32,0.00161222747197712,0.0264764012330143,0.0115361570893963,0.00309631085241624
3.33,0.00155950232164769,0.0263307568251694,0.0113937008715799,0.00301954205614895
3.34,0.00150835061485031,0.0261862751475691,0.0112531626192761,0.00294457438801204
3.35,0.00145873080466675,0.0260429442572134,0.0111145151439759,0.00287136894558629
3.36,0.00141060225694139,0.0259007523583999,0.0109777316459562,0.00279988755962532
3.37,0.0013639252362389,0.025759687800645,0.0108427857090688,0.00273009278360353
3.38,0.00131866089182274,0.0256197390766388,0.0107096512955824,0.00266194788330499
3.39,0.00127477124366183,0.0254808948202296,0.0105783027410776,0.00259541682645669
3.4,0.00123221916847302,0.0253431438044419,0.0104487147493952,0.00253046427241066
3.41,0.00119096838580612,0.025206474939523,0.010320862387638,0.00246705556187799
3.42,0.00115098344417848,0.025070877271021,0.0101947210812258,0.0024051567067185
3.43,0.00111222970726557,0.0249363399778918,0.0100702666090041,0.00234473437978931
3.44,0.00107467334015374,0.0248028523706357,0.00994747509840577,0.00228575590485541
3.45,0.00103828129566141,0.0246704038894626,0.00982632302066598,0.00222818924656527
3.46,0.00100302130073423,0.0245389841024847,0.0097067871860908,0.00217200300049425
3.47,0.000968861842919844,0.0244085827039384,0.00958884473937864,0.00211716638325866
3.48,0.000935772156927478,0.0242791895124322,0.00947247315499453,0.00206364922270285
3.49,0.000903722211277524,0.0241507944692218,0.00935765023259756,0.0020114219481619
3.5,0.00087268269504576,0.0240233876365125,0.00924435409252092,0.0019604555808021
3.51,0.000842625004706903,0.0238969591957861,0.0091325631713044,0.00191072172404137
3.52,0.000813521231081809,0.0237714994461548,0.00902225621727929,0.00186219255405181
3.53,0.000785344146392471,0.0236469988027391,0.00891341228620532,0.00181484081034607
3.54,0.000758067191428708,0.0235234477950716,0.00880601073695953,0.00176863978644938
3.55,0.000731664462830309,0.023400837065524,0.00870003122727682,0.00172356332065912
3.56,0.000706110700488035,0.0232791573677591,0.00859545370954167,0.00167958578689309
3.57,0.000681381275066891,0.0231583995652053,0.00849225842663118,0.00163668208562834
3.58,0.000657452175654676,0.0230385546295555,0.00839042590780876,0.00159482763493158
3.59,0.000634299997538758,0.0229196136392876,0.00828993696466839,0.00155399836158262
3.6,0.000611901930113773,0.0228015677782085,0.00819077268712906,0.00151417069229181
3.61,0.000590235744922787,0.0226844083340192,0.00809291443947908,0.00147532154501262
3.62,0.000569279783834251,0.0225681266969024,0.00799634385646984,0.00143742832035026
3.63,0.000549012947356957,0.0224527143581312,0.00790104283945895,0.00140046889306724
3.64,0.000529414683094934,0.0223381629086985,0.00780699355260195,0.00136442160368651
3.65,0.000510464974344185,0.0222244640379676,0.00771417841909274,0.00132926525019297
3.66,0.000492144328832893,0.0221116095323426,0.00762258011745196,0.00129497907983392
3.67,0.000474433767606621,0.0219995912739594,0.00753218157786314,0.00126154278101892
3.68,0.000457314814059858,0.0218884012393959,0.00744296597855624,0.0012289364753195
3.69,0.000440769483115133,0.0217780314984018,0.0073549167422381,0.00119714070956915
3.7,0.00042478027055075,0.0216684742126474,0.00726801753256939,0.00116613644806376
3.71,0.000409330142478077,0.0215597216344911,0.00718225225068793,0.00113590506486284
3.72,0.000394402524969156,0.0214517661057655,0.00709760503177746,0.00110642833619157
3.73,0.000379981293835321,0.0213446000565813,0.00701406024168204,0.00107768843294388
3.74,0.000366050764557335,0.0212382160041495,0.00693160247356518,0.00104966791328644
3.75,0.000352595682367445,0.021132606551621,0.00685021654461359,0.00102234971536371
3.76,0.000339601212483655,0.0210277643869432,0.00676988749278499,0.000995717150103725
3.77,0.000327052930496375,0.020923682281734,0.00669060057359958,0.000969753894124706
3.78,0.000314936812907522,0.0208203530901723,0.00661234125697473,0.000944443982742129
3.79,0.000303239227822003,0.0207177697479052,0.00653509522410256,0.00091977180307606
3.8,0.00029194692579146,0.0206159252709709,0.00645884836436984,0.000895722087258486
3.81,0.000281047030809986,0.020514812754738,0.00638358677231976,0.000872279905740231
3.82,0.000270527031461521,0.0204144253728605,0.00630929674465544,0.000849430660697111
3.83,0.000260374772218442,0.0203147563762479,0.00623596477728426,0.000827160079534915
3.84,0.000250578444890861,0.0202157990920505,0.00616357756240305,0.000805454208492681
3.85,0.000241126580225994,0.0201175469226602,0.00609212198562332,0.000784299406343803
3.86,0.000232008039656943,0.0200199933447251,0.0060215851231364,0.000763682338194416
3.87,0.000223212007200101,0.0199231319081793,0.00595195423891782,0.000743589969378461
3.88,0.000214727981500366,0.0198269562352869,0.00588321678197069,0.000724009559448844
3.89,0.000206545768023225,0.0197314600196993,0.00581536038360737,0.000704928656263998
3.9,0.000198655471392772,0.0196366370255269,0.0057483728547694,0.000686335090169228
3.91,0.000191047487874598,0.0195424810864245,0.00568224218338484,0.000668216968272107
3.92,0.000183712498002457,0.0194489861046895,0.0056169565317629,0.000650562668811187
3.93,0.000176641459347571,0.0193561460503737,0.0055525042340252,0.000633360835617301
3.94,0.000169825599429344,0.0192639549604076,0.00548887379357342,0.000616600372666635
3.95,0.000163256408766241,0.0191724069377377,0.00542605388059276,0.00060027043872482
3.96,0.000156925634065532,0.0190814961504766,0.00536403332959091,0.000584360442081202
3.97,0.000150825271550518,0.0189912168310646,0.00530280113697195,0.000568860035372426
3.98,0.000144947560423891,0.0189015632754442,0.00524234645864494,0.000553759110494533
3.99,0.00013928497646576,0.0188125298422462,0.00518265860766662,0.00053904779360265
4,0.000133830225764885,0.0187241109519877,0.00512372705191791,0.000524716440197408
4.01,0.000128576238581621,0.0186363010862812,0.00506554141181376,0.000510755630297178
4.02,0.000123516163341024,0.0185490947870557,0.00500809145804582,0.000497156163695216
4.03,0.000118643360754566,0.0184624866557889,0.00495136710935781,0.000483909055300776
4.04,0.000113951398068864,0.0183764713527498,0.00489535843035281,0.000471005530563276
4.05,0.0001094340434398,0.0182910435962529,0.00484005562933237,0.000458437020978553
4.06,0.0001050852604304,0.0182061981619226,0.00478544905616687,0.000446195159676236
4.07,0.000100899202630814,0.0181219298819686,0.00473152920019675,0.000434271777087321
4.08,9.68702083987193e-05,0.0180382336444709,0.00467828668816432,0.00042265889669092
4.09,9.29927957184459e-05,0.0179551043926755,0.00462571228217555,0.000411348730839251
4.1,8.92616571771329e-05,0.0178725371243004,0.00457379687769172,0.000400333676659862
4.11,8.56716550561822e-05,0.0177905268908508,0.00452253150155024,0.000389606312034113
4.12,8.22178165362856e-05,0.017709068796944,0.0044719073100145,0.000379159391650912
4.13,7.88953290142928e-05,0.017628157999645,0.0044219155868523,0.00036898584313476
4.14,7.56995355301609e-05,0.01754778970781,0.00437254774144232,0.000359078763247019
4.15,7.26259303022523e-05,0.01746795918144,0.00432379530690855,0.000349431414159512
4.16,6.96701543692143e-05,0.0173886617310435,0.00427564993828204,0.000340037219799391
4.17,6.68279913366906e-05,0.0173098927170081,0.00422810341068977,0.000330889762264293
4.18,6.40953632271061e-05,0.0172316475489807,0.00418114761757015,0.000321982778306796
4.19,6.14683264307694e-05,0.0171539216852566,0.00413477456891498,0.000313310155887178
4.2,5.89430677565396e-05,0.0170767106321776,0.00408897638953717,0.000304865930793488
4.21,5.65159005803072e-05,0.0170000099435375,0.00404374531736436,0.000296644283327931
4.22,5.418326108954e-05,0.0169238152199969,0.00399907370175755,0.000288639535058584
4.23,5.19417046221598e-05,0.0168481221085059,0.00395495400185477,0.000280846145635476
4.24,4.97879020980121e-05,0.0167729263017342,0.00391137878493939,0.000273258709670028
4.25,4.7718636541205e-05,0.0166982235375103,0.00386834072483253,0.000265871953676888
4.26,4.57307996916013e-05,0.0166240095982677,0.00382583260030945,0.000258680733077202
4.27,4.38213887037581e-05,0.0165502803104987,0.00378384729353952,0.000251680029262336
4.28,4.19875029316175e-05,0.0164770315442164,0.00374237778854939,0.000244864946717106
4.29,4.02263407972648e-05,0.0164042592124237,0.00370141716970906,0.000238230710201557
4.3,3.8535196742087e-05,0.0163319592705896,0.00366095862024062,0.000231772661990344
4.31,3.69114582586661e-05,0.016260127716133,0.00362099542074916,0.000225486259168769
4.32,3.53526030017731e-05,0.0161887605879135,0.00358152094777571,0.000219367070984557
4.33,3.38561959768279e-05,0.0161178539657293,0.00354252867237177,0.000213410776254425
4.34,3.24198868042138e-05,0.0160474039698215,0.00350401215869523,0.000207613160824543
4.35,3.10414070578503e-05,0.015977406760386,0.00346596506262732,0.000201970115083967
4.36,2.97185676764423e-05,0.0159078585370917,0.00342838113041022,0.000196477631530137
4.37,2.84492564458442e-05,0.015838755538605,0.00339125419730518,0.000191131802385555
4.38,2.72314355509925e-05,0.0157700940421212,0.00335457818627075,0.000185928817264766
4.39,2.60631391958783e-05,0.0157018703629022,0.0033183471066609,0.000180864960890725
4.4,2.49424712900535e-05,0.0156340808538208,0.00328255505294261,0.000175936610859738
4.41,2.38676032001796e-05,0.01556672190491,0.00324719620343287,0.000171140235454068
4.42,2.28367715651469e-05,0.0154997899429204,0.00321226481905457,0.00016647239150139
4.43,2.18482761733165e-05,0.0154332814308816,0.00317775524211119,0.000161929722280226
4.44,2.09004779004505e-05,0.015367192867671,0.0031436618950799,0.000157508955470558
4.45,1.99917967069227e-05,0.0153015207875876,0.00310997927942286,0.000153206901148769
4.46,1.91207096928177e-05,0.0152362617599318,0.00307670197441648,0.000149020449826121
4.47,1.82857492095473e-05,0.0151714123885911,0.00304382463599824,0.000144946570529948
4.48,1.74855010266391e-05,0.015106969311631,0.00301134199563099,0.000140982308926793
4.49,1.67186025523651e-05,0.0150429292008918,0.00297924885918437,0.000137124785486686
4.5,1.59837411069055e-05,0.0149792887615902,0.00294754010583311,0.000133371193687803
4.51,1.52796522467616e-05,0.0149160447319268,0.00291621068697196,0.000129718798260731
4.52,1.46051181391529e-05,0.0148531938826989,0.00288525562514707,0.000126164933471603
4.53,1.39589659851548e-05,0.014790733016918,0.00285467001300344,0.000122707001443342
4.54,1.33400664903558e-05,0.0147286589694326,0.00282444901224834,0.000119342470514293
4.55,1.27473323818334e-05,0.0146669686065564,0.00279458785263041,0.000116068873633513
4.56,1.21797169702687e-05,0.0146056588257007,0.00276508183093415,0.000112883806792014
4.57,1.16362127560427e-05,0.0145447265550124,0.00273592630998967,0.000109784927489246
4.58,1.11158500781778e-05,0.0144841687530164,0.00270711671769746,0.000106769953234139
4.59,1.06176958050084e-05,0.0144239824082631,0.00267864854606779,0.00010383666008001
4.6,1.01408520654868e-05,0.0143641645389797,0.00265051735027484,0.000100982881192679
4.61,9.68445502005147e-06,0.0143047121927275,0.00262271874772498,9.82065054511096e-05
4.62,9.24767367000557e-06,0.0142456224460621,0.00259524841713927,9.55054760799379e-05
4.63,8.82970870437405e-06,0.0141868924041998,0.00256810209764986,9.28777893132523e-05
4.64,8.42979138322874e-06,0.0141285192006867,0.00254127558790997,9.03214930889699e-05
4.65,8.0471824564923e-06,0.0140704999970733,0.00251476474521748,8.78346857732091e-05
4.66,7.68117111725046e-06,0.0140128319825931,0.00248856548465177,8.54155149140365e-05
4.67,7.33107398862394e-06,0.0139555123738449,0.00246267377822357,8.30621760239844e-05
4.68,6.9962341432704e-06,0.0138985384144802,0.00243708565403779,8.07729113907503e-05
4.69,6.67602015460749e-06,0.0138419073748936,0.00241179719546898,7.8546008915492e-05
4.7,6.36982517886707e-06,0.0137856165519182,0.00238680454034931,7.63798009781466e-05
4.71,6.07706606711109e-06,0.0137296632685241,0.00236210388016884,7.42726633292105e-05
4.72,5.79718250635727e-06,0.0136740448735218,0.00233769145928796,7.22230140074197e-05
4.73,5.52963618898405e-06,0.0136187587412683,0.00231356357416168,7.02293122827937e-05
4.74,5.2739100096013e-06,0.013563802271378,0.00228971657257579,6.82900576245054e-05
4.75,5.02950728859245e-06,0.0135091728884367,0.00226614685289448,6.64037886930417e-05
4.76,4.79595102155252e-06,0.0134548680417198,0.00224285086331948,6.45690823561516e-05
4.77,4.57278315386414e-06,0.0134008852049135,0.00221982510116034,6.27845527280627e-05
4.78,4.35956387967165e-06,0.0133472218758403,0.0021970661121158,6.10488502314707e-05
4.79,4.15587096453118e-06,0.0132938755761875,0.00217457048956606,5.93606606818127e-05
4.8,3.96129909103206e-06,0.0132408438512392,0.00215233487387578,5.77187043933406e-05
4.81,3.77545922670133e-06,0.0131881242696123,0.00213035595170758,5.61217353065227e-05
4.82,3.59797801352125e-06,0.0131357144229953,0.00210863045534606,5.45685401363097e-05
4.83,3.42849717840504e-06,0.0130836119258902,0.00208715516203191,5.30579375408073e-05
4.84,3.26667296399328e-06,0.0130318144153589,0.00206592689330623,5.15887773099134e-05
4.85,3.11217557914894e-06,0.0129803195507714,0.0020449425143647,5.01599395734729e-05
4.86,2.96468866854528e-06,0.0129291250135579,0.0020241989334216,4.87703340285267e-05
4.87,2.82390880075581e-06,0.0128782285069645,0.00200369310108338,4.74188991852285e-05
4.88,2.68954497427151e-06,0.0128276277558108,0.00198342200973177,4.61046016310156e-05
4.89,2.56131814088453e-06,0.0127773205062516,0.00196338269291619,4.48264353126274e-05
4.9,2.43896074589335e-06,0.0127273045255414,0.00194357222475539,4.35834208355712e-05
4.91,2.322216284598e-06,0.0126775776018014,0.0019239877193481,4.23746047806477e-05
4.92,2.21083887456842e-06,0.0126281375437901,0.0019046263301926,4.1199059037147e-05
4.93,2.10459284318313e-06,0.0125789821806761,0.00188548524961513,4.00558801523456e-05
4.94,2.0032523299485e-06,0.0125301093618145,0.00186656170820685,3.89441886969293e-05
4.95,1.9066009031228e-06,0.0124815169565255,0.00184785297426934,3.78631286459856e-05
4.96,1.81443119018202e-06,0.012433202853876,0.00182935635326852,3.68118667752088e-05
4.97,1.72654452167706e-06,0.012385164962464,0.00181106918729677,3.57895920719707e-05
4.98,1.64275058804507e-06,0.0123374012102057,0.00179298885454317,3.47955151609172e-05
4.99,1.56286710894929e-06,0.012289909544125,0.00177511276877181,3.38288677437581e-05
5,1.4867195147343e-06,0.0122426879301458,0.00175743837880785,3.28889020529224e-05
