"iteration","toss","cum_mean"
1,0,0
2,1,0.5
3,0,0.333333333333333
4,0,0.25
5,1,0.4
6,0,0.333333333333333
7,1,0.428571428571429
8,1,0.5
9,1,0.555555555555556
10,0,0.5
11,0,0.454545454545455
12,0,0.416666666666667
13,0,0.384615384615385
14,0,0.357142857142857
15,0,0.333333333333333
16,0,0.3125
17,1,0.352941176470588
18,0,0.333333333333333
19,1,0.368421052631579
20,0,0.35
21,0,0.333333333333333
22,0,0.318181818181818
23,1,0.347826086956522
24,1,0.375
25,0,0.36
26,1,0.384615384615385
27,1,0.407407407407407
28,0,0.392857142857143
29,0,0.379310344827586
30,0,0.366666666666667
31,1,0.387096774193548
32,1,0.40625
33,1,0.424242424242424
34,1,0.441176470588235
35,1,0.457142857142857
36,0,0.444444444444444
37,0,0.432432432432432
38,1,0.447368421052632
39,0,0.435897435897436
40,1,0.45
41,1,0.463414634146341
42,0,0.452380952380952
43,0,0.441860465116279
44,0,0.431818181818182
45,0,0.422222222222222
46,1,0.434782608695652
47,1,0.446808510638298
48,1,0.458333333333333
49,0,0.448979591836735
50,0,0.44
51,1,0.450980392156863
52,1,0.461538461538462
53,1,0.471698113207547
54,1,0.481481481481481
55,1,0.490909090909091
56,1,0.5
57,0,0.491228070175439
58,1,0.5
59,1,0.508474576271186
60,1,0.516666666666667
61,0,0.508196721311475
62,1,0.516129032258065
63,1,0.523809523809524
64,0,0.515625
65,0,0.507692307692308
66,1,0.515151515151515
67,1,0.522388059701492
68,1,0.529411764705882
69,1,0.536231884057971
70,0,0.528571428571429
71,1,0.535211267605634
72,0,0.527777777777778
73,1,0.534246575342466
74,0,0.527027027027027
75,1,0.533333333333333
76,0,0.526315789473684
77,1,0.532467532467532
78,1,0.538461538461538
79,0,0.531645569620253
80,0,0.525
81,1,0.530864197530864
82,1,0.536585365853659
83,1,0.542168674698795
84,0,0.535714285714286
85,1,0.541176470588235
86,0,0.534883720930233
87,0,0.528735632183908
88,0,0.522727272727273
89,0,0.51685393258427
90,1,0.522222222222222
91,0,0.516483516483517
92,1,0.521739130434783
93,1,0.526881720430108
94,1,0.531914893617021
95,1,0.536842105263158
96,1,0.541666666666667
97,1,0.54639175257732
98,1,0.551020408163265
99,1,0.555555555555556
100,0,0.55
101,0,0.544554455445545
102,0,0.53921568627451
103,1,0.54368932038835
104,1,0.548076923076923
105,1,0.552380952380952
106,0,0.547169811320755
107,1,0.551401869158878
108,1,0.555555555555556
109,1,0.559633027522936
110,0,0.554545454545455
111,0,0.54954954954955
112,1,0.553571428571429
113,0,0.548672566371681
114,0,0.543859649122807
115,0,0.539130434782609
116,0,0.53448275862069
117,0,0.52991452991453
118,1,0.533898305084746
119,1,0.53781512605042
120,1,0.541666666666667
121,1,0.545454545454545
122,0,0.540983606557377
123,1,0.544715447154472
124,1,0.548387096774194
125,0,0.544
126,1,0.547619047619048
127,0,0.543307086614173
128,0,0.5390625
129,1,0.542635658914729
130,1,0.546153846153846
131,0,0.541984732824427
132,1,0.545454545454545
133,0,0.541353383458647
134,1,0.544776119402985
135,1,0.548148148148148
136,0,0.544117647058823
137,0,0.54014598540146
138,0,0.536231884057971
139,1,0.539568345323741
140,1,0.542857142857143
141,0,0.539007092198582
142,1,0.542253521126761
143,1,0.545454545454545
144,0,0.541666666666667
145,0,0.537931034482759
146,0,0.534246575342466
147,1,0.537414965986395
148,0,0.533783783783784
149,1,0.536912751677852
150,0,0.533333333333333
151,0,0.529801324503311
152,0,0.526315789473684
153,0,0.522875816993464
154,1,0.525974025974026
155,0,0.52258064516129
156,1,0.525641025641026
157,1,0.528662420382166
158,0,0.525316455696203
159,0,0.522012578616352
160,1,0.525
161,1,0.527950310559006
162,1,0.530864197530864
163,1,0.533742331288344
164,1,0.536585365853659
165,1,0.539393939393939
166,1,0.542168674698795
167,1,0.544910179640719
168,1,0.547619047619048
169,1,0.550295857988166
170,0,0.547058823529412
171,0,0.543859649122807
172,0,0.540697674418605
173,0,0.53757225433526
174,1,0.540229885057471
175,1,0.542857142857143
176,1,0.545454545454545
177,1,0.548022598870056
178,0,0.544943820224719
179,0,0.541899441340782
180,1,0.544444444444444
181,1,0.546961325966851
182,1,0.54945054945055
183,1,0.551912568306011
184,0,0.548913043478261
185,0,0.545945945945946
186,1,0.548387096774194
187,1,0.550802139037433
188,1,0.553191489361702
189,0,0.55026455026455
190,0,0.547368421052632
191,0,0.544502617801047
192,1,0.546875
193,0,0.544041450777202
194,1,0.54639175257732
195,1,0.548717948717949
196,0,0.545918367346939
197,0,0.543147208121827
198,1,0.545454545454545
199,0,0.542713567839196
200,0,0.54
201,1,0.54228855721393
202,1,0.544554455445545
203,1,0.54679802955665
204,0,0.544117647058823
205,1,0.546341463414634
206,0,0.54368932038835
207,1,0.545893719806763
208,0,0.543269230769231
209,0,0.54066985645933
210,0,0.538095238095238
211,0,0.535545023696682
212,1,0.537735849056604
213,0,0.535211267605634
214,1,0.537383177570093
215,0,0.534883720930233
216,1,0.537037037037037
217,0,0.534562211981567
218,1,0.536697247706422
219,1,0.538812785388128
220,0,0.536363636363636
221,1,0.538461538461538
222,0,0.536036036036036
223,0,0.533632286995516
224,1,0.535714285714286
225,0,0.533333333333333
226,0,0.530973451327434
227,1,0.533039647577093
228,0,0.530701754385965
229,0,0.528384279475983
230,0,0.526086956521739
231,0,0.523809523809524
232,1,0.525862068965517
233,1,0.527896995708155
234,0,0.525641025641026
235,1,0.527659574468085
236,1,0.529661016949153
237,1,0.531645569620253
238,0,0.529411764705882
239,0,0.527196652719665
240,1,0.529166666666667
241,1,0.531120331950207
242,1,0.533057851239669
243,0,0.530864197530864
244,0,0.528688524590164
245,0,0.526530612244898
246,1,0.528455284552846
247,1,0.530364372469636
248,0,0.528225806451613
249,0,0.526104417670683
250,0,0.524
251,0,0.52191235059761
252,0,0.51984126984127
253,0,0.517786561264822
254,0,0.515748031496063
255,0,0.513725490196078
256,1,0.515625
257,1,0.517509727626459
258,0,0.515503875968992
259,0,0.513513513513513
260,1,0.515384615384615
261,1,0.517241379310345
262,0,0.515267175572519
263,1,0.517110266159696
264,1,0.518939393939394
265,0,0.516981132075472
266,1,0.518796992481203
267,0,0.51685393258427
268,0,0.514925373134328
269,1,0.516728624535316
270,1,0.518518518518518
271,0,0.51660516605166
272,0,0.514705882352941
273,0,0.512820512820513
274,0,0.510948905109489
275,0,0.509090909090909
276,1,0.510869565217391
277,0,0.509025270758123
278,0,0.507194244604317
279,0,0.505376344086022
280,0,0.503571428571429
281,1,0.505338078291815
282,1,0.50709219858156
283,0,0.50530035335689
284,1,0.507042253521127
285,1,0.508771929824561
286,1,0.51048951048951
287,1,0.51219512195122
288,0,0.510416666666667
289,1,0.512110726643599
290,1,0.513793103448276
291,0,0.512027491408935
292,0,0.51027397260274
293,0,0.508532423208191
294,1,0.510204081632653
295,1,0.511864406779661
296,1,0.513513513513513
297,1,0.515151515151515
298,0,0.513422818791946
299,1,0.51505016722408
300,1,0.516666666666667
301,1,0.518272425249169
302,1,0.519867549668874
303,1,0.521452145214521
304,0,0.519736842105263
305,1,0.521311475409836
306,1,0.522875816993464
307,1,0.52442996742671
308,1,0.525974025974026
309,1,0.527508090614887
310,1,0.529032258064516
311,0,0.527331189710611
312,1,0.528846153846154
313,1,0.53035143769968
314,0,0.528662420382166
315,1,0.53015873015873
316,0,0.528481012658228
317,1,0.529968454258675
318,1,0.531446540880503
319,0,0.529780564263323
320,0,0.528125
321,1,0.529595015576324
322,1,0.531055900621118
323,1,0.532507739938081
324,0,0.530864197530864
325,0,0.529230769230769
326,1,0.530674846625767
327,1,0.532110091743119
328,1,0.533536585365854
329,0,0.531914893617021
330,0,0.53030303030303
331,0,0.528700906344411
332,1,0.530120481927711
333,0,0.528528528528528
334,0,0.526946107784431
335,0,0.525373134328358
336,0,0.523809523809524
337,0,0.522255192878338
338,1,0.523668639053254
339,0,0.52212389380531
340,1,0.523529411764706
341,0,0.521994134897361
342,1,0.523391812865497
343,1,0.524781341107872
344,1,0.526162790697674
345,1,0.527536231884058
346,0,0.526011560693642
347,0,0.524495677233429
348,1,0.525862068965517
349,0,0.524355300859599
350,0,0.522857142857143
351,1,0.524216524216524
352,0,0.522727272727273
353,1,0.524079320113314
354,1,0.525423728813559
355,0,0.523943661971831
356,0,0.52247191011236
357,0,0.521008403361345
358,0,0.519553072625698
359,1,0.520891364902507
360,1,0.522222222222222
361,1,0.523545706371191
362,1,0.524861878453039
363,0,0.523415977961432
364,1,0.524725274725275
365,0,0.523287671232877
366,1,0.524590163934426
367,1,0.525885558583106
368,0,0.52445652173913
369,1,0.525745257452574
370,1,0.527027027027027
371,1,0.528301886792453
372,0,0.526881720430108
373,1,0.528150134048257
374,0,0.526737967914438
375,0,0.525333333333333
376,1,0.526595744680851
377,0,0.525198938992042
378,0,0.523809523809524
379,0,0.522427440633245
380,1,0.523684210526316
381,0,0.522309711286089
382,1,0.523560209424084
383,0,0.522193211488251
384,1,0.5234375
385,1,0.524675324675325
386,0,0.523316062176166
387,0,0.521963824289406
388,0,0.520618556701031
389,0,0.519280205655527
390,0,0.517948717948718
391,0,0.516624040920716
392,1,0.517857142857143
393,1,0.519083969465649
394,1,0.520304568527919
395,0,0.518987341772152
396,1,0.52020202020202
397,0,0.518891687657431
398,1,0.520100502512563
399,0,0.518796992481203
400,0,0.5175
401,0,0.516209476309227
402,0,0.514925373134328
403,0,0.513647642679901
404,1,0.514851485148515
405,0,0.51358024691358
406,1,0.514778325123153
407,1,0.515970515970516
408,1,0.517156862745098
409,1,0.518337408312958
410,0,0.517073170731707
411,1,0.518248175182482
412,0,0.516990291262136
413,0,0.515738498789346
414,1,0.516908212560386
415,0,0.51566265060241
416,1,0.516826923076923
417,0,0.515587529976019
418,1,0.516746411483254
419,1,0.517899761336515
420,1,0.519047619047619
421,1,0.520190023752969
422,0,0.518957345971564
423,0,0.517730496453901
424,1,0.518867924528302
425,0,0.517647058823529
426,1,0.518779342723005
427,0,0.517564402810304
428,0,0.516355140186916
429,1,0.517482517482518
430,1,0.518604651162791
431,1,0.519721577726218
432,0,0.518518518518518
433,1,0.519630484988453
434,0,0.518433179723502
435,0,0.517241379310345
436,1,0.518348623853211
437,0,0.517162471395881
438,0,0.515981735159817
439,1,0.517084282460137
440,1,0.518181818181818
441,0,0.517006802721088
442,1,0.518099547511312
443,1,0.519187358916479
444,1,0.52027027027027
445,1,0.521348314606742
446,1,0.522421524663677
447,1,0.523489932885906
448,0,0.522321428571429
449,1,0.523385300668151
450,0,0.522222222222222
451,0,0.521064301552106
452,0,0.519911504424779
453,1,0.520971302428256
454,0,0.519823788546256
455,1,0.520879120879121
456,1,0.521929824561403
457,0,0.520787746170678
458,0,0.519650655021834
459,1,0.520697167755991
460,1,0.521739130434783
461,1,0.522776572668113
462,0,0.521645021645022
463,1,0.52267818574514
464,0,0.521551724137931
465,0,0.520430107526882
466,0,0.51931330472103
467,1,0.5203426124197
468,0,0.519230769230769
469,0,0.518123667377399
470,1,0.519148936170213
471,0,0.518046709129512
472,0,0.516949152542373
473,1,0.517970401691332
474,1,0.518987341772152
475,1,0.52
476,0,0.51890756302521
477,0,0.517819706498952
478,0,0.51673640167364
479,1,0.517745302713987
480,0,0.516666666666667
481,0,0.515592515592516
482,1,0.516597510373444
483,1,0.5175983436853
484,0,0.516528925619835
485,1,0.517525773195876
486,0,0.516460905349794
487,0,0.515400410677618
488,1,0.516393442622951
489,0,0.515337423312883
490,0,0.514285714285714
491,0,0.513238289205703
492,0,0.51219512195122
493,1,0.513184584178499
494,1,0.51417004048583
495,1,0.515151515151515
496,0,0.514112903225806
497,0,0.51307847082495
498,0,0.512048192771084
499,1,0.513026052104208
500,0,0.512
501,1,0.512974051896208
502,0,0.51195219123506
503,1,0.512922465208748
504,0,0.511904761904762
505,0,0.510891089108911
506,0,0.509881422924901
507,0,0.50887573964497
508,0,0.507874015748031
509,0,0.506876227897839
510,1,0.507843137254902
511,1,0.50880626223092
512,0,0.5078125
513,0,0.50682261208577
514,1,0.507782101167315
515,0,0.506796116504854
516,1,0.507751937984496
517,0,0.506769825918762
518,1,0.507722007722008
519,0,0.506743737957611
520,1,0.507692307692308
521,0,0.506717850287908
522,0,0.505747126436782
523,1,0.506692160611855
524,1,0.50763358778626
525,1,0.508571428571429
526,1,0.509505703422053
527,1,0.510436432637571
528,1,0.511363636363636
529,1,0.512287334593573
530,1,0.513207547169811
531,1,0.514124293785311
532,0,0.513157894736842
533,0,0.51219512195122
534,1,0.51310861423221
535,0,0.51214953271028
536,1,0.513059701492537
537,0,0.512104283054004
538,0,0.511152416356877
539,1,0.512059369202226
540,1,0.512962962962963
541,1,0.513863216266174
542,0,0.512915129151292
543,1,0.513812154696133
544,0,0.512867647058823
545,0,0.511926605504587
546,0,0.510989010989011
547,0,0.510054844606947
548,1,0.510948905109489
549,0,0.510018214936248
550,1,0.510909090909091
551,0,0.509981851179673
552,0,0.509057971014493
553,0,0.508137432188065
554,0,0.507220216606498
555,1,0.508108108108108
556,0,0.507194244604317
557,0,0.506283662477558
558,1,0.507168458781362
559,0,0.506261180679785
560,1,0.507142857142857
561,0,0.506238859180036
562,1,0.50711743772242
563,0,0.506216696269982
564,1,0.50709219858156
565,1,0.507964601769912
566,1,0.508833922261484
567,1,0.509700176366843
568,1,0.51056338028169
569,0,0.509666080843585
570,0,0.508771929824561
571,1,0.509632224168126
572,1,0.51048951048951
573,1,0.511343804537522
574,0,0.510452961672474
575,0,0.509565217391304
576,0,0.508680555555556
577,0,0.507798960138648
578,1,0.508650519031142
579,1,0.509499136442142
580,1,0.510344827586207
581,1,0.51118760757315
582,0,0.510309278350515
583,1,0.51114922813036
584,0,0.51027397260274
585,0,0.509401709401709
586,1,0.510238907849829
587,0,0.509369676320273
588,0,0.508503401360544
589,0,0.507640067911715
590,0,0.506779661016949
591,0,0.505922165820643
592,1,0.506756756756757
593,1,0.507588532883642
594,1,0.508417508417508
595,0,0.507563025210084
596,1,0.508389261744966
597,0,0.507537688442211
598,0,0.506688963210702
599,0,0.50584307178631
600,1,0.506666666666667
601,1,0.507487520798669
602,0,0.506644518272425
603,1,0.507462686567164
604,0,0.506622516556291
605,0,0.505785123966942
606,0,0.504950495049505
607,1,0.505766062602965
608,1,0.506578947368421
609,1,0.507389162561576
610,1,0.508196721311475
611,0,0.507364975450082
612,0,0.506535947712418
613,1,0.507340946166395
614,0,0.506514657980456
615,0,0.505691056910569
616,0,0.50487012987013
617,0,0.504051863857374
618,1,0.504854368932039
619,0,0.504038772213247
620,1,0.504838709677419
621,1,0.505636070853462
622,0,0.504823151125402
623,1,0.50561797752809
624,1,0.506410256410256
625,0,0.5056
626,1,0.506389776357827
627,1,0.507177033492823
628,1,0.50796178343949
629,1,0.508744038155803
630,0,0.507936507936508
631,0,0.507131537242472
632,0,0.506329113924051
633,0,0.505529225908373
634,0,0.504731861198738
635,1,0.505511811023622
636,0,0.504716981132076
637,1,0.505494505494505
638,1,0.506269592476489
639,0,0.50547730829421
640,0,0.5046875
641,0,0.50390015600624
642,1,0.504672897196262
643,1,0.505443234836703
644,1,0.506211180124224
645,1,0.506976744186047
646,0,0.506191950464396
647,0,0.505409582689335
648,0,0.50462962962963
649,0,0.503852080123267
650,0,0.503076923076923
651,1,0.50384024577573
652,0,0.503067484662577
653,0,0.50229709035222
654,1,0.503058103975535
655,1,0.50381679389313
656,0,0.503048780487805
657,1,0.503805175038052
658,0,0.503039513677812
659,0,0.502276176024279
660,1,0.503030303030303
661,0,0.502269288956127
662,0,0.501510574018127
663,0,0.500754147812971
664,0,0.5
665,0,0.499248120300752
666,1,0.5
667,0,0.499250374812594
668,1,0.5
669,0,0.499252615844544
670,1,0.5
671,0,0.499254843517139
672,1,0.5
673,1,0.50074294205052
674,1,0.501483679525223
675,1,0.502222222222222
676,0,0.501479289940828
677,1,0.502215657311669
678,1,0.502949852507375
679,1,0.503681885125184
680,1,0.504411764705882
681,0,0.50367107195301
682,1,0.504398826979472
683,1,0.505124450951684
684,1,0.505847953216374
685,1,0.506569343065693
686,1,0.507288629737609
687,1,0.508005822416303
688,0,0.507267441860465
689,0,0.506531204644412
690,0,0.505797101449275
691,0,0.50506512301013
692,1,0.505780346820809
693,1,0.506493506493506
694,0,0.505763688760807
695,1,0.506474820143885
696,0,0.505747126436782
697,0,0.505021520803443
698,1,0.505730659025788
699,1,0.506437768240343
700,0,0.505714285714286
701,0,0.504992867332382
702,1,0.505698005698006
703,1,0.506401137980085
704,1,0.507102272727273
705,0,0.506382978723404
706,0,0.505665722379603
707,0,0.504950495049505
708,0,0.504237288135593
709,0,0.503526093088858
710,1,0.504225352112676
711,0,0.50351617440225
712,1,0.504213483146067
713,1,0.504908835904628
714,0,0.504201680672269
715,0,0.503496503496504
716,1,0.504189944134078
717,1,0.504881450488145
718,1,0.505571030640669
719,0,0.504867872044506
720,0,0.504166666666667
721,0,0.503467406380028
722,0,0.502770083102493
723,0,0.50207468879668
724,1,0.502762430939227
725,1,0.503448275862069
726,1,0.504132231404959
727,1,0.504814305364512
728,0,0.504120879120879
729,0,0.503429355281207
730,1,0.504109589041096
731,0,0.503419972640219
732,1,0.504098360655738
733,0,0.503410641200546
734,1,0.50408719346049
735,0,0.503401360544218
736,0,0.502717391304348
737,0,0.502035278154681
738,1,0.502710027100271
739,0,0.502029769959405
740,1,0.502702702702703
741,0,0.502024291497976
742,1,0.502695417789757
743,0,0.502018842530283
744,0,0.501344086021505
745,1,0.502013422818792
746,1,0.502680965147453
747,0,0.502008032128514
748,1,0.502673796791444
749,1,0.503337783711616
750,1,0.504
751,1,0.504660452729694
752,0,0.503989361702128
753,1,0.50464807436919
754,1,0.505305039787798
755,1,0.505960264900662
756,1,0.506613756613757
757,0,0.505944517833554
758,1,0.506596306068602
759,0,0.505928853754941
760,0,0.505263157894737
761,1,0.505913272010513
762,1,0.506561679790026
763,1,0.507208387942333
764,1,0.507853403141361
765,0,0.50718954248366
766,1,0.507832898172324
767,0,0.507170795306389
768,0,0.506510416666667
769,0,0.505851755526658
770,1,0.506493506493506
771,0,0.505836575875486
772,1,0.506476683937824
773,0,0.505821474773609
774,1,0.506459948320413
775,1,0.507096774193548
776,1,0.507731958762887
777,1,0.508365508365508
778,1,0.508997429305913
779,0,0.508344030808729
780,1,0.508974358974359
781,0,0.508322663252241
782,1,0.508951406649616
783,1,0.509578544061303
784,0,0.508928571428571
785,0,0.50828025477707
786,0,0.50763358778626
787,0,0.506988564167726
788,1,0.50761421319797
789,0,0.506970849176172
790,1,0.507594936708861
791,1,0.508217446270544
792,0,0.507575757575758
793,1,0.508196721311475
794,0,0.507556675062972
795,0,0.506918238993711
796,0,0.506281407035176
797,0,0.50564617314931
798,0,0.505012531328321
799,1,0.505632040050063
800,0,0.505
801,0,0.504369538077403
802,1,0.50498753117207
803,1,0.50560398505604
804,1,0.506218905472637
805,1,0.506832298136646
806,1,0.507444168734491
807,0,0.506815365551425
808,0,0.506188118811881
809,1,0.506798516687268
810,1,0.507407407407407
811,0,0.506781750924784
812,0,0.50615763546798
813,0,0.505535055350554
814,1,0.506142506142506
815,1,0.506748466257669
816,1,0.507352941176471
817,1,0.507955936352509
818,0,0.507334963325183
819,0,0.506715506715507
820,0,0.50609756097561
821,1,0.506699147381242
822,1,0.507299270072993
823,0,0.506682867557716
824,1,0.507281553398058
825,0,0.506666666666667
826,0,0.506053268765133
827,0,0.505441354292624
828,0,0.504830917874396
829,1,0.505428226779252
830,1,0.506024096385542
831,1,0.50661853188929
832,0,0.506009615384615
833,0,0.505402160864346
834,1,0.50599520383693
835,0,0.505389221556886
836,1,0.505980861244019
837,1,0.506571087216249
838,1,0.507159904534606
839,0,0.506555423122765
840,1,0.507142857142857
841,0,0.50653983353151
842,0,0.505938242280285
843,1,0.506524317912218
844,1,0.507109004739337
845,1,0.507692307692308
846,1,0.508274231678487
847,0,0.50767414403778
848,0,0.507075471698113
849,0,0.506478209658422
850,1,0.507058823529412
851,0,0.506462984723854
852,1,0.507042253521127
853,0,0.506447831184056
854,0,0.505854800936768
855,0,0.505263157894737
856,0,0.504672897196262
857,1,0.505250875145858
858,0,0.504662004662005
859,0,0.50407450523865
860,0,0.503488372093023
861,0,0.502903600464576
862,0,0.502320185614849
863,0,0.501738122827346
864,0,0.501157407407407
865,1,0.501734104046243
866,1,0.502309468822171
867,1,0.502883506343714
868,1,0.503456221198157
869,0,0.502876869965478
870,0,0.502298850574713
871,0,0.501722158438576
872,1,0.502293577981651
873,1,0.502863688430699
874,1,0.503432494279176
875,1,0.504
876,0,0.503424657534247
877,1,0.503990877993158
878,1,0.504555808656036
879,0,0.503981797497156
880,1,0.504545454545455
881,0,0.503972758229285
882,0,0.503401360544218
883,1,0.5039637599094
884,1,0.504524886877828
885,1,0.505084745762712
886,0,0.50451467268623
887,1,0.505073280721533
888,0,0.504504504504504
889,1,0.505061867266592
890,0,0.504494382022472
891,1,0.505050505050505
892,0,0.504484304932735
893,1,0.505039193729003
894,1,0.505592841163311
895,1,0.506145251396648
896,0,0.505580357142857
897,1,0.50613154960981
898,0,0.505567928730512
899,0,0.505005561735261
900,1,0.505555555555556
901,0,0.504994450610433
902,1,0.505543237250554
903,1,0.50609080841639
904,1,0.506637168141593
905,1,0.507182320441989
906,1,0.507726269315673
907,1,0.508269018743109
908,0,0.507709251101322
909,1,0.508250825082508
910,1,0.508791208791209
911,0,0.508232711306257
912,0,0.507675438596491
913,1,0.508214676889376
914,1,0.508752735229759
915,0,0.508196721311475
916,1,0.508733624454148
917,0,0.508178844056707
918,1,0.508714596949891
919,1,0.509249183895539
920,1,0.509782608695652
921,0,0.509229098805646
922,1,0.509761388286334
923,1,0.510292524377031
924,1,0.510822510822511
925,0,0.51027027027027
926,1,0.510799136069114
927,1,0.511326860841424
928,0,0.510775862068966
929,0,0.510226049515608
930,0,0.509677419354839
931,0,0.509129967776584
932,0,0.508583690987124
933,0,0.508038585209003
934,0,0.507494646680942
935,1,0.508021390374332
936,0,0.507478632478632
937,0,0.506937033084312
938,1,0.507462686567164
939,1,0.507987220447284
940,0,0.507446808510638
941,0,0.506907545164718
942,0,0.506369426751592
943,0,0.505832449628844
944,0,0.505296610169492
945,0,0.504761904761905
946,0,0.504228329809725
947,0,0.503695881731785
948,0,0.503164556962025
949,1,0.503688092729189
950,1,0.504210526315789
951,0,0.503680336487907
952,0,0.503151260504202
953,1,0.503672612801679
954,1,0.5041928721174
955,0,0.503664921465969
956,1,0.50418410041841
957,1,0.504702194357367
958,1,0.505219206680585
959,0,0.504692387904067
960,0,0.504166666666667
961,0,0.503642039542144
962,0,0.503118503118503
963,1,0.503634475597092
964,1,0.504149377593361
965,0,0.503626943005181
966,1,0.504140786749482
967,0,0.503619441571872
968,0,0.503099173553719
969,1,0.503611971104231
970,0,0.503092783505155
971,1,0.503604531410917
972,1,0.504115226337449
973,0,0.503597122302158
974,0,0.503080082135524
975,1,0.503589743589744
976,0,0.503073770491803
977,1,0.503582395087001
978,0,0.503067484662577
979,1,0.503575076608784
980,0,0.503061224489796
981,0,0.502548419979613
982,1,0.503054989816701
983,0,0.502543234994913
984,1,0.503048780487805
985,1,0.503553299492386
986,0,0.503042596348884
987,1,0.50354609929078
988,0,0.503036437246964
989,1,0.503538928210313
990,1,0.504040404040404
991,1,0.504540867810293
992,1,0.505040322580645
993,0,0.504531722054381
994,0,0.504024144869215
995,1,0.504522613065327
996,1,0.505020080321285
997,1,0.505516549648947
998,0,0.50501002004008
999,0,0.504504504504504
1000,0,0.504
