"1","2","3","4","5","6","7","8","9","10","11","12","13","14","15","16","17","18","19","20","21","22","23"
0,0,0,0,0,0,0,0,0,0,0,0,0,0.0104858795861507,0.413166156007388,0.539937321954045,0.0364106424524166,0,0,0,0,0,0
0,0,0,0,0,0,0,0,0,0,0,0,0,0.0104858795861507,0.413166156007388,0.539937321954045,0.0364106424524166,0,0,0,0,0,0
0,0,0,0,0,0,0,0,0,0,0,0,0,0,0.150195703809792,0.665524286642249,0.184273406195217,6.60335274229957e-06,0,0,0,0,0
0,0,0,0,0,0,0,0,0.000537317258327084,0.249830024809041,0.64645527133421,0.103177386598422,0,0,0,0,0,0,0,0,0,0,0
0,0,0,0,0,0,0,0,0,0,0,0.161049170031931,0.666538268141122,0.172412317258327,2.4456862008517e-07,0,0,0,0,0,0,0,0
0,0,0,0,0,0,0,0.014507565974831,0.442939939816554,0.513779240624217,0.0287732535843977,0,0,0,0,0,0,0,0,0,0,0,0
0,0,0,0,0,0,0.000125219133483594,0.21587778612572,0.6587778612572,0.125219133483596,0,0,0,0,0,0,0,0,0,0,0,0,0
0,0,0,0,0,0.000825419092787381,0.263945058148635,0.640088171878913,0.0951413508796644,0,0,0,0,0,0,0,0,0,0,0,0,0,0
0,0,0,0,0.120581867878162,0.656741827494991,0.222498014102805,0.000178290524042073,0,0,0,0,0,0,0,0,0,0,0,0,0,0,0
0,0,0,0,0,0,0,0,0,0,0,0.00660335274229905,0.375420658026547,0.570257716629101,0.0477182726020536,0,0,0,0,0,0,0,0
0,0,0,0,0,0,0,0,0,0,0.103177386598422,0.64645527133421,0.24983002480904,0.000537317258327068,0,0,0,0,0,0,0,0,0
0,0,0,0,0,0,0,0,0,0,0,0,0,0,0.0703125,0.611979166666667,0.315104166666667,0.00260416666666669,0,0,0,0,0
0,0,0,0,0,0,0,0,0,0,0,0,0,0,0,0.00226494999060858,0.307663655537816,0.616514202588905,0.0735571918826695,0,0,0,0
0,0,0,0,0.0528268219383922,0.581533308289507,0.360271099423992,0.00536877034810918,0,0,0,0,0,0,0,0,0,0,0,0,0,0,0
0,0,0,0,0,0,0,0,0,0,0,0,0,0,0.121960808612337,0.657375795581721,0.220502346635909,0.000161049170031932,0,0,0,0,0
0,0,0,0,0,0,0,0.0019565489606812,0.300259829701979,0.620883420986727,0.0769002003506136,0,0,0,0,0,0,0,0,0,0,0,0
0,0,0,0,0,0,0,0,0,0.0208333333333334,0.479166666666667,0.479166666666666,0.0208333333333332,0,0,0,0,0,0,0,0,0,0
0,0,0,0,0,0,0.00481384414913597,0.352702923475457,0.58697080241986,0.0555124299555472,0,0,0,0,0,0,0,0,0,0,0,0,0
0,0,0.0114105935386927,0.420658026546456,0.533543075381918,0.0343883045329326,0,0,0,0,0,0,0,0,0,0,0,0,0,0,0,0,0
0,0.00507137490608565,0.328387177560731,0.602429251189582,0.0641121963436013,0,0,0,0,0,0,0,0,0,0,0,0,0,0,0,0,0,0
0,0.0530847654048883,0.519058025005674,0.416915484666526,0.010941724922912,0,0,0,0,0,0,0,0,0,0,0,0,0,0,0,0,0,0
0,0,0,0,0,0,0,0,0.0324422720229152,0.527049044812798,0.428120548851114,0.012388134313173,0,0,0,0,0,0,0,0,0,0,0
0,0,0,0,0,0,0.067164657290884,0.607282715455172,0.322576960853368,0.002975666400576,0,0,0,0,0,0,0,0,0,0,0,0,0
0,0,0.00120156563047834,0.278312486304157,0.632952148682069,0.0875337993832957,0,0,0,0,0,0,0,0,0,0,0,0,0,0,0,0,0
0,0.0291673759156649,0.462310385948848,0.486235922630228,0.0222863155052592,0,0,0,0,0,0,0,0,0,0,0,0,0,0,0,0,0,0
0,0,0,0,0,0,0,0,0,0,0,0,0.125219133483597,0.6587778612572,0.21587778612572,0.000125219133483594,0,0,0,0,0,0,0
0,0,0,0,0,0,0,0,0,0.00382138468883047,0.33760178945968,0.597423176105059,0.0611536497464311,0,0,0,0,0,0,0,0,0,0
0,0,0,0,0.120581867878162,0.656741827494991,0.222498014102805,0.000178290524042073,0,0,0,0,0,0,0,0,0,0,0,0,0,0,0
0,0,0,0.00596478407525671,0.367845145019409,0.575960812280866,0.0502292586244678,0,0,0,0,0,0,0,0,0,0,0,0,0,0,0,0
0,0,0,0.0270473328324568,0.507012271475082,0.450288004007012,0.0156523916854495,0,0,0,0,0,0,0,0,0,0,0,0,0,0,0,0
0,0,0.0406901041666667,0.552408854166667,0.398111979166667,0.0087890625,0,0,0,0,0,0,0,0,0,0,0,0,0,0,0,0,0
0,0,0,0,0,0,0.067164657290884,0.607282715455172,0.322576960853368,0.002975666400576,0,0,0,0,0,0,0,0,0,0,0,0,0
0,0,0,0,0,0,0.023805331204608,0.493236210242925,0.464838858627598,0.0181195999248685,0,0,0,0,0,0,0,0,0,0,0,0,0
0,0,0,0,0,0.0912847483095418,0.636614074630604,0.271099423991986,0.00100175306786877,0,0,0,0,0,0,0,0,0,0,0,0,0,0
0,0,0,0,0,0,0,0.014507565974831,0.442939939816554,0.513779240624217,0.0287732535843977,0,0,0,0,0,0,0,0,0,0,0,0
0,0,0,0,0,0,0,0.111653645833333,0.652018229166667,0.236002604166667,0.000325520833333337,0,0,0,0,0,0,0,0,0,0,0,0
0,0,0,0,0,0.000825419092787381,0.263945058148635,0.640088171878913,0.0951413508796644,0,0,0,0,0,0,0,0,0,0,0,0,0,0
0,0,0,0,0,0,0.000125219133483594,0.21587778612572,0.6587778612572,0.125219133483596,0,0,0,0,0,0,0,0,0,0,0,0,0
0,0,0,0,0,0,0,0.0019565489606812,0.300259829701979,0.620883420986727,0.0769002003506136,0,0,0,0,0,0,0,0,0,0,0,0
0,0,0,0,0,0.0912847483095418,0.636614074630604,0.271099423991986,0.00100175306786877,0,0,0,0,0,0,0,0,0,0,0,0,0,0
0,0,0,0,0,0,0.023805331204608,0.493236210242925,0.464838858627598,0.0181195999248685,0,0,0,0,0,0,0,0,0,0,0,0,0
0,0,0,0,0,0.0912847483095418,0.636614074630604,0.271099423991986,0.00100175306786877,0,0,0,0,0,0,0,0,0,0,0,0,0,0
0,0,0,0,0,0,0,0,0,0,0,0.0769002003506137,0.620883420986727,0.300259829701978,0.0019565489606812,0,0,0,0,0,0,0,0
0,0,0,0,0,0,0,0,0,0.134847310919109,0.662176386801903,0.20292347545705,5.28268219383897e-05,0,0,0,0,0,0,0,0,0,0
0,0,0,0,0.120581867878162,0.656741827494991,0.222498014102805,0.000178290524042073,0,0,0,0,0,0,0,0,0,0,0,0,0,0,0
0,0,0,0.00596478407525671,0.367845145019409,0.575960812280866,0.0502292586244678,0,0,0,0,0,0,0,0,0,0,0,0,0,0,0,0
0,0.00507137490608565,0.328387177560731,0.602429251189582,0.0641121963436013,0,0,0,0,0,0,0,0,0,0,0,0,0,0,0,0,0,0
0,0,0.0114105935386927,0.420658026546456,0.533543075381918,0.0343883045329326,0,0,0,0,0,0,0,0,0,0,0,0,0,0,0,0,0
0,0.194960688040008,0.595603952424555,0.209351472498748,8.3887036689206e-05,0,0,0,0,0,0,0,0,0,0,0,0,0,0,0,0,0,0
0,0,0,0,0,0,0,0,0,0,0,0.000325520833333337,0.236002604166667,0.652018229166666,0.111653645833333,0,0,0,0,0,0,0,0
0,0,0,0,0,0,0,0,0,0.0611536497464314,0.597423176105059,0.337601789459679,0.00382138468883041,0,0,0,0,0,0,0,0,0,0
0,0,0,0,0.0528268219383922,0.581533308289507,0.360271099423992,0.00536877034810918,0,0,0,0,0,0,0,0,0,0,0,0,0,0,0
0,0,0,0.00024456862008515,0.229207754194841,0.654487149386426,0.116060527798648,0,0,0,0,0,0,0,0,0,0,0,0,0,0,0,0
0,0,0.00120156563047834,0.278312486304157,0.632952148682069,0.0875337993832957,0,0,0,0,0,0,0,0,0,0,0,0,0,0,0,0,0
0,4.58566162659656e-05,0.196582911697032,0.663530074114075,0.139841157572627,0,0,0,0,0,0,0,0,0,0,0,0,0,0,0,0,0,0
0,0.194960688040008,0.595603952424555,0.209351472498748,8.3887036689206e-05,0,0,0,0,0,0,0,0,0,0,0,0,0,0,0,0,0,0
0,0,0,0,0,0,0,0,0,0.134847310919109,0.662176386801903,0.20292347545705,5.28268219383897e-05,0,0,0,0,0,0,0,0,0,0
0,0,0,0,0,0,0,0,0,0.0208333333333334,0.479166666666667,0.479166666666666,0.0208333333333332,0,0,0,0,0,0,0,0,0,0
0,0,0,0,0,0,0,0,0,0,0,0,1.56523916854508e-05,0.190380040070123,0.664647508139244,0.144956799398948,0,0,0,0,0,0,0
0,0,0,0,0.0528268219383922,0.581533308289507,0.360271099423992,0.00536877034810918,0,0,0,0,0,0,0,0,0,0,0,0,0,0,0
0,0,0,0,0,0,0,2.4456862008517e-07,0.172412317258327,0.666538268141122,0.161049170031931,0,0,0,0,0,0,0,0,0,0,0,0
0,0,0,0,0,0,0,0,0,0,0.00142632419233658,0.285579842849988,0.62910679626847,0.083887036689206,0,0,0,0,0,0,0,0,0
0,0,0,0,0,0,0,0,0,0,0.00142632419233658,0.285579842849988,0.62910679626847,0.083887036689206,0,0,0,0,0,0,0,0,0
0,0,0,0,0,0,0.00481384414913597,0.352702923475457,0.58697080241986,0.0555124299555472,0,0,0,0,0,0,0,0,0,0,0,0,0
0,0,0,0,0,0.0364106424524168,0.539937321954045,0.413166156007388,0.0104858795861508,0,0,0,0,0,0,0,0,0,0,0,0,0,0
0,0,0,0,6.60335274229914e-06,0.184273406195217,0.665524286642249,0.150195703809792,0,0,0,0,0,0,0,0,0,0,0,0,0,0,0
0,0,0,0,0,0,0,0,0,0,0,0.0769002003506137,0.620883420986727,0.300259829701978,0.0019565489606812,0,0,0,0,0,0,0,0
0,0,0,0,0,0,0,0,0,0,0,0,0,0,0,0,0,0.112963779631935,0.652781138721278,0.233805671032705,0.000449410614082434,0,0
0,0,0,0,0,0,0,0.014507565974831,0.442939939816554,0.513779240624217,0.0287732535843977,0,0,0,0,0,0,0,0,0,0,0,0
0,0,0,0,0,0.000825419092787381,0.263945058148635,0.640088171878913,0.0951413508796644,0,0,0,0,0,0,0,0,0,0,0,0,0,0
0,0,0.00120156563047834,0.278312486304157,0.632952148682069,0.0875337993832957,0,0,0,0,0,0,0,0,0,0,0,0,0,0,0,0,0
0,0,0,0.15555933821688,0.666156007387929,0.178282697846231,1.95654896068116e-06,0,0,0,0,0,0,0,0,0,0,0,0,0,0,0,0
0,0,0,0,0,0,0,0,0.0838870366892063,0.62910679626847,0.285579842849987,0.00142632419233658,0,0,0,0,0,0,0,0,0,0,0
0,0,0,0,0,0,0,0,0.0324422720229152,0.527049044812798,0.428120548851114,0.012388134313173,0,0,0,0,0,0,0,0,0,0,0
0,0,0.0114105935386927,0.420658026546456,0.533543075381918,0.0343883045329326,0,0,0,0,0,0,0,0,0,0,0,0,0,0,0,0,0
0,0,0,0,0,0,0.023805331204608,0.493236210242925,0.464838858627598,0.0181195999248685,0,0,0,0,0,0,0,0,0,0,0,0,0
0,0,0,0,0,0.0912847483095418,0.636614074630604,0.271099423991986,0.00100175306786877,0,0,0,0,0,0,0,0,0,0,0,0,0,0
0.659535675713794,0.31692181336867,0.023180171745861,0.000362339171675267,0,0,0,0,0,0,0,0,0,0,0,0,0,0,0,0,0,0,0
0,0,0,0,0,0,0,0,0,0,0,0.161049170031931,0.666538268141122,0.172412317258327,2.4456862008517e-07,0,0,0,0,0,0,0,0
0,0,0,0,0,0,0,0,0,5.28268219383931e-05,0.20292347545705,0.662176386801903,0.134847310919108,0,0,0,0,0,0,0,0,0,0
0,0,0,0.00596478407525671,0.367845145019409,0.575960812280866,0.0502292586244678,0,0,0,0,0,0,0,0,0,0,0,0,0,0,0,0
0,0,0.0114105935386927,0.420658026546456,0.533543075381918,0.0343883045329326,0,0,0,0,0,0,0,0,0,0,0,0,0,0,0,0,0
0,0,0,0,0.00260416666666667,0.315104166666667,0.611979166666667,0.0703125,0,0,0,0,0,0,0,0,0,0,0,0,0,0,0
0,0,0,0,0,0,0.067164657290884,0.607282715455172,0.322576960853368,0.002975666400576,0,0,0,0,0,0,0,0,0,0,0,0,0
0,0,0,0,0,0,0,0,0.0838870366892063,0.62910679626847,0.285579842849987,0.00142632419233658,0,0,0,0,0,0,0,0,0,0,0
0,0,0,0,0,0,0.023805331204608,0.493236210242925,0.464838858627598,0.0181195999248685,0,0,0,0,0,0,0,0,0,0,0,0,0
0,0.0874313251314801,0.563125117392938,0.345145019408966,0.00429853806661658,0,0,0,0,0,0,0,0,0,0,0,0,0,0,0,0,0,0
0,0,0,0,0,0,0,0,0,0.00382138468883047,0.33760178945968,0.597423176105059,0.0611536497464311,0,0,0,0,0,0,0,0,0,0
0,0,0,0,0,0,0,0,0,0,0.103177386598422,0.64645527133421,0.24983002480904,0.000537317258327068,0,0,0,0,0,0,0,0,0
0,0,0,0,0,0,0,0,0,0,0,0,0,0,0,0,0,0.139841157572628,0.663530074114075,0.196582911697032,4.5856616265962e-05,0,0
0,0,0,0,0,0,0,0,0,0.00382138468883047,0.33760178945968,0.597423176105059,0.0611536497464311,0,0,0,0,0,0,0,0,0,0
0,0,0,0,0,0,0,0,0,0,0,0.00660335274229905,0.375420658026547,0.570257716629101,0.0477182726020536,0,0,0,0,0,0,0,0
0,0,0,0,0,0,0.00481384414913597,0.352702923475457,0.58697080241986,0.0555124299555472,0,0,0,0,0,0,0,0,0,0,0,0,0
0,0,0,0,6.60335274229914e-06,0.184273406195217,0.665524286642249,0.150195703809792,0,0,0,0,0,0,0,0,0,0,0,0,0,0,0
0,4.58566162659656e-05,0.196582911697032,0.663530074114075,0.139841157572627,0,0,0,0,0,0,0,0,0,0,0,0,0,0,0,0,0,0
0,0,0,0,0,0,0,0,0.000537317258327084,0.249830024809041,0.64645527133421,0.103177386598422,0,0,0,0,0,0,0,0,0,0,0
0,0,0,0,6.60335274229914e-06,0.184273406195217,0.665524286642249,0.150195703809792,0,0,0,0,0,0,0,0,0,0,0,0,0,0,0
0,0,0,0,0,0,0,0.0019565489606812,0.300259829701979,0.620883420986727,0.0769002003506136,0,0,0,0,0,0,0,0,0,0,0,0
0,0.194960688040008,0.595603952424555,0.209351472498748,8.3887036689206e-05,0,0,0,0,0,0,0,0,0,0,0,0,0,0,0,0,0,0
0,0,0,0,0,0,0.023805331204608,0.493236210242925,0.464838858627598,0.0181195999248685,0,0,0,0,0,0,0,0,0,0,0,0,0
0,0,0.0114105935386927,0.420658026546456,0.533543075381918,0.0343883045329326,0,0,0,0,0,0,0,0,0,0,0,0,0,0,0,0,0
0,0,0,0,0,0,0,0.0477182726020536,0.570257716629101,0.375420658026546,0.00660335274229904,0,0,0,0,0,0,0,0,0,0,0,0
0,0,0,0,0,0,0,0,0,0.0208333333333334,0.479166666666667,0.479166666666666,0.0208333333333332,0,0,0,0,0,0,0,0,0,0
0,0,0,0,0,0,0,0,0,0.0611536497464314,0.597423176105059,0.337601789459679,0.00382138468883041,0,0,0,0,0,0,0,0,0,0
0,0,0,0,0,0,0,0,0,0,0,0,0,0,0,0.000875941344618726,0.266084942839423,0.639065926650936,0.0939731891650228,0,0,0,0
0,0,0,0,0,0,0,0,0.0838870366892063,0.62910679626847,0.285579842849987,0.00142632419233658,0,0,0,0,0,0,0,0,0,0,0
0,0,0,0,0,0,0,0,0,0.0611536497464314,0.597423176105059,0.337601789459679,0.00382138468883041,0,0,0,0,0,0,0,0,0,0
0,0,0,0,0,0,0,0.111653645833333,0.652018229166667,0.236002604166667,0.000325520833333337,0,0,0,0,0,0,0,0,0,0,0,0
0,0,0,0.0270473328324568,0.507012271475082,0.450288004007012,0.0156523916854495,0,0,0,0,0,0,0,0,0,0,0,0,0,0,0,0
0,0,0.0406901041666667,0.552408854166667,0.398111979166667,0.0087890625,0,0,0,0,0,0,0,0,0,0,0,0,0,0,0,0,0
0,0.0874313251314801,0.563125117392938,0.345145019408966,0.00429853806661658,0,0,0,0,0,0,0,0,0,0,0,0,0,0,0,0,0,0
0,0,0,0,0,0,0,0.014507565974831,0.442939939816554,0.513779240624217,0.0287732535843977,0,0,0,0,0,0,0,0,0,0,0,0
0,0,0,0,0,0,0.067164657290884,0.607282715455172,0.322576960853368,0.002975666400576,0,0,0,0,0,0,0,0,0,0,0,0,0
0,0,0.0114105935386927,0.420658026546456,0.533543075381918,0.0343883045329326,0,0,0,0,0,0,0,0,0,0,0,0,0,0,0,0,0
0,4.58566162659656e-05,0.196582911697032,0.663530074114075,0.139841157572627,0,0,0,0,0,0,0,0,0,0,0,0,0,0,0,0,0,0
0,0.0115758593163054,0.383674923303293,0.560872104307528,0.0438771130728735,0,0,0,0,0,0,0,0,0,0,0,0,0,0,0,0,0,0
0,0,0,0,0,0,0,0,0,0,0,0,0.0181195999248686,0.464838858627598,0.493236210242925,0.023805331204608,0,0,0,0,0,0,0
0,0,0,0,0,0,0,0,0,0,0,0.0287732535843978,0.513779240624218,0.442939939816554,0.014507565974831,0,0,0,0,0,0,0,0
0,0,0,0,0,0,0,0,0,0,0,0.161049170031931,0.666538268141122,0.172412317258327,2.4456862008517e-07,0,0,0,0,0,0,0,0
0,0,0,0,0,0,0,0,0,0,0.0429501627848735,0.55847733533684,0.390558477335337,0.00801402454295014,0,0,0,0,0,0,0,0,0
0,0,0,0,0,0,0.067164657290884,0.607282715455172,0.322576960853368,0.002975666400576,0,0,0,0,0,0,0,0,0,0,0,0,0
0,0,0,0,0,0,0,0,0.000537317258327084,0.249830024809041,0.64645527133421,0.103177386598422,0,0,0,0,0,0,0,0,0,0,0
0,0,0,0,0,0,0,0,0,0,0,0,0,0,0,0,0,0.00711108866174998,0.381100607551253,0.542951853747598,0.0688364500393996,0,0
0.482057956893313,0.45556567254414,0.0606988743973829,0.00167749616516404,0,0,0,0,0,0,0,0,0,0,0,0,0,0,0,0,0,0,0
0,0,0,0,0,0,0,0.014507565974831,0.442939939816554,0.513779240624217,0.0287732535843977,0,0,0,0,0,0,0,0,0,0,0,0
0,0,0,0,0,0,0,0,0,5.28268219383931e-05,0.20292347545705,0.662176386801903,0.134847310919108,0,0,0,0,0,0,0,0,0,0
0,0.194960688040008,0.595603952424555,0.209351472498748,8.3887036689206e-05,0,0,0,0,0,0,0,0,0,0,0,0,0,0,0,0,0,0
0,0,0,0,0,0,0.067164657290884,0.607282715455172,0.322576960853368,0.002975666400576,0,0,0,0,0,0,0,0,0,0,0,0,0
0,0,0,0,0,0,0,0,0,0.134847310919109,0.662176386801903,0.20292347545705,5.28268219383897e-05,0,0,0,0,0,0,0,0,0,0
0,0,0,0,0,0.000825419092787381,0.263945058148635,0.640088171878913,0.0951413508796644,0,0,0,0,0,0,0,0,0,0,0,0,0,0
0,0.00507137490608565,0.328387177560731,0.602429251189582,0.0641121963436013,0,0,0,0,0,0,0,0,0,0,0,0,0,0,0,0,0,0
0,0.0874313251314801,0.563125117392938,0.345145019408966,0.00429853806661658,0,0,0,0,0,0,0,0,0,0,0,0,0,0,0,0,0,0
0,0,0,0,0.00260416666666667,0.315104166666667,0.611979166666667,0.0703125,0,0,0,0,0,0,0,0,0,0,0,0,0,0,0
0,0,0,0,0,0,0,0,0,0.0611536497464314,0.597423176105059,0.337601789459679,0.00382138468883041,0,0,0,0,0,0,0,0,0,0
0,0,0,0,0,0,0,0,0,0,0,0.0287732535843978,0.513779240624218,0.442939939816554,0.014507565974831,0,0,0,0,0,0,0,0
0,0,0,0,0,0,0,0,0,0.0611536497464314,0.597423176105059,0.337601789459679,0.00382138468883041,0,0,0,0,0,0,0,0,0,0
0,0,0,0,0,0,0,0,0.000537317258327084,0.249830024809041,0.64645527133421,0.103177386598422,0,0,0,0,0,0,0,0,0,0,0
0,0,0,0,0,0,0,0,0,0,0.00142632419233658,0.285579842849988,0.62910679626847,0.083887036689206,0,0,0,0,0,0,0,0,0
0,0,0,0.0735571918826697,0.616514202588906,0.307663655537816,0.00226494999060856,0,0,0,0,0,0,0,0,0,0,0,0,0,0,0,0
0,0,0,0,0,0,0,0.111653645833333,0.652018229166667,0.236002604166667,0.000325520833333337,0,0,0,0,0,0,0,0,0,0,0,0
0.0437156625657401,0.530774191749624,0.380217749225207,0.045292396459429,0,0,0,0,0,0,0,0,0,0,0,0,0,0,0,0,0,0,0
0,0,0,0,0,0,0,0,0,0,0,0,0,0.0385107531930878,0.546227382294015,0.405649339469071,0.00961252504382663,0,0,0,0,0,0
0,0,0,0,0,0,0,0,0,0,0.012388134313173,0.428120548851115,0.527049044812797,0.032442272022915,0,0,0,0,0,0,0,0,0
0,0,0,0.00596478407525671,0.367845145019409,0.575960812280866,0.0502292586244678,0,0,0,0,0,0,0,0,0,0,0,0,0,0,0,0
0,0,0.0114105935386927,0.420658026546456,0.533543075381918,0.0343883045329326,0,0,0,0,0,0,0,0,0,0,0,0,0,0,0,0,0
0,0,0,0,0.00260416666666667,0.315104166666667,0.611979166666667,0.0703125,0,0,0,0,0,0,0,0,0,0,0,0,0,0,0
0,0,0,0,0,0,0.067164657290884,0.607282715455172,0.322576960853368,0.002975666400576,0,0,0,0,0,0,0,0,0,0,0,0,0
0,0.00507137490608565,0.328387177560731,0.602429251189582,0.0641121963436013,0,0,0,0,0,0,0,0,0,0,0,0,0,0,0,0,0,0
0,0.194960688040008,0.595603952424555,0.209351472498748,8.3887036689206e-05,0,0,0,0,0,0,0,0,0,0,0,0,0,0,0,0,0,0
0,0,0,0,0,0,0,0.111653645833333,0.652018229166667,0.236002604166667,0.000325520833333337,0,0,0,0,0,0,0,0,0,0,0,0
0,0,0,0,0,0,0,0.0477182726020536,0.570257716629101,0.375420658026546,0.00660335274229904,0,0,0,0,0,0,0,0,0,0,0,0
0,0,0.0114105935386927,0.420658026546456,0.533543075381918,0.0343883045329326,0,0,0,0,0,0,0,0,0,0,0,0,0,0,0,0,0
0,0.0291673759156649,0.462310385948848,0.486235922630228,0.0222863155052592,0,0,0,0,0,0,0,0,0,0,0,0,0,0,0,0,0,0
0,0,0,0,0,0,0,0,0,0.134847310919109,0.662176386801903,0.20292347545705,5.28268219383897e-05,0,0,0,0,0,0,0,0,0,0
0,0,0,0,0,0,0,0,0.00801402454295022,0.390558477335337,0.558477335336839,0.0429501627848734,0,0,0,0,0,0,0,0,0,0,0
0,0,0,0,0,0.000825419092787381,0.263945058148635,0.640088171878913,0.0951413508796644,0,0,0,0,0,0,0,0,0,0,0,0,0,0
0.0437156625657401,0.530774191749624,0.380217749225207,0.045292396459429,0,0,0,0,0,0,0,0,0,0,0,0,0,0,0,0,0,0,0
0,0,0,0,0,0.0364106424524168,0.539937321954045,0.413166156007388,0.0104858795861508,0,0,0,0,0,0,0,0,0,0,0,0,0,0
0,0,0,0,0,0,0.067164657290884,0.607282715455172,0.322576960853368,0.002975666400576,0,0,0,0,0,0,0,0,0,0,0,0,0
0,0,0,0,0,0,0,0,0,0.00382138468883047,0.33760178945968,0.597423176105059,0.0611536497464311,0,0,0,0,0,0,0,0,0,0
0,0,0,0,0,0.00961252504382672,0.405649339469071,0.546227382294015,0.0385107531930879,0,0,0,0,0,0,0,0,0,0,0,0,0,0
0,0,0,0,0,0,0,0,0,0.00382138468883047,0.33760178945968,0.597423176105059,0.0611536497464311,0,0,0,0,0,0,0,0,0,0
0,0,0,0,0,0,0,0,0,0.00382138468883047,0.33760178945968,0.597423176105059,0.0611536497464311,0,0,0,0,0,0,0,0,0,0
0,0,0.0406901041666667,0.552408854166667,0.398111979166667,0.0087890625,0,0,0,0,0,0,0,0,0,0,0,0,0,0,0,0,0
0,0,0,0,0,0,0,0,0,0,0,0,0,0,0,0,0,0,0.0231897069872308,0.275225206611589,0.589731592787372,0.111853493613808,0
0,0,0,0,0,0.00961252504382672,0.405649339469071,0.546227382294015,0.0385107531930879,0,0,0,0,0,0,0,0,0,0,0,0,0,0
0,0,0,0,0,0.0912847483095418,0.636614074630604,0.271099423991986,0.00100175306786877,0,0,0,0,0,0,0,0,0,0,0,0,0,0
0,0,0,0,0,0,0,0,0,0,0,0,0.0555124299555474,0.58697080241986,0.352702923475457,0.00481384414913597,0,0,0,0,0,0,0
0,0,0,0,0.00260416666666667,0.315104166666667,0.611979166666667,0.0703125,0,0,0,0,0,0,0,0,0,0,0,0,0,0,0
0,0,0,0,0,0.0912847483095418,0.636614074630604,0.271099423991986,0.00100175306786877,0,0,0,0,0,0,0,0,0,0,0,0,0,0
0,0.0874313251314801,0.563125117392938,0.345145019408966,0.00429853806661658,0,0,0,0,0,0,0,0,0,0,0,0,0,0,0,0,0,0
0.00253568745304283,0.361781555221638,0.528323002754821,0.107359754570498,0,0,0,0,0,0,0,0,0,0,0,0,0,0,0,0,0,0,0
0,0,0,0,0.0168559138648886,0.457589111022414,0.500163127269597,0.0253918478431004,0,0,0,0,0,0,0,0,0,0,0,0,0,0,0
0,0,0,0,0,0,0,0,0,0,0,0,0,0,0,0,0,0.139841157572628,0.663530074114075,0.196582911697032,4.5856616265962e-05,0,0
0,0,0,0,0,0,0,0,0,0,0.00142632419233658,0.285579842849988,0.62910679626847,0.083887036689206,0,0,0,0,0,0,0,0,0
0,0,0,0,0,0,0,0,0.00801402454295022,0.390558477335337,0.558477335336839,0.0429501627848734,0,0,0,0,0,0,0,0,0,0,0
0,0,0,0,0,0,0,0,0,0,0,0,0,0.00100175306786876,0.271099423991986,0.636614074630604,0.0912847483095416,0,0,0,0,0,0
0,0,0,0,0,0,0.000125219133483594,0.21587778612572,0.6587778612572,0.125219133483596,0,0,0,0,0,0,0,0,0,0,0,0,0
0,0,0,0,0,0,0,0,0.0445810106651484,0.562655685291056,0.385263779240624,0.00749952480317119,0,0,0,0,0,0,0,0,0,0,0
0,0,0,0,0,0.00961252504382672,0.405649339469071,0.546227382294015,0.0385107531930879,0,0,0,0,0,0,0,0,0,0,0,0,0,0
0,0,0,0,0,0,0,0,0,0,0,0,0,0.0104858795861507,0.413166156007388,0.539937321954045,0.0364106424524166,0,0,0,0,0,0
0,0,0,0,0,0,0,0,0,0,0,0,0,0.0385107531930878,0.546227382294015,0.405649339469071,0.00961252504382663,0,0,0,0,0,0
0,0,0,0,0.00260416666666667,0.315104166666667,0.611979166666667,0.0703125,0,0,0,0,0,0,0,0,0,0,0,0,0,0,0
0,0,0,0,0,0,0,0,0.000537317258327084,0.249830024809041,0.64645527133421,0.103177386598422,0,0,0,0,0,0,0,0,0,0,0
0,0,0,0,0.120581867878162,0.656741827494991,0.222498014102805,0.000178290524042073,0,0,0,0,0,0,0,0,0,0,0,0,0,0,0
0,0,0,0.00596478407525671,0.367845145019409,0.575960812280866,0.0502292586244678,0,0,0,0,0,0,0,0,0,0,0,0,0,0,0,0
0,0,0,0.15555933821688,0.666156007387929,0.178282697846231,1.95654896068116e-06,0,0,0,0,0,0,0,0,0,0,0,0,0,0,0,0
0,4.58566162659656e-05,0.196582911697032,0.663530074114075,0.139841157572627,0,0,0,0,0,0,0,0,0,0,0,0,0,0,0,0,0,0
0,0.0291673759156649,0.462310385948848,0.486235922630228,0.0222863155052592,0,0,0,0,0,0,0,0,0,0,0,0,0,0,0,0,0,0
0,0,0,0,0,0,0,0,0,0,0,0,0,0,0,1.95654896068136e-06,0.178282697846231,0.666156007387929,0.155559338216879,0,0,0,0
0,0,0,0,0,0,0,0,0.000537317258327084,0.249830024809041,0.64645527133421,0.103177386598422,0,0,0,0,0,0,0,0,0,0,0
0,0,0,0,0,0,0,0.111653645833333,0.652018229166667,0.236002604166667,0.000325520833333337,0,0,0,0,0,0,0,0,0,0,0,0
0,0,0,0,0,0,0,0,0,0,0,0.0287732535843978,0.513779240624218,0.442939939816554,0.014507565974831,0,0,0,0,0,0,0,0
0,0,0,0.00024456862008515,0.229207754194841,0.654487149386426,0.116060527798648,0,0,0,0,0,0,0,0,0,0,0,0,0,0,0,0
0,0,0,0,0,0,0,2.4456862008517e-07,0.172412317258327,0.666538268141122,0.161049170031931,0,0,0,0,0,0,0,0,0,0,0,0
0,0.0874313251314801,0.563125117392938,0.345145019408966,0.00429853806661658,0,0,0,0,0,0,0,0,0,0,0,0,0,0,0,0,0,0
0,0,0,0,0,0,0,0,0,0,0,0,0,0.0951413508796644,0.640088171878913,0.263945058148635,0.000825419092787362,0,0,0,0,0,0
0,0,0,0,0,0,0,0,0,0.0208333333333334,0.479166666666667,0.479166666666666,0.0208333333333332,0,0,0,0,0,0,0,0,0,0
0,0,0,0,0,0,0,0.014507565974831,0.442939939816554,0.513779240624217,0.0287732535843977,0,0,0,0,0,0,0,0,0,0,0,0
0,0.0291673759156649,0.462310385948848,0.486235922630228,0.0222863155052592,0,0,0,0,0,0,0,0,0,0,0,0,0,0,0,0,0,0
0.00253568745304283,0.361781555221638,0.528323002754821,0.107359754570498,0,0,0,0,0,0,0,0,0,0,0,0,0,0,0,0,0,0,0
0,0,0,0,6.60335274229914e-06,0.184273406195217,0.665524286642249,0.150195703809792,0,0,0,0,0,0,0,0,0,0,0,0,0,0,0
0.00253568745304283,0.361781555221638,0.528323002754821,0.107359754570498,0,0,0,0,0,0,0,0,0,0,0,0,0,0,0,0,0,0,0
0,0,0,0,0,0,0,0,0,0,0,0.000325520833333337,0.236002604166667,0.652018229166666,0.111653645833333,0,0,0,0,0,0,0,0
0,0,0,0,0,0,0,0,0,0,0,0.0287732535843978,0.513779240624218,0.442939939816554,0.014507565974831,0,0,0,0,0,0,0,0
0,0,0,0,0,0,0,0,0,0,0,0,0.00297566640057605,0.322576960853369,0.607282715455172,0.0671646572908839,0,0,0,0,0,0,0
0,0,0,0,0,0,0,0,0,0,0,0,0.0555124299555474,0.58697080241986,0.352702923475457,0.00481384414913597,0,0,0,0,0,0,0
0,0,0,0,0,0,0,0.014507565974831,0.442939939816554,0.513779240624217,0.0287732535843977,0,0,0,0,0,0,0,0,0,0,0,0
0,0,0,0,0,0,0.067164657290884,0.607282715455172,0.322576960853368,0.002975666400576,0,0,0,0,0,0,0,0,0,0,0,0,0
0,0,0,0,0,0,0,0,0,0,0,0,0,0.0385107531930878,0.546227382294015,0.405649339469071,0.00961252504382663,0,0,0,0,0,0
0,0,0,0.00024456862008515,0.229207754194841,0.654487149386426,0.116060527798648,0,0,0,0,0,0,0,0,0,0,0,0,0,0,0,0
0,0,0,0,0,0,0,0,0,0,0,0.161049170031931,0.666538268141122,0.172412317258327,2.4456862008517e-07,0,0,0,0,0,0,0,0
0,0,0,0.15555933821688,0.666156007387929,0.178282697846231,1.95654896068116e-06,0,0,0,0,0,0,0,0,0,0,0,0,0,0,0,0
0,0,0,0,0.120581867878162,0.656741827494991,0.222498014102805,0.000178290524042073,0,0,0,0,0,0,0,0,0,0,0,0,0,0,0
0,0,0,0,0,0,0,0,0,0.134847310919109,0.662176386801903,0.20292347545705,5.28268219383897e-05,0,0,0,0,0,0,0,0,0,0
0,0,0,0,0,0.0364106424524168,0.539937321954045,0.413166156007388,0.0104858795861508,0,0,0,0,0,0,0,0,0,0,0,0,0,0
0,0.0874313251314801,0.563125117392938,0.345145019408966,0.00429853806661658,0,0,0,0,0,0,0,0,0,0,0,0,0,0,0,0,0,0
0,0,0,0,0,0,0,0,0.000537317258327084,0.249830024809041,0.64645527133421,0.103177386598422,0,0,0,0,0,0,0,0,0,0,0
0,0,0,0,0,0,0,2.4456862008517e-07,0.172412317258327,0.666538268141122,0.161049170031931,0,0,0,0,0,0,0,0,0,0,0,0
0,0,0,0.0270473328324568,0.507012271475082,0.450288004007012,0.0156523916854495,0,0,0,0,0,0,0,0,0,0,0,0,0,0,0,0
0,0.194960688040008,0.595603952424555,0.209351472498748,8.3887036689206e-05,0,0,0,0,0,0,0,0,0,0,0,0,0,0,0,0,0,0
0,4.58566162659656e-05,0.196582911697032,0.663530074114075,0.139841157572627,0,0,0,0,0,0,0,0,0,0,0,0,0,0,0,0,0,0
0,0,0,0,0,0,0,0,0,0,0,0,0,0,0,0,0,0.00429853806661667,0.345145019408966,0.563125117392937,0.0874313251314796,0,0
0,0,0,0,0,0,0.144956799398948,0.664647508139244,0.190380040070123,1.56523916854493e-05,0,0,0,0,0,0,0,0,0,0,0,0,0
0,0,0,0,0,0,0,0,0,0,0.00142632419233658,0.285579842849988,0.62910679626847,0.083887036689206,0,0,0,0,0,0,0,0,0
0,0,0,0,0,0,0,0,0,0.0611536497464314,0.597423176105059,0.337601789459679,0.00382138468883041,0,0,0,0,0,0,0,0,0,0
0,0.00507137490608565,0.328387177560731,0.602429251189582,0.0641121963436013,0,0,0,0,0,0,0,0,0,0,0,0,0,0,0,0,0,0
0,0,0,0,0,0,0.00481384414913597,0.352702923475457,0.58697080241986,0.0555124299555472,0,0,0,0,0,0,0,0,0,0,0,0,0
0,0,0,0,0,0,0,0,0,0,0,0,0,0,0.0253918478431004,0.500163127269597,0.457589111022414,0.0168559138648886,0,0,0,0,0
0,0,0,0,0,0,0,0,0.0324422720229152,0.527049044812798,0.428120548851114,0.012388134313173,0,0,0,0,0,0,0,0,0,0,0
0,0,0,0.00024456862008515,0.229207754194841,0.654487149386426,0.116060527798648,0,0,0,0,0,0,0,0,0,0,0,0,0,0,0,0
0,0,0.0406901041666667,0.552408854166667,0.398111979166667,0.0087890625,0,0,0,0,0,0,0,0,0,0,0,0,0,0,0,0,0
0,0,0,0,0,0,0,0,0,0,0.0429501627848735,0.55847733533684,0.390558477335337,0.00801402454295014,0,0,0,0,0,0,0,0,0
0,0,0,0,0,0,0.023805331204608,0.493236210242925,0.464838858627598,0.0181195999248685,0,0,0,0,0,0,0,0,0,0,0,0,0
0,0,0,0,0,0,0,0,0,0,0,0,0,0.00100175306786876,0.271099423991986,0.636614074630604,0.0912847483095416,0,0,0,0,0,0
0,0,0,0,0,0,0,0,0,0,0,0,0,0,0,0.0156523916854496,0.450288004007012,0.507012271475081,0.0270473328324568,0,0,0,0
0,0,0,0,0,0,0,0,0,0,0,0,0,0,0.00536877034810918,0.360271099423992,0.581533308289507,0.0528268219383923,0,0,0,0,0
0,0,0,0,0,0,0,0,0,0.0208333333333334,0.479166666666667,0.479166666666666,0.0208333333333332,0,0,0,0,0,0,0,0,0,0
0,0,0,0,0,0,0,0,0,0.0611536497464314,0.597423176105059,0.337601789459679,0.00382138468883041,0,0,0,0,0,0,0,0,0,0
0,0,0,0.0270473328324568,0.507012271475082,0.450288004007012,0.0156523916854495,0,0,0,0,0,0,0,0,0,0,0,0,0,0,0,0
0,0,0.00120156563047834,0.278312486304157,0.632952148682069,0.0875337993832957,0,0,0,0,0,0,0,0,0,0,0,0,0,0,0,0,0
0,0,0,0,0,0,0,0.0477182726020536,0.570257716629101,0.375420658026546,0.00660335274229904,0,0,0,0,0,0,0,0,0,0,0,0
0,0,0.0991050745053845,0.643370038191836,0.256853791009266,0.000671096293513648,0,0,0,0,0,0,0,0,0,0,0,0,0,0,0,0,0
0,0,0,0,0,0,0,0,0,0,0,0,0,0.0385107531930878,0.546227382294015,0.405649339469071,0.00961252504382663,0,0,0,0,0,0
0,0,0,0,0,0,0,0,0,0.0208333333333334,0.479166666666667,0.479166666666666,0.0208333333333332,0,0,0,0,0,0,0,0,0,0
0,0,0.0406901041666667,0.552408854166667,0.398111979166667,0.0087890625,0,0,0,0,0,0,0,0,0,0,0,0,0,0,0,0,0
0,0,0,0,0,0,0.00481384414913597,0.352702923475457,0.58697080241986,0.0555124299555472,0,0,0,0,0,0,0,0,0,0,0,0,0
0,0,0,0,0,0,0.067164657290884,0.607282715455172,0.322576960853368,0.002975666400576,0,0,0,0,0,0,0,0,0,0,0,0,0
0,0.00507137490608565,0.328387177560731,0.602429251189582,0.0641121963436013,0,0,0,0,0,0,0,0,0,0,0,0,0,0,0,0,0,0
0,0,0,0,0,0,0,0,0,0,0,0,0,0.0385107531930878,0.546227382294015,0.405649339469071,0.00961252504382663,0,0,0,0,0,0
0,0,0,0,0,0,0,0,0,0,0,0,0,0,0.0253918478431004,0.500163127269597,0.457589111022414,0.0168559138648886,0,0,0,0,0
0,0,0,0,0,0,0,0,0,0,0,0,0.0555124299555474,0.58697080241986,0.352702923475457,0.00481384414913597,0,0,0,0,0,0,0
0,0,0,0,0,0,0.000125219133483594,0.21587778612572,0.6587778612572,0.125219133483596,0,0,0,0,0,0,0,0,0,0,0,0,0
0,0,0,0,0,0.0912847483095418,0.636614074630604,0.271099423991986,0.00100175306786877,0,0,0,0,0,0,0,0,0,0,0,0,0,0
0,0,0,0,0,0,0,0,0,0,0,0,0,0,0,0,0.00878906250000008,0.398111979166667,0.552408854166666,0.0406901041666665,0,0,0
0,0,0,0,0,0,0,0,0,0,0,0,0,0.0385107531930878,0.546227382294015,0.405649339469071,0.00961252504382663,0,0,0,0,0,0
0,0,0,0.00596478407525671,0.367845145019409,0.575960812280866,0.0502292586244678,0,0,0,0,0,0,0,0,0,0,0,0,0,0,0,0
0,0,0,0,0,0,0,0,0,0,0,0,0,0,0.0253918478431004,0.500163127269597,0.457589111022414,0.0168559138648886,0,0,0,0,0
0,0,0,0,0,0,0,0,0,0,0,0,0,0,0,0.116060527798648,0.654487149386426,0.229207754194841,0.000244568620085149,0,0,0,0
0,0,0,0,0,0,0,2.4456862008517e-07,0.172412317258327,0.666538268141122,0.161049170031931,0,0,0,0,0,0,0,0,0,0,0,0
0,0,0,0,0,0,0,0,0,0,0,0,0.0181195999248686,0.464838858627598,0.493236210242925,0.023805331204608,0,0,0,0,0,0,0
0,0,0,0,0,0,0,0.014507565974831,0.442939939816554,0.513779240624217,0.0287732535843977,0,0,0,0,0,0,0,0,0,0,0,0
0,0,0,0,0,0,0.023805331204608,0.493236210242925,0.464838858627598,0.0181195999248685,0,0,0,0,0,0,0,0,0,0,0,0,0
0,0.194960688040008,0.595603952424555,0.209351472498748,8.3887036689206e-05,0,0,0,0,0,0,0,0,0,0,0,0,0,0,0,0,0,0
0,0,0,0,0,0.00961252504382672,0.405649339469071,0.546227382294015,0.0385107531930879,0,0,0,0,0,0,0,0,0,0,0,0,0,0
0,0.194960688040008,0.595603952424555,0.209351472498748,8.3887036689206e-05,0,0,0,0,0,0,0,0,0,0,0,0,0,0,0,0,0,0
0,0,0,0,0.0168559138648886,0.457589111022414,0.500163127269597,0.0253918478431004,0,0,0,0,0,0,0,0,0,0,0,0,0,0,0
0,0,0,0,0,0,0,0,0.000537317258327084,0.249830024809041,0.64645527133421,0.103177386598422,0,0,0,0,0,0,0,0,0,0,0
0,0,0,0,0,0,0,0,0,5.28268219383931e-05,0.20292347545705,0.662176386801903,0.134847310919108,0,0,0,0,0,0,0,0,0,0
0,0,0,0,0,0,0,0,0,0,0.012388134313173,0.428120548851115,0.527049044812797,0.032442272022915,0,0,0,0,0,0,0,0,0
0,0,0,0.0735571918826697,0.616514202588906,0.307663655537816,0.00226494999060856,0,0,0,0,0,0,0,0,0,0,0,0,0,0,0,0
0,0,0,0,0,0,0.144956799398948,0.664647508139244,0.190380040070123,1.56523916854493e-05,0,0,0,0,0,0,0,0,0,0,0,0,0
0,0,0.0114105935386927,0.420658026546456,0.533543075381918,0.0343883045329326,0,0,0,0,0,0,0,0,0,0,0,0,0,0,0,0,0
0,0,0,0,0,0,0,0,0,0,0,0,0,0,0,0,0,8.38870366892131e-05,0.209351472498748,0.595603952424556,0.194960688040007,0,0
0,0,0,0,0,0,0,0,0,0,0,0.00660335274229905,0.375420658026547,0.570257716629101,0.0477182726020536,0,0,0,0,0,0,0,0
0,0,0,0,0,0,0,0,0,0,0,0.00660335274229905,0.375420658026547,0.570257716629101,0.0477182726020536,0,0,0,0,0,0,0,0
0,0,0,0,0,0,0,0,0,0,0,0,0,0,0.00536877034810918,0.360271099423992,0.581533308289507,0.0528268219383923,0,0,0,0,0
0,0,0,0,0,0,0,0,0,0,0,0,0,0,0.00536877034810918,0.360271099423992,0.581533308289507,0.0528268219383923,0,0,0,0,0
0,0,0,0,0,0,0,0,0,0,0,0,0.125219133483597,0.6587778612572,0.21587778612572,0.000125219133483594,0,0,0,0,0,0,0
0,0,0,0.0735571918826697,0.616514202588906,0.307663655537816,0.00226494999060856,0,0,0,0,0,0,0,0,0,0,0,0,0,0,0,0
0,0,0,0,0,0,0,0,0,0,0,0,0.0555124299555474,0.58697080241986,0.352702923475457,0.00481384414913597,0,0,0,0,0,0,0
0,0,0,0,0.00260416666666667,0.315104166666667,0.611979166666667,0.0703125,0,0,0,0,0,0,0,0,0,0,0,0,0,0,0
0,0,0,0,0,0,0,0,0.00801402454295022,0.390558477335337,0.558477335336839,0.0429501627848734,0,0,0,0,0,0,0,0,0,0,0
0,0,0,0,0.120581867878162,0.656741827494991,0.222498014102805,0.000178290524042073,0,0,0,0,0,0,0,0,0,0,0,0,0,0,0
0,0,0,0,0,0,0,0,0.000537317258327084,0.249830024809041,0.64645527133421,0.103177386598422,0,0,0,0,0,0,0,0,0,0,0
0,0,0,0,0,0,0,0,0,0,0,0,0,0,0,0,0.0382972005208293,0.545603190104155,0.406402018229181,0.00969759114583498,0,0,0
0,0,0,0,0,0,0,0,0,0,0,0,0,0,0,1.45075659748093e-05,0.189764285497656,0.664746088124924,0.145475118811446,0,0,0,0
0,0,0,0,0,0,0,0,0,0,0.012388134313173,0.428120548851115,0.527049044812797,0.032442272022915,0,0,0,0,0,0,0,0,0
0,0,0,0,0,0.00961252504382672,0.405649339469071,0.546227382294015,0.0385107531930879,0,0,0,0,0,0,0,0,0,0,0,0,0,0
0,0,0,0.00596478407525671,0.367845145019409,0.575960812280866,0.0502292586244678,0,0,0,0,0,0,0,0,0,0,0,0,0,0,0,0
0,0,0.00120156563047834,0.278312486304157,0.632952148682069,0.0875337993832957,0,0,0,0,0,0,0,0,0,0,0,0,0,0,0,0,0
0,0.00507137490608565,0.328387177560731,0.602429251189582,0.0641121963436013,0,0,0,0,0,0,0,0,0,0,0,0,0,0,0,0,0,0
0,0,0,0,0,0,0,0,0,0,0,0,0,0,0,0,0,0,0,0,0,1,0
0,0,0,0,0,0,0,0,0,0,0,0,0,0,0.00536877034810918,0.360271099423992,0.581533308289507,0.0528268219383923,0,0,0,0,0
0,0,0,0,0,0,0,0.111653645833333,0.652018229166667,0.236002604166667,0.000325520833333337,0,0,0,0,0,0,0,0,0,0,0,0
0,0,0,0,0,0.00961252504382672,0.405649339469071,0.546227382294015,0.0385107531930879,0,0,0,0,0,0,0,0,0,0,0,0,0,0
0,0,0,0,0,0,0,0,0,0,0,0,0.125219133483597,0.6587778612572,0.21587778612572,0.000125219133483594,0,0,0,0,0,0,0
0,0,0,0.0270473328324568,0.507012271475082,0.450288004007012,0.0156523916854495,0,0,0,0,0,0,0,0,0,0,0,0,0,0,0,0
0,0,0.00120156563047834,0.278312486304157,0.632952148682069,0.0875337993832957,0,0,0,0,0,0,0,0,0,0,0,0,0,0,0,0,0
0,0,0,0,0,0,0,0.0477182726020536,0.570257716629101,0.375420658026546,0.00660335274229904,0,0,0,0,0,0,0,0,0,0,0,0
0,0.194960688040008,0.595603952424555,0.209351472498748,8.3887036689206e-05,0,0,0,0,0,0,0,0,0,0,0,0,0,0,0,0,0,0
0,0,0,0.00596478407525671,0.367845145019409,0.575960812280866,0.0502292586244678,0,0,0,0,0,0,0,0,0,0,0,0,0,0,0,0
0,0,0,0,0,0,0,0,0,0,0,0,0,0,0,1.95654896068136e-06,0.178282697846231,0.666156007387929,0.155559338216879,0,0,0,0
0,0,0,0,0,0,0,0,0,0,0,0,0,0,0.000178290524042073,0.222498014102805,0.656741827494991,0.120581867878162,0,0,0,0,0
0,0,0,0,0,0,0,0,0,0,0.00142632419233658,0.285579842849988,0.62910679626847,0.083887036689206,0,0,0,0,0,0,0,0,0
0,0,0,0,0,0,0,0,0,0.0208333333333334,0.479166666666667,0.479166666666666,0.0208333333333332,0,0,0,0,0,0,0,0,0,0
0,0,0,0.0735571918826697,0.616514202588906,0.307663655537816,0.00226494999060856,0,0,0,0,0,0,0,0,0,0,0,0,0,0,0,0
0,0.194960688040008,0.595603952424555,0.209351472498748,8.3887036689206e-05,0,0,0,0,0,0,0,0,0,0,0,0,0,0,0,0,0,0
0,0,0,0.00024456862008515,0.229207754194841,0.654487149386426,0.116060527798648,0,0,0,0,0,0,0,0,0,0,0,0,0,0,0,0
0,0,0,0,0,0,0,0,0.000537317258327084,0.249830024809041,0.64645527133421,0.103177386598422,0,0,0,0,0,0,0,0,0,0,0
0,0,0,0,0,0.000825419092787381,0.263945058148635,0.640088171878913,0.0951413508796644,0,0,0,0,0,0,0,0,0,0,0,0,0,0
0,0.00012051448922324,0.208664004414942,0.660759710107926,0.130455770987909,0,0,0,0,0,0,0,0,0,0,0,0,0,0,0,0,0,0
0,0,0,0,0,0,0,0,0.0838870366892063,0.62910679626847,0.285579842849987,0.00142632419233658,0,0,0,0,0,0,0,0,0,0,0
0,0,0,0,0,0,0,0,0,0,0,0,0.0555124299555474,0.58697080241986,0.352702923475457,0.00481384414913597,0,0,0,0,0,0,0
0,0,0,0,0,0,0,0,0,0,0,0,0,6.71646572908816e-05,0.206124909265042,0.66141232386168,0.132395602215987,0,0,0,0,0,0
0,0,0,0,0,0,0,0,0,0.134847310919109,0.662176386801903,0.20292347545705,5.28268219383897e-05,0,0,0,0,0,0,0,0,0,0
0,0,0,0,0,0.0912847483095418,0.636614074630604,0.271099423991986,0.00100175306786877,0,0,0,0,0,0,0,0,0,0,0,0,0,0
0,0,0,0.0270473328324568,0.507012271475082,0.450288004007012,0.0156523916854495,0,0,0,0,0,0,0,0,0,0,0,0,0,0,0,0
0,0,0,0,0,0,0,0,0,0,0,0,0,0,0,0.0502292586244679,0.575960812280867,0.367845145019409,0.0059647840752567,0,0,0,0
0,0,0,0,0,0,0,0,0,0,0.00508626302083333,0.356486002604167,0.584269205729167,0.0541585286458333,0,0,0,0,0,0,0,0,0
0,0,0,0,0,0,0,0.111653645833333,0.652018229166667,0.236002604166667,0.000325520833333337,0,0,0,0,0,0,0,0,0,0,0,0
0,0,0,0,0,0,0.144956799398948,0.664647508139244,0.190380040070123,1.56523916854493e-05,0,0,0,0,0,0,0,0,0,0,0,0,0
0,0,0,0,0,0,0,0,0,0,0.103177386598422,0.64645527133421,0.24983002480904,0.000537317258327068,0,0,0,0,0,0,0,0,0
0.0437156625657401,0.530774191749624,0.380217749225207,0.045292396459429,0,0,0,0,0,0,0,0,0,0,0,0,0,0,0,0,0,0,0
0.482057956893313,0.45556567254414,0.0606988743973829,0.00167749616516404,0,0,0,0,0,0,0,0,0,0,0,0,0,0,0,0,0,0,0
0.482057956893313,0.45556567254414,0.0606988743973829,0.00167749616516404,0,0,0,0,0,0,0,0,0,0,0,0,0,0,0,0,0,0,0
0.0437156625657401,0.530774191749624,0.380217749225207,0.045292396459429,0,0,0,0,0,0,0,0,0,0,0,0,0,0,0,0,0,0,0
0,0.0874313251314801,0.563125117392938,0.345145019408966,0.00429853806661658,0,0,0,0,0,0,0,0,0,0,0,0,0,0,0,0,0,0
0,0.194960688040008,0.595603952424555,0.209351472498748,8.3887036689206e-05,0,0,0,0,0,0,0,0,0,0,0,0,0,0,0,0,0,0
0,0,0,0,0,0.000825419092787381,0.263945058148635,0.640088171878913,0.0951413508796644,0,0,0,0,0,0,0,0,0,0,0,0,0,0
0,0.194960688040008,0.595603952424555,0.209351472498748,8.3887036689206e-05,0,0,0,0,0,0,0,0,0,0,0,0,0,0,0,0,0,0
0.482057956893313,0.45556567254414,0.0606988743973829,0.00167749616516404,0,0,0,0,0,0,0,0,0,0,0,0,0,0,0,0,0,0,0
0.183426465063862,0.597262983658903,0.205890581955923,0.0134199693213123,0,0,0,0,0,0,0,0,0,0,0,0,0,0,0,0,0,0,0
0.183426465063862,0.597262983658903,0.205890581955923,0.0134199693213123,0,0,0,0,0,0,0,0,0,0,0,0,0,0,0,0,0,0,0
0.482057956893313,0.45556567254414,0.0606988743973829,0.00167749616516404,0,0,0,0,0,0,0,0,0,0,0,0,0,0,0,0,0,0,0
0,0,0,0,0,0,0,0,0,0,0,0.000325520833333337,0.236002604166667,0.652018229166666,0.111653645833333,0,0,0,0,0,0,0,0
0,0,0,0,0,0,0,0,0,0,0,0,0,0,0,0,0,0,0.163280766732396,0.58157096892217,0.255147947384502,3.16960931633206e-07,0
0,0,0.0114105935386927,0.420658026546456,0.533543075381918,0.0343883045329326,0,0,0,0,0,0,0,0,0,0,0,0,0,0,0,0,0
0.183426465063862,0.597262983658903,0.205890581955923,0.0134199693213123,0,0,0,0,0,0,0,0,0,0,0,0,0,0,0,0,0,0,0
0,0,0,0,0,0,0,0,0,0,0,0,0,0.0104858795861507,0.413166156007388,0.539937321954045,0.0364106424524166,0,0,0,0,0,0
0,0,0,0,0,0,0,0,0,0,0,0.0769002003506137,0.620883420986727,0.300259829701978,0.0019565489606812,0,0,0,0,0,0,0,0
0,0,0,0,0,0,0,0,0,0,0.012388134313173,0.428120548851115,0.527049044812797,0.032442272022915,0,0,0,0,0,0,0,0,0
0,0,0,0,0,0,0.00481384414913597,0.352702923475457,0.58697080241986,0.0555124299555472,0,0,0,0,0,0,0,0,0,0,0,0,0
0,4.58566162659656e-05,0.196582911697032,0.663530074114075,0.139841157572627,0,0,0,0,0,0,0,0,0,0,0,0,0,0,0,0,0,0
0,0.0874313251314801,0.563125117392938,0.345145019408966,0.00429853806661658,0,0,0,0,0,0,0,0,0,0,0,0,0,0,0,0,0,0
0,0,0,0,0,0,0,0.014507565974831,0.442939939816554,0.513779240624217,0.0287732535843977,0,0,0,0,0,0,0,0,0,0,0,0
0,0,0,0,0,0,0,0.014507565974831,0.442939939816554,0.513779240624217,0.0287732535843977,0,0,0,0,0,0,0,0,0,0,0,0
0,0.0291673759156649,0.462310385948848,0.486235922630228,0.0222863155052592,0,0,0,0,0,0,0,0,0,0,0,0,0,0,0,0,0,0
0,0.194960688040008,0.595603952424555,0.209351472498748,8.3887036689206e-05,0,0,0,0,0,0,0,0,0,0,0,0,0,0,0,0,0,0
0,0,0,0,0,0.0912847483095418,0.636614074630604,0.271099423991986,0.00100175306786877,0,0,0,0,0,0,0,0,0,0,0,0,0,0
0,0,0,0,0,0,0,0,0.000537317258327084,0.249830024809041,0.64645527133421,0.103177386598422,0,0,0,0,0,0,0,0,0,0,0
0,0,0,0,0,0,0.000125219133483594,0.21587778612572,0.6587778612572,0.125219133483596,0,0,0,0,0,0,0,0,0,0,0,0,0
0,0,0,0,0,0,0,0,0,0.0611536497464314,0.597423176105059,0.337601789459679,0.00382138468883041,0,0,0,0,0,0,0,0,0,0
0,0.0874313251314801,0.563125117392938,0.345145019408966,0.00429853806661658,0,0,0,0,0,0,0,0,0,0,0,0,0,0,0,0,0,0
0.482057956893313,0.45556567254414,0.0606988743973829,0.00167749616516404,0,0,0,0,0,0,0,0,0,0,0,0,0,0,0,0,0,0,0
0,0,0,0.0735571918826697,0.616514202588906,0.307663655537816,0.00226494999060856,0,0,0,0,0,0,0,0,0,0,0,0,0,0,0,0
0,0,0,0,0,0,0,0,0,0,0,0,0,0.0104858795861507,0.413166156007388,0.539937321954045,0.0364106424524166,0,0,0,0,0,0
0,0,0,0,0.0168559138648886,0.457589111022414,0.500163127269597,0.0253918478431004,0,0,0,0,0,0,0,0,0,0,0,0,0,0,0
0.482057956893313,0.45556567254414,0.0606988743973829,0.00167749616516404,0,0,0,0,0,0,0,0,0,0,0,0,0,0,0,0,0,0,0
0.183426465063862,0.597262983658903,0.205890581955923,0.0134199693213123,0,0,0,0,0,0,0,0,0,0,0,0,0,0,0,0,0,0,0
0.482057956893313,0.45556567254414,0.0606988743973829,0.00167749616516404,0,0,0,0,0,0,0,0,0,0,0,0,0,0,0,0,0,0,0
0.0437156625657401,0.530774191749624,0.380217749225207,0.045292396459429,0,0,0,0,0,0,0,0,0,0,0,0,0,0,0,0,0,0,0
0.482057956893313,0.45556567254414,0.0606988743973829,0.00167749616516404,0,0,0,0,0,0,0,0,0,0,0,0,0,0,0,0,0,0,0
0.482057956893313,0.45556567254414,0.0606988743973829,0.00167749616516404,0,0,0,0,0,0,0,0,0,0,0,0,0,0,0,0,0,0,0
0.482057956893313,0.45556567254414,0.0606988743973829,0.00167749616516404,0,0,0,0,0,0,0,0,0,0,0,0,0,0,0,0,0,0,0
0,0,0,0,0,0,0,0,0,0,0,0.000325520833333337,0.236002604166667,0.652018229166666,0.111653645833333,0,0,0,0,0,0,0,0
0,0,0,0,0,0,0,0,0.0838870366892063,0.62910679626847,0.285579842849987,0.00142632419233658,0,0,0,0,0,0,0,0,0,0,0
0.0437156625657401,0.530774191749624,0.380217749225207,0.045292396459429,0,0,0,0,0,0,0,0,0,0,0,0,0,0,0,0,0,0,0
0.0437156625657401,0.530774191749624,0.380217749225207,0.045292396459429,0,0,0,0,0,0,0,0,0,0,0,0,0,0,0,0,0,0,0
0.482057956893313,0.45556567254414,0.0606988743973829,0.00167749616516404,0,0,0,0,0,0,0,0,0,0,0,0,0,0,0,0,0,0,0
0.482057956893313,0.45556567254414,0.0606988743973829,0.00167749616516404,0,0,0,0,0,0,0,0,0,0,0,0,0,0,0,0,0,0,0
0,0,0,0,0,0,0.144956799398948,0.664647508139244,0.190380040070123,1.56523916854493e-05,0,0,0,0,0,0,0,0,0,0,0,0,0
0,0,0,0.0270473328324568,0.507012271475082,0.450288004007012,0.0156523916854495,0,0,0,0,0,0,0,0,0,0,0,0,0,0,0,0
0,0,0,0,0,0,0,0.0019565489606812,0.300259829701979,0.620883420986727,0.0769002003506136,0,0,0,0,0,0,0,0,0,0,0,0
0,0,0,0,0,0,0,0,0.0838870366892063,0.62910679626847,0.285579842849987,0.00142632419233658,0,0,0,0,0,0,0,0,0,0,0
0,0,0.0114105935386927,0.420658026546456,0.533543075381918,0.0343883045329326,0,0,0,0,0,0,0,0,0,0,0,0,0,0,0,0,0
0.482057956893313,0.45556567254414,0.0606988743973829,0.00167749616516404,0,0,0,0,0,0,0,0,0,0,0,0,0,0,0,0,0,0,0
0.482057956893313,0.45556567254414,0.0606988743973829,0.00167749616516404,0,0,0,0,0,0,0,0,0,0,0,0,0,0,0,0,0,0,0
0.0437156625657401,0.530774191749624,0.380217749225207,0.045292396459429,0,0,0,0,0,0,0,0,0,0,0,0,0,0,0,0,0,0,0
0,0,0,0,0,0,0,0,0,0,0.0429501627848735,0.55847733533684,0.390558477335337,0.00801402454295014,0,0,0,0,0,0,0,0,0
0.482057956893313,0.45556567254414,0.0606988743973829,0.00167749616516404,0,0,0,0,0,0,0,0,0,0,0,0,0,0,0,0,0,0,0
0,0,0,0.0735571918826697,0.616514202588906,0.307663655537816,0.00226494999060856,0,0,0,0,0,0,0,0,0,0,0,0,0,0,0,0
0,0,0,0,0,0,0,0,0,0.00382138468883047,0.33760178945968,0.597423176105059,0.0611536497464311,0,0,0,0,0,0,0,0,0,0
0.0437156625657401,0.530774191749624,0.380217749225207,0.045292396459429,0,0,0,0,0,0,0,0,0,0,0,0,0,0,0,0,0,0,0
0.0437156625657401,0.530774191749624,0.380217749225207,0.045292396459429,0,0,0,0,0,0,0,0,0,0,0,0,0,0,0,0,0,0,0
0,0,0,0,0,0,0,0,0.0838870366892063,0.62910679626847,0.285579842849987,0.00142632419233658,0,0,0,0,0,0,0,0,0,0,0
0,0,0,0,0.0168559138648886,0.457589111022414,0.500163127269597,0.0253918478431004,0,0,0,0,0,0,0,0,0,0,0,0,0,0,0
0,0,0,0,0,0,0,0,0,0,0.00142632419233658,0.285579842849988,0.62910679626847,0.083887036689206,0,0,0,0,0,0,0,0,0
0,0,0,0,0,0,0,0,0.000537317258327084,0.249830024809041,0.64645527133421,0.103177386598422,0,0,0,0,0,0,0,0,0,0,0
0,0,0.00120156563047834,0.278312486304157,0.632952148682069,0.0875337993832957,0,0,0,0,0,0,0,0,0,0,0,0,0,0,0,0,0
0,0.00507137490608565,0.328387177560731,0.602429251189582,0.0641121963436013,0,0,0,0,0,0,0,0,0,0,0,0,0,0,0,0,0,0
0.0437156625657401,0.530774191749624,0.380217749225207,0.045292396459429,0,0,0,0,0,0,0,0,0,0,0,0,0,0,0,0,0,0,0
0,0,0,0,0,0,0.023805331204608,0.493236210242925,0.464838858627598,0.0181195999248685,0,0,0,0,0,0,0,0,0,0,0,0,0
0,0,0.0114105935386927,0.420658026546456,0.533543075381918,0.0343883045329326,0,0,0,0,0,0,0,0,0,0,0,0,0,0,0,0,0
0,0.0291673759156649,0.462310385948848,0.486235922630228,0.0222863155052592,0,0,0,0,0,0,0,0,0,0,0,0,0,0,0,0,0,0
0.00253568745304283,0.361781555221638,0.528323002754821,0.107359754570498,0,0,0,0,0,0,0,0,0,0,0,0,0,0,0,0,0,0,0
0,0,0,0,0.0168559138648886,0.457589111022414,0.500163127269597,0.0253918478431004,0,0,0,0,0,0,0,0,0,0,0,0,0,0,0
0,0,0,0,0,0,0,0,0.0838870366892063,0.62910679626847,0.285579842849987,0.00142632419233658,0,0,0,0,0,0,0,0,0,0,0
0,0,0,0.0735571918826697,0.616514202588906,0.307663655537816,0.00226494999060856,0,0,0,0,0,0,0,0,0,0,0,0,0,0,0,0
0,0,0,0,0.120581867878162,0.656741827494991,0.222498014102805,0.000178290524042073,0,0,0,0,0,0,0,0,0,0,0,0,0,0,0
0.482057956893313,0.45556567254414,0.0606988743973829,0.00167749616516404,0,0,0,0,0,0,0,0,0,0,0,0,0,0,0,0,0,0,0
0.482057956893313,0.45556567254414,0.0606988743973829,0.00167749616516404,0,0,0,0,0,0,0,0,0,0,0,0,0,0,0,0,0,0,0
0,0,0,0,0,0,0.00481384414913597,0.352702923475457,0.58697080241986,0.0555124299555472,0,0,0,0,0,0,0,0,0,0,0,0,0
0,0.00507137490608565,0.328387177560731,0.602429251189582,0.0641121963436013,0,0,0,0,0,0,0,0,0,0,0,0,0,0,0,0,0,0
0,0,0,0.0270473328324568,0.507012271475082,0.450288004007012,0.0156523916854495,0,0,0,0,0,0,0,0,0,0,0,0,0,0,0,0
0,0,0,0,0.0168559138648886,0.457589111022414,0.500163127269597,0.0253918478431004,0,0,0,0,0,0,0,0,0,0,0,0,0,0,0
1,0,0,0,0,0,0,0,0,0,0,0,0,0,0,0,0,0,0,0,0,0,0
0,0,0.00120156563047834,0.278312486304157,0.632952148682069,0.0875337993832957,0,0,0,0,0,0,0,0,0,0,0,0,0,0,0,0,0
1,0,0,0,0,0,0,0,0,0,0,0,0,0,0,0,0,0,0,0,0,0,0
0,0,0,0,0,0,0,0,0,0,0.00142632419233658,0.285579842849988,0.62910679626847,0.083887036689206,0,0,0,0,0,0,0,0,0
0,0,0,0,0,0,0,0,0.0324422720229152,0.527049044812798,0.428120548851114,0.012388134313173,0,0,0,0,0,0,0,0,0,0,0
0,0,0,0,0,0,0,0,0,0.0208333333333334,0.479166666666667,0.479166666666666,0.0208333333333332,0,0,0,0,0,0,0,0,0,0
0,0,0,0,0,0,0,0.0019565489606812,0.300259829701979,0.620883420986727,0.0769002003506136,0,0,0,0,0,0,0,0,0,0,0,0
0,0,0,0,0,0,0,0.0019565489606812,0.300259829701979,0.620883420986727,0.0769002003506136,0,0,0,0,0,0,0,0,0,0,0,0
0,0,0,0.00024456862008515,0.229207754194841,0.654487149386426,0.116060527798648,0,0,0,0,0,0,0,0,0,0,0,0,0,0,0,0
1,0,0,0,0,0,0,0,0,0,0,0,0,0,0,0,0,0,0,0,0,0,0
0,0,0,0,0,0,0,0,0,0,0,0,0.0181195999248686,0.464838858627598,0.493236210242925,0.023805331204608,0,0,0,0,0,0,0
0,0,0,0,0,0,0,0,0,0,0,0,0.0181195999248686,0.464838858627598,0.493236210242925,0.023805331204608,0,0,0,0,0,0,0
0,0,0,0,0,0,0,0.111653645833333,0.652018229166667,0.236002604166667,0.000325520833333337,0,0,0,0,0,0,0,0,0,0,0,0
0,0,0,0,0.00764420621830392,0.386777049044813,0.561467828710008,0.0441109160268751,0,0,0,0,0,0,0,0,0,0,0,0,0,0,0
0,0,0.0406901041666667,0.552408854166667,0.398111979166667,0.0087890625,0,0,0,0,0,0,0,0,0,0,0,0,0,0,0,0,0
0,0,0,0,0,0.00961252504382672,0.405649339469071,0.546227382294015,0.0385107531930879,0,0,0,0,0,0,0,0,0,0,0,0,0,0
0,0,0,0,0.00260416666666667,0.315104166666667,0.611979166666667,0.0703125,0,0,0,0,0,0,0,0,0,0,0,0,0,0,0
0,0,0,0,0,0,0.144956799398948,0.664647508139244,0.190380040070123,1.56523916854493e-05,0,0,0,0,0,0,0,0,0,0,0,0,0
0,0,0,0,0,0,0,0,0,0.134847310919109,0.662176386801903,0.20292347545705,5.28268219383897e-05,0,0,0,0,0,0,0,0,0,0
0.183426465063862,0.597262983658903,0.205890581955923,0.0134199693213123,0,0,0,0,0,0,0,0,0,0,0,0,0,0,0,0,0,0,0
0,0,0,0,0.0168559138648886,0.457589111022414,0.500163127269597,0.0253918478431004,0,0,0,0,0,0,0,0,0,0,0,0,0,0,0
0,0,0,0,0.120581867878162,0.656741827494991,0.222498014102805,0.000178290524042073,0,0,0,0,0,0,0,0,0,0,0,0,0,0,0
0,0,0.00120156563047834,0.278312486304157,0.632952148682069,0.0875337993832957,0,0,0,0,0,0,0,0,0,0,0,0,0,0,0,0,0
0,0,0,0,0,0,0,0,0,0,0.0429501627848735,0.55847733533684,0.390558477335337,0.00801402454295014,0,0,0,0,0,0,0,0,0
0,0,0,0,0,0,0,0,0,5.28268219383931e-05,0.20292347545705,0.662176386801903,0.134847310919108,0,0,0,0,0,0,0,0,0,0
0,0,0.0406901041666667,0.552408854166667,0.398111979166667,0.0087890625,0,0,0,0,0,0,0,0,0,0,0,0,0,0,0,0,0
0,0.00507137490608565,0.328387177560731,0.602429251189582,0.0641121963436013,0,0,0,0,0,0,0,0,0,0,0,0,0,0,0,0,0,0
0,0,0,0,0,0.0364106424524168,0.539937321954045,0.413166156007388,0.0104858795861508,0,0,0,0,0,0,0,0,0,0,0,0,0,0
0,0,0,0.0270473328324568,0.507012271475082,0.450288004007012,0.0156523916854495,0,0,0,0,0,0,0,0,0,0,0,0,0,0,0,0
0,0,0,0,0,0,0,0,0,0,0,0.161049170031931,0.666538268141122,0.172412317258327,2.4456862008517e-07,0,0,0,0,0,0,0,0
0,0,0,0,0,0.0364106424524168,0.539937321954045,0.413166156007388,0.0104858795861508,0,0,0,0,0,0,0,0,0,0,0,0,0,0
0,0,0,0,0,0,0.144956799398948,0.664647508139244,0.190380040070123,1.56523916854493e-05,0,0,0,0,0,0,0,0,0,0,0,0,0
0,0,0,0,0,0.00961252504382672,0.405649339469071,0.546227382294015,0.0385107531930879,0,0,0,0,0,0,0,0,0,0,0,0,0,0
0,0.194960688040008,0.595603952424555,0.209351472498748,8.3887036689206e-05,0,0,0,0,0,0,0,0,0,0,0,0,0,0,0,0,0,0
0.482057956893313,0.45556567254414,0.0606988743973829,0.00167749616516404,0,0,0,0,0,0,0,0,0,0,0,0,0,0,0,0,0,0,0
0,0,0,0,0,0,0,0,0,0,0,0.00660335274229905,0.375420658026547,0.570257716629101,0.0477182726020536,0,0,0,0,0,0,0,0
0,0,0,0,0,0,0,0,0,0,0,0,0,0,0.0703125,0.611979166666667,0.315104166666667,0.00260416666666669,0,0,0,0,0
0,0,0,0,0.0528268219383922,0.581533308289507,0.360271099423992,0.00536877034810918,0,0,0,0,0,0,0,0,0,0,0,0,0,0,0
0,0,0,0,0,0.0364106424524168,0.539937321954045,0.413166156007388,0.0104858795861508,0,0,0,0,0,0,0,0,0,0,0,0,0,0
0,0,0,0,0,0,0,0,0.0838870366892063,0.62910679626847,0.285579842849987,0.00142632419233658,0,0,0,0,0,0,0,0,0,0,0
0,0,0,0,0,0,0,0,0,0,0,0.161049170031931,0.666538268141122,0.172412317258327,2.4456862008517e-07,0,0,0,0,0,0,0,0
0,0,0,0,0,0,0,0,0,0,0.0429501627848735,0.55847733533684,0.390558477335337,0.00801402454295014,0,0,0,0,0,0,0,0,0
0,0,0.00120156563047834,0.278312486304157,0.632952148682069,0.0875337993832957,0,0,0,0,0,0,0,0,0,0,0,0,0,0,0,0,0
0,0.0874313251314801,0.563125117392938,0.345145019408966,0.00429853806661658,0,0,0,0,0,0,0,0,0,0,0,0,0,0,0,0,0,0
0,0,0,0,0,0.000825419092787381,0.263945058148635,0.640088171878913,0.0951413508796644,0,0,0,0,0,0,0,0,0,0,0,0,0,0
0,0,0,0,0.00260416666666667,0.315104166666667,0.611979166666667,0.0703125,0,0,0,0,0,0,0,0,0,0,0,0,0,0,0
0.482057956893313,0.45556567254414,0.0606988743973829,0.00167749616516404,0,0,0,0,0,0,0,0,0,0,0,0,0,0,0,0,0,0,0
0,0,0,0,0,0,0,0,0,0,0,0,1.56523916854508e-05,0.190380040070123,0.664647508139244,0.144956799398948,0,0,0,0,0,0,0
0,0,0,0.0735571918826697,0.616514202588906,0.307663655537816,0.00226494999060856,0,0,0,0,0,0,0,0,0,0,0,0,0,0,0,0
1,0,0,0,0,0,0,0,0,0,0,0,0,0,0,0,0,0,0,0,0,0,0
1,0,0,0,0,0,0,0,0,0,0,0,0,0,0,0,0,0,0,0,0,0,0
0,0,0,0,0,0,0,0,0,0.0611536497464314,0.597423176105059,0.337601789459679,0.00382138468883041,0,0,0,0,0,0,0,0,0,0
0,0,0.0114105935386927,0.420658026546456,0.533543075381918,0.0343883045329326,0,0,0,0,0,0,0,0,0,0,0,0,0,0,0,0,0
0,0,0,0,0,0.000825419092787381,0.263945058148635,0.640088171878913,0.0951413508796644,0,0,0,0,0,0,0,0,0,0,0,0,0,0
0,0,0,0,0,0,0.023805331204608,0.493236210242925,0.464838858627598,0.0181195999248685,0,0,0,0,0,0,0,0,0,0,0,0,0
0,0,0,0,0,0,0.067164657290884,0.607282715455172,0.322576960853368,0.002975666400576,0,0,0,0,0,0,0,0,0,0,0,0,0
1,0,0,0,0,0,0,0,0,0,0,0,0,0,0,0,0,0,0,0,0,0,0
0,0,0,0,6.60335274229914e-06,0.184273406195217,0.665524286642249,0.150195703809792,0,0,0,0,0,0,0,0,0,0,0,0,0,0,0
0,0,0,0,0,0,0.023805331204608,0.493236210242925,0.464838858627598,0.0181195999248685,0,0,0,0,0,0,0,0,0,0,0,0,0
0,0,0,0.00596478407525671,0.367845145019409,0.575960812280866,0.0502292586244678,0,0,0,0,0,0,0,0,0,0,0,0,0,0,0,0
1,0,0,0,0,0,0,0,0,0,0,0,0,0,0,0,0,0,0,0,0,0,0
1,0,0,0,0,0,0,0,0,0,0,0,0,0,0,0,0,0,0,0,0,0,0
0,0,0,0,0,0,0,0,0.000537317258327084,0.249830024809041,0.64645527133421,0.103177386598422,0,0,0,0,0,0,0,0,0,0,0
0,0,0,0,0,0,0,0,0,0.134847310919109,0.662176386801903,0.20292347545705,5.28268219383897e-05,0,0,0,0,0,0,0,0,0,0
0,0.0291673759156649,0.462310385948848,0.486235922630228,0.0222863155052592,0,0,0,0,0,0,0,0,0,0,0,0,0,0,0,0,0,0
0.0437156625657401,0.530774191749624,0.380217749225207,0.045292396459429,0,0,0,0,0,0,0,0,0,0,0,0,0,0,0,0,0,0,0
0,0,0,0,0,0,0,0,0,0.0611536497464314,0.597423176105059,0.337601789459679,0.00382138468883041,0,0,0,0,0,0,0,0,0,0
0,0,0,0,0,0,0,0.014507565974831,0.442939939816554,0.513779240624217,0.0287732535843977,0,0,0,0,0,0,0,0,0,0,0,0
0,0,0.0991050745053845,0.643370038191836,0.256853791009266,0.000671096293513648,0,0,0,0,0,0,0,0,0,0,0,0,0,0,0,0,0
0.0437156625657401,0.530774191749624,0.380217749225207,0.045292396459429,0,0,0,0,0,0,0,0,0,0,0,0,0,0,0,0,0,0,0
0,0,0,0,0,0,0,0,0,0,0,0,0,0,0,0,0.0568887092939991,0.589637548082191,0.348922412317258,0.00455133030655206,0,0,0
0,0,0,0,0,0,0,0,0,0,0,0,0,0.00100175306786876,0.271099423991986,0.636614074630604,0.0912847483095416,0,0,0,0,0,0
0,0,0,0,0,0,0,0,0.0838870366892063,0.62910679626847,0.285579842849987,0.00142632419233658,0,0,0,0,0,0,0,0,0,0,0
0,0,0,0,0,0.0775807291666668,0.621736979166667,0.298783854166667,0.00189843749999999,0,0,0,0,0,0,0,0,0,0,0,0,0,0
0.00253568745304283,0.361781555221638,0.528323002754821,0.107359754570498,0,0,0,0,0,0,0,0,0,0,0,0,0,0,0,0,0,0,0
0,0,0,0,0,0.00961252504382672,0.405649339469071,0.546227382294015,0.0385107531930879,0,0,0,0,0,0,0,0,0,0,0,0,0,0
0,0,0,0,0.120581867878162,0.656741827494991,0.222498014102805,0.000178290524042073,0,0,0,0,0,0,0,0,0,0,0,0,0,0,0
0.183426465063862,0.597262983658903,0.205890581955923,0.0134199693213123,0,0,0,0,0,0,0,0,0,0,0,0,0,0,0,0,0,0,0
0,0,0,0,0,0,0,0,0,0.0611536497464314,0.597423176105059,0.337601789459679,0.00382138468883041,0,0,0,0,0,0,0,0,0,0
0,0,0,0,0,0,0,0,0.0838870366892063,0.62910679626847,0.285579842849987,0.00142632419233658,0,0,0,0,0,0,0,0,0,0,0
0,0,0.0991050745053845,0.643370038191836,0.256853791009266,0.000671096293513648,0,0,0,0,0,0,0,0,0,0,0,0,0,0,0,0,0
0.0437156625657401,0.530774191749624,0.380217749225207,0.045292396459429,0,0,0,0,0,0,0,0,0,0,0,0,0,0,0,0,0,0,0
0,0,0,0,6.60335274229914e-06,0.184273406195217,0.665524286642249,0.150195703809792,0,0,0,0,0,0,0,0,0,0,0,0,0,0,0
0,0,0,0.0270473328324568,0.507012271475082,0.450288004007012,0.0156523916854495,0,0,0,0,0,0,0,0,0,0,0,0,0,0,0,0
0,0,0,0,0,0,0,0,0,0,0.012388134313173,0.428120548851115,0.527049044812797,0.032442272022915,0,0,0,0,0,0,0,0,0
0,0,0,0,0,0,0,0,0.000537317258327084,0.249830024809041,0.64645527133421,0.103177386598422,0,0,0,0,0,0,0,0,0,0,0
0,0.0874313251314801,0.563125117392938,0.345145019408966,0.00429853806661658,0,0,0,0,0,0,0,0,0,0,0,0,0,0,0,0,0,0
0,0,0,0,6.60335274229914e-06,0.184273406195217,0.665524286642249,0.150195703809792,0,0,0,0,0,0,0,0,0,0,0,0,0,0,0
0,0,0,0.15555933821688,0.666156007387929,0.178282697846231,1.95654896068116e-06,0,0,0,0,0,0,0,0,0,0,0,0,0,0,0,0
0,0,0,0,0,0,0,0,0,0.0611536497464314,0.597423176105059,0.337601789459679,0.00382138468883041,0,0,0,0,0,0,0,0,0,0
0,0,0,0.0735571918826697,0.616514202588906,0.307663655537816,0.00226494999060856,0,0,0,0,0,0,0,0,0,0,0,0,0,0,0,0
0,0,0,0,0.0168559138648886,0.457589111022414,0.500163127269597,0.0253918478431004,0,0,0,0,0,0,0,0,0,0,0,0,0,0,0
0,0,0,0,0,0.0912847483095418,0.636614074630604,0.271099423991986,0.00100175306786877,0,0,0,0,0,0,0,0,0,0,0,0,0,0
0,0,0,0,0.0528268219383922,0.581533308289507,0.360271099423992,0.00536877034810918,0,0,0,0,0,0,0,0,0,0,0,0,0,0,0
0,0,0,0,0.0528268219383922,0.581533308289507,0.360271099423992,0.00536877034810918,0,0,0,0,0,0,0,0,0,0,0,0,0,0,0
0,0,0,0,0,0,0,0.0477182726020536,0.570257716629101,0.375420658026546,0.00660335274229904,0,0,0,0,0,0,0,0,0,0,0,0
0,0,0,0,0,0,0.067164657290884,0.607282715455172,0.322576960853368,0.002975666400576,0,0,0,0,0,0,0,0,0,0,0,0,0
0,0,0.0406901041666667,0.552408854166667,0.398111979166667,0.0087890625,0,0,0,0,0,0,0,0,0,0,0,0,0,0,0,0,0
0.0437156625657401,0.530774191749624,0.380217749225207,0.045292396459429,0,0,0,0,0,0,0,0,0,0,0,0,0,0,0,0,0,0,0
0,0,0,0,0,0,0,0,0,0,0,0,0,0,0.150195703809792,0.665524286642249,0.184273406195217,6.60335274229957e-06,0,0,0,0,0
0,0,0,0,0,0,0,0,0,5.28268219383931e-05,0.20292347545705,0.662176386801903,0.134847310919108,0,0,0,0,0,0,0,0,0,0
0,0.00507137490608565,0.328387177560731,0.602429251189582,0.0641121963436013,0,0,0,0,0,0,0,0,0,0,0,0,0,0,0,0,0,0
0,0,0,0.0735571918826697,0.616514202588906,0.307663655537816,0.00226494999060856,0,0,0,0,0,0,0,0,0,0,0,0,0,0,0,0
0,0,0,0,0,0,0,0,0,0.0611536497464314,0.597423176105059,0.337601789459679,0.00382138468883041,0,0,0,0,0,0,0,0,0,0
0,0,0,0,0,0,0,0,0.0324422720229152,0.527049044812798,0.428120548851114,0.012388134313173,0,0,0,0,0,0,0,0,0,0,0
0,0,0.0114105935386927,0.420658026546456,0.533543075381918,0.0343883045329326,0,0,0,0,0,0,0,0,0,0,0,0,0,0,0,0,0
0.0437156625657401,0.530774191749624,0.380217749225207,0.045292396459429,0,0,0,0,0,0,0,0,0,0,0,0,0,0,0,0,0,0,0
0.00253568745304283,0.361781555221638,0.528323002754821,0.107359754570498,0,0,0,0,0,0,0,0,0,0,0,0,0,0,0,0,0,0,0
0,0,0,0,0,0,0,0,0,0.0611536497464314,0.597423176105059,0.337601789459679,0.00382138468883041,0,0,0,0,0,0,0,0,0,0
0,0,0,0,0,0,0,0,0,0,0,0,0,0,0,0.116060527798648,0.654487149386426,0.229207754194841,0.000244568620085149,0,0,0,0
0,0,0,0,0,0.00961252504382672,0.405649339469071,0.546227382294015,0.0385107531930879,0,0,0,0,0,0,0,0,0,0,0,0,0,0
1,0,0,0,0,0,0,0,0,0,0,0,0,0,0,0,0,0,0,0,0,0,0
0,0,0,0,0,0,0,0,0,0,0.0429501627848735,0.55847733533684,0.390558477335337,0.00801402454295014,0,0,0,0,0,0,0,0,0
1,0,0,0,0,0,0,0,0,0,0,0,0,0,0,0,0,0,0,0,0,0,0
0,0.194960688040008,0.595603952424555,0.209351472498748,8.3887036689206e-05,0,0,0,0,0,0,0,0,0,0,0,0,0,0,0,0,0,0
0,0.00507137490608565,0.328387177560731,0.602429251189582,0.0641121963436013,0,0,0,0,0,0,0,0,0,0,0,0,0,0,0,0,0,0
0.0437156625657401,0.530774191749624,0.380217749225207,0.045292396459429,0,0,0,0,0,0,0,0,0,0,0,0,0,0,0,0,0,0,0
0,0,0,0,0,0,0,0,0,0.0208333333333334,0.479166666666667,0.479166666666666,0.0208333333333332,0,0,0,0,0,0,0,0,0,0
0,0,0,0,0,0,0,0.111653645833333,0.652018229166667,0.236002604166667,0.000325520833333337,0,0,0,0,0,0,0,0,0,0,0,0
0,0,0,0.0735571918826697,0.616514202588906,0.307663655537816,0.00226494999060856,0,0,0,0,0,0,0,0,0,0,0,0,0,0,0,0
0,0,0.0114105935386927,0.420658026546456,0.533543075381918,0.0343883045329326,0,0,0,0,0,0,0,0,0,0,0,0,0,0,0,0,0
0,0.194960688040008,0.595603952424555,0.209351472498748,8.3887036689206e-05,0,0,0,0,0,0,0,0,0,0,0,0,0,0,0,0,0,0
0,0,0,0,0,0,0,0,0.000537317258327084,0.249830024809041,0.64645527133421,0.103177386598422,0,0,0,0,0,0,0,0,0,0,0
0,0,0,0,0,0,0,0,0.131908854166667,0.661252604166667,0.206768229166666,7.03124999999982e-05,0,0,0,0,0,0,0,0,0,0,0
0,0,0.00120156563047834,0.278312486304157,0.632952148682069,0.0875337993832957,0,0,0,0,0,0,0,0,0,0,0,0,0,0,0,0,0
0,0.0874313251314801,0.563125117392938,0.345145019408966,0.00429853806661658,0,0,0,0,0,0,0,0,0,0,0,0,0,0,0,0,0,0
0,0,0,0,0,0,0,0,0,0,0,0.0287732535843978,0.513779240624218,0.442939939816554,0.014507565974831,0,0,0,0,0,0,0,0
0,0,0,0,0,0,0,0,0,0,0.012388134313173,0.428120548851115,0.527049044812797,0.032442272022915,0,0,0,0,0,0,0,0,0
0,0,0,0,0,0.000825419092787381,0.263945058148635,0.640088171878913,0.0951413508796644,0,0,0,0,0,0,0,0,0,0,0,0,0,0
0,0.0291673759156649,0.462310385948848,0.486235922630228,0.0222863155052592,0,0,0,0,0,0,0,0,0,0,0,0,0,0,0,0,0,0
0.482057956893313,0.45556567254414,0.0606988743973829,0.00167749616516404,0,0,0,0,0,0,0,0,0,0,0,0,0,0,0,0,0,0,0
0,0,0,0,0,0,0.00481384414913597,0.352702923475457,0.58697080241986,0.0555124299555472,0,0,0,0,0,0,0,0,0,0,0,0,0
0.482057956893313,0.45556567254414,0.0606988743973829,0.00167749616516404,0,0,0,0,0,0,0,0,0,0,0,0,0,0,0,0,0,0,0
0,0,0,0.00596478407525671,0.367845145019409,0.575960812280866,0.0502292586244678,0,0,0,0,0,0,0,0,0,0,0,0,0,0,0,0
0,0,0,0,0,0,0.00481384414913597,0.352702923475457,0.58697080241986,0.0555124299555472,0,0,0,0,0,0,0,0,0,0,0,0,0
0,0,0,0,0.0168559138648886,0.457589111022414,0.500163127269597,0.0253918478431004,0,0,0,0,0,0,0,0,0,0,0,0,0,0,0
1,0,0,0,0,0,0,0,0,0,0,0,0,0,0,0,0,0,0,0,0,0,0
0,0,0,0,0,0,0,0,0,0,0,0,0,0,0.00536877034810918,0.360271099423992,0.581533308289507,0.0528268219383923,0,0,0,0,0
