"age","height"
63,151.765
63,139.7
65,136.525
41,156.845
51,145.415
35,163.83
32,149.225
27,168.91
19,147.955
54,165.1
47,154.305
66,151.13
73,144.78
20,149.9
65.3,150.495
36,163.195
44,157.48
31,143.9418
12,121.92
8,105.41
6.5,86.36
39,161.29
29,156.21
13,129.54
7,109.22
56,146.4
45,148.59
19,147.32
17,137.16
16,125.73
11,114.3
29,147.955
30,161.925
24,146.05
35,146.05
33,152.7048
27,142.875
32,142.875
36,147.955
24,160.655
30,151.765
24,162.8648
52,171.45
42,147.32
19,147.955
17,144.78
8,121.92
12,128.905
5,97.79
55,154.305
43,143.51
20,146.7
18,157.48
13,127
9,110.49
5,97.79
42,165.735
44,152.4
60,141.605
20,158.8
37,155.575
50,164.465
50,151.765
31,161.29
25,154.305
23,145.415
52,145.415
79.3,152.4
35,163.83
27,144.145
13,129.54
14,129.54
38,153.67
39,142.875
12,146.05
30,167.005
24,158.4198
0.599999999999909,91.44
51,165.735
46,149.86
17,147.955
12,137.795
22,154.94
29,160.9598
38,161.925
30,147.955
6,113.665
45,159.385
47,148.59
79,136.525
45,158.115
54,144.78
31,156.845
23,179.07
9,118.745
41,170.18
23,146.05
36,147.32
5,113.03
30,162.56
12,133.985
34,152.4
44,160.02
43,149.86
73.3,142.875
38,167.005
43,159.385
33,154.94
16,148.59
11,111.125
6,111.76
35,162.56
29,152.4
12,124.46
9,111.76
7.59999999999991,86.36
58,170.18
53,146.05
51,159.385
48,151.13
29,160.655
41,169.545
81.75,158.75
1,74.295
35,149.86
46,153.035
5,96.52
29,161.925
42,162.56
27,149.225
8,116.84
6,100.076
22,163.195
43,161.925
53,145.415
43,163.195
41,151.13
50,150.495
15,141.605
33,170.815
3,91.44
62,157.48
49,152.4
17,149.225
12,129.54
22,147.32
29,145.415
8,121.92
5,113.665
33,157.48
34,154.305
12,120.65
7,115.6
42,167.005
40,142.875
27,152.4
3,96.52
25,160
29,159.385
45,149.86
26,160.655
45,160.655
45,149.225
11,125.095
85.5999999999999,140.97
26,154.94
24,141.605
57,160.02
22,150.1648
24,155.575
6,103.505
4,94.615
21,156.21
79,153.035
50,167.005
40,149.86
64,147.955
32,159.385
38.7,161.925
26,155.575
63,159.385
62,146.685
22,172.72
41,166.37
19,141.605
17,142.875
14,133.35
9,127.635
7,119.38
74,151.765
41,156.845
33,148.59
53,157.48
18,149.86
37,147.955
6,102.235
61,153.035
44,160.655
35,149.225
7,114.3
4,100.965
23,138.43
4,91.44
55,162.56
53,149.225
59,158.75
57,149.86
35,158.115
29,156.21
62,148.59
18,143.51
51,154.305
14,131.445
19,157.48
42,157.48
25,154.305
6,107.95
41,168.275
37,145.415
16,147.955
5,100.965
9,113.03
82,149.225
28,154.94
50,162.56
43,156.845
8,123.19
31,161.0106
67,144.78
39,143.51
18,149.225
11,110.49
48,149.86
30,165.735
64,144.145
72,157.48
68,154.305
44,163.83
43,156.21
16,153.67
13,134.62
34,144.145
10,114.3
62,162.56
44,146.05
11,120.65
31,154.94
29,144.78
8,106.68
62,146.685
67,152.4
57,163.83
32,165.735
24,156.21
77,152.4
62,140.335
17,158.115
67,163.195
70,151.13
37,171.1198
58,149.86
35,163.83
30,141.605
5,93.98
26,149.225
5,105.41
21,146.05
41,161.29
46,162.56
49,145.415
15,145.415
28,170.815
12,127
83,159.385
54,159.4
54,153.67
68,160.02
68,150.495
56,149.225
15,127
57,142.875
22,142.113
40,147.32
19,162.56
41,164.465
75.9000000000001,160.02
73.9000000000001,153.67
49,167.005
26,151.13
17,147.955
13,125.3998
8,111.125
88,153.035
68,139.065
33,152.4
26,154.94
56,147.955
16,143.51
13,117.983
34,144.145
5,92.71
17,147.955
74,155.575
69,150.495
50,155.575
44,154.305
15,130.6068
5,101.6
18,157.48
41,168.91
27,150.495
8.90000000000009,111.76
38,160.02
57,167.64
64.5,144.145
42,145.415
24,160.02
16,147.32
71,164.465
49.5,153.035
33,149.225
28,160.02
47,149.225
3,85.09
1,84.455
1,59.6138
3,92.71
6,111.125
5,90.805
27,153.67
5,99.695
1,62.484
2,81.915
2,96.52
1,80.01
55,150.495
83.4000000000001,151.765
12,140.6398
2,88.265
63,158.115
52,149.225
49,151.765
31,154.94
9,123.825
6,104.14
35,161.29
35,148.59
7,97.155
5,93.345
24,160.655
41,157.48
32,167.005
43,157.48
6,91.44
1,60.452
15,137.16
63,152.4
21,152.4
1,81.28
2,109.22
1,71.12
3,89.2048
1,67.31
1,85.09
1,69.85
55,161.925
38,152.4
3,88.9
3,90.17
1,71.755
1,83.82
28,159.385
16,142.24
36,142.24
38,168.91
12,123.19
1,74.93
1,74.295
3,90.805
48,160.02
1,67.945
15,135.89
45,158.115
3,85.09
3,93.345
38,152.4
21,155.575
50,154.305
41,156.845
13,120.015
8,114.3
3,83.82
30,156.21
12,137.16
7,114.3
4,93.98
21,168.275
38,147.955
15,139.7
19,157.48
1,76.2
1,66.04
31,160.7
8,114.3
16,146.05
21,161.29
0,69.85
13,133.985
0,67.945
50,150.495
39,163.195
44,148.59
36,148.59
36,161.925
18,153.67
0,68.58
58,151.13
58,163.83
33,153.035
21.5,151.765
11,132.08
26,156.21
22,140.335
28,158.75
42,142.875
2,84.455
21,151.9428
19,161.29
13,127.9906
48,160.9852
46,144.78
11,132.08
8,117.983
25,160.02
16,154.94
51,160.9852
25,165.989
28,157.988
26,154.94
5,97.9932
1,64.135
54,160.655
66,147.32
20,146.7
25,147.32
38,172.9994
51,158.115
48,147.32
13,124.9934
6,106.045
27,165.989
22,149.86
1,76.2
60,161.925
15,140.0048
0,66.675
0,62.865
43,163.83
12,147.955
27,160.02
30,154.94
29,152.4
0,62.23
23,146.05
30,151.9936
17,157.48
0,55.88
0,60.96
41,151.765
42,144.78
7,118.11
3,78.105
43,160.655
35,151.13
10,121.92
3,92.71
75.5,153.67
64,147.32
38,139.7
24.2,157.48
4,91.44
26,154.94
19,143.51
2,83.185
43,158.115
38,147.32
10,123.825
3,88.9
23,160.02
16,137.16
49,165.1
41,154.94
6,111.125
23,153.67
14,145.415
43,141.605
15,144.78
21,163.83
24,161.29
20,154.9
20,161.3
34,170.18
29,149.86
11,123.825
3,85.09
65,160.655
46,154.94
8,106.045
15,126.365
43,166.37
39,148.2852
12,124.46
3,89.535
4,101.6
43,151.765
70,148.59
26,153.67
0,53.975
48,146.685
0,56.515
5,100.965
8,121.92
3,81.5848
44,154.94
33,156.21
15,132.715
12,125.095
5,101.6
41,160.655
37.4,146.05
13,132.715
6,87.63
53,156.21
49,152.4
27,162.56
7,114.935
1,67.945
31,142.875
1,76.835
17,145.415
31,162.56
21,156.21
0,71.12
68,158.75
