"age","X1","X2","X3","X4","X5","X6","X7","X8","X9","X10","X11","X12","X13","X14","X15","X16","X17","X18","X19","X20","X21","X22","X23"
0,1,0,0,0,0,0,0,0,0,0,0,0,0,0,0,0,0,0,0,0,0,0,0
0.294314381270903,0.821221912514054,0.172913554085854,0.00582176766046415,4.27657396283854e-05,0,0,0,0,0,0,0,0,0,0,0,0,0,0,0,0,0,0,0
0.588628762541806,0.665132175315166,0.312179474397775,0.0223462243700321,0.000342125917027083,0,0,0,0,0,0,0,0,0,0,0,0,0,0,0,0,0,0,0
0.882943143812709,0.530191221776716,0.42049200253235,0.0481621007209672,0.0011546749699664,0,0,0,0,0,0,0,0,0,0,0,0,0,0,0,0,0,0,0
1.17725752508361,0.414859485272082,0.500545380086169,0.0818581273055326,0.00273700733621666,0,0,0,0,0,0,0,0,0,0,0,0,0,0,0,0,0,0,0
1.47157190635452,0.317597399174641,0.55503384865582,0.122023034715992,0.00534571745354817,0,0,0,0,0,0,0,0,0,0,0,0,0,0,0,0,0,0,0
1.76588628762542,0.236865396857771,0.58665164983789,0.167245553544608,0.00923739975973124,0,0,0,0,0,0,0,0,0,0,0,0,0,0,0,0,0,0,0
2.06020066889632,0.171123911694852,0.598093025228968,0.216114414383644,0.0146686486925362,0,0,0,0,0,0,0,0,0,0,0,0,0,0,0,0,0,0,0
2.35451505016722,0.11883337705926,0.592052216425643,0.267218347825364,0.0218960586897333,0,0,0,0,0,0,0,0,0,0,0,0,0,0,0,0,0,0,0
2.64882943143813,0.0784542263243747,0.571223465024502,0.31914608446203,0.0311762241890929,0,0,0,0,0,0,0,0,0,0,0,0,0,0,0,0,0,0,0
2.94314381270903,0.0484468928635733,0.538301012622134,0.370486354885907,0.0427657396283854,0,0,0,0,0,0,0,0,0,0,0,0,0,0,0,0,0,0,0
3.23745819397993,0.0272718100502344,0.495979100815128,0.419827889689257,0.0569211994453809,0,0,0,0,0,0,0,0,0,0,0,0,0,0,0,0,0,0,0
3.53177257525084,0.0133894112577358,0.446951971200071,0.465759419464343,0.0738991980778499,0,0,0,0,0,0,0,0,0,0,0,0,0,0,0,0,0,0,0
3.82608695652174,0.00526012985945591,0.393913865373551,0.50686967480343,0.0939563299635626,0,0,0,0,0,0,0,0,0,0,0,0,0,0,0,0,0,0,0
4.12040133779264,0.00134439922877266,0.339559024932158,0.54174738629878,0.117349189540289,0,0,0,0,0,0,0,0,0,0,0,0,0,0,0,0,0,0,0
4.41471571906355,0.000102652739064256,0.286581691472479,0.568981284542656,0.144334371245801,0,0,0,0,0,0,0,0,0,0,0,0,0,0,0,0,0,0,0
4.70903010033445,0,0.23766675411852,0.587167114481759,0.175165352027006,7.79372715198749e-07,0,0,0,0,0,0,0,0,0,0,0,0,0,0,0,0,0,0
5.00334448160535,0,0.194502203236786,0.595648295130915,0.20976330924498,8.61923873192593e-05,0,0,0,0,0,0,0,0,0,0,0,0,0,0,0,0,0,0
5.29765886287625,0,0.156908452648749,0.595168927913723,0.24742689474579,0.00049572469173845,0,0,0,0,0,0,0,0,0,0,0,0,0,0,0,0,0,0
5.59197324414716,0,0.124500610697755,0.586627093362379,0.287386325216123,0.00148597072374309,0,0,0,0,0,0,0,0,0,0,0,0,0,0,0,0,0,0
5.88628762541806,0,0.0968937857271467,0.570920872009081,0.328871817342669,0.00331352492110348,0,0,0,0,0,0,0,0,0,0,0,0,0,0,0,0,0,0
6.18060200668896,0,0.0737030860802699,0.548948344386023,0.371113587812117,0.00623498172158994,0,0,0,0,0,0,0,0,0,0,0,0,0,0,0,0,0,0
6.47491638795987,0,0.0545436201004687,0.521607591025402,0.413341853311156,0.0105069355629728,0,0,0,0,0,0,0,0,0,0,0,0,0,0,0,0,0,0
6.76923076923077,0,0.0390304961310878,0.489796692459414,0.454786830526476,0.0163859808830223,0,0,0,0,0,0,0,0,0,0,0,0,0,0,0,0,0,0
7.06354515050167,0,0.0267788225154717,0.454413729220256,0.494678736144764,0.0241287121195088,0,0,0,0,0,0,0,0,0,0,0,0,0,0,0,0,0,0
7.35785953177258,0,0.0174037075969648,0.416356781840122,0.532247786852711,0.0339917237102027,0,0,0,0,0,0,0,0,0,0,0,0,0,0,0,0,0,0
7.65217391304348,0,0.0105202597189118,0.37652393085121,0.566724199337004,0.0462316100928742,0,0,0,0,0,0,0,0,0,0,0,0,0,0,0,0,0,0
7.94648829431438,0,0.00574358722465712,0.335813256785714,0.597338190284335,0.0611049657052936,0,0,0,0,0,0,0,0,0,0,0,0,0,0,0,0,0,0
8.24080267558529,0,0.00268879845754532,0.295122840175833,0.623319976381391,0.0788683849852314,0,0,0,0,0,0,0,0,0,0,0,0,0,0,0,0,0,0
8.53511705685619,0,0.000971001760920944,0.255350761553761,0.643899774314861,0.0997784623704576,0,0,0,0,0,0,0,0,0,0,0,0,0,0,0,0,0,0
8.82943143812709,0,0.000205305478128512,0.217395101451694,0.658307800771434,0.124091792298743,0,0,0,0,0,0,0,0,0,0,0,0,0,0,0,0,0,0
9.12374581939799,0,6.8179525125585e-06,0.18215394040183,0.665774272437801,0.152064969207857,0,0,0,0,0,0,0,0,0,0,0,0,0,0,0,0,0,0
9.4180602006689,0,0,0.150497301518616,0.665566815890978,0.183929647608684,6.23498172158999e-06,0,0,0,0,0,0,0,0,0,0,0,0,0,0,0,0,0
9.7123745819398,0,0,0.122723145226055,0.657715807961915,0.219408981842823,0.000152064969207857,0,0,0,0,0,0,0,0,0,0,0,0,0,0,0,0,0
10.0066889632107,0,0,0.0985953309439137,0.64296376015387,0.257751369803662,0.000689539098554074,0,0,0,0,0,0,0,0,0,0,0,0,0,0,0,0,0
10.3010033444816,0,0,0.0778572642344228,0.622080455780157,0.29818702817789,0.00187525180753055,0,0,0,0,0,0,0,0,0,0,0,0,0,0,0,0,0
10.5953177257525,0,0,0.0602523506598114,0.595835678154084,0.339946173652197,0.0039657975339076,0,0,0,0,0,0,0,0,0,0,0,0,0,0,0,0,0
10.8896321070234,0,0,0.0455239957823092,0.564999210588964,0.382259022913271,0.00721777071545556,0,0,0,0,0,0,0,0,0,0,0,0,0,0,0,0,0
11.1839464882943,0,0,0.033415605164146,0.530340836398107,0.424355792647802,0.0118877657899447,0,0,0,0,0,0,0,0,0,0,0,0,0,0,0,0,0
11.4782608695652,0,0,0.0236705843675516,0.492630338894825,0.465466699542478,0.0182323771951454,0,0,0,0,0,0,0,0,0,0,0,0,0,0,0,0,0
11.7725752508361,0,0,0.0160323389547554,0.452637501392427,0.50482196028399,0.0265081993688278,0,0,0,0,0,0,0,0,0,0,0,0,0,0,0,0,0
12.066889632107,0,0,0.0102442744879873,0.411132107204226,0.541651791559025,0.0369718267487624,0,0,0,0,0,0,0,0,0,0,0,0,0,0,0,0,0
12.3612040133779,0,0,0.00604979652947699,0.368883939643531,0.575186410054272,0.0498798537727195,0,0,0,0,0,0,0,0,0,0,0,0,0,0,0,0,0
12.6555183946488,0,0,0.00319231064145405,0.326662782023655,0.604656032456422,0.0654888748784693,0,0,0,0,0,0,0,0,0,0,0,0,0,0,0,0,0
12.9498327759197,0,0,0.0014152223861482,0.285238417657907,0.629290875452163,0.0840554845037823,0,0,0,0,0,0,0,0,0,0,0,0,0,0,0,0,0
13.2441471571906,0,0,0.000461937325789152,0.245380629859599,0.648321155728183,0.105836277086429,0,0,0,0,0,0,0,0,0,0,0,0,0,0,0,0,0
13.5384615384615,0,0,7.5861022606584e-05,0.207859201942042,0.660977089971173,0.131087847064179,0,0,0,0,0,0,0,0,0,0,0,0,0,0,0,0,0
13.8327759197324,0,0,3.99038830181739e-07,0.173443917218547,0.666488894867821,0.160066788874802,0,0,0,0,0,0,0,0,0,0,0,0,0,0,0,0,0
14.1270903010033,0,0,0,0.142820386749182,0.664213045484678,0.192945524702829,2.10430633103662e-05,0,0,0,0,0,0,0,0,0,0,0,0,0,0,0,0
14.4214046822742,0,0,0,0.116030671720643,0.654471341698359,0.229252926859412,0.000245059721585371,0,0,0,0,0,0,0,0,0,0,0,0,0,0,0,0
14.7157190635452,0,0,0,0.0928197738504792,0.638031172589195,0.268220808186561,0.000928245373765146,0,0,0,0,0,0,0,0,0,0,0,0,0,0,0,0
15.0100334448161,0,0,0,0.0729310987009204,0.615662321470495,0.309079385370965,0.00232719445762,0,0,0,0,0,0,0,0,0,0,0,0,0,0,0,0
15.304347826087,0,0,0,0.0561080518341963,0.588134571655571,0.351058875099312,0.00469850141092025,0,0,0,0,0,0,0,0,0,0,0,0,0,0,0,0
15.5986622073579,0,0,0,0.0420940388125367,0.556217706457734,0.393389494058293,0.00829876067143622,0,0,0,0,0,0,0,0,0,0,0,0,0,0,0,0
15.8929765886288,0,0,0,0.0306324651981713,0.520681509190294,0.435301458934596,0.0133845666769382,0,0,0,0,0,0,0,0,0,0,0,0,0,0,0,0
16.1872909698997,0,0,0,0.0214667365533298,0.482295763166564,0.47602498641491,0.0202125138651965,0,0,0,0,0,0,0,0,0,0,0,0,0,0,0,0
16.4816053511706,0,0,0,0.0143402584402417,0.441830251699852,0.514790293185925,0.0290391966739815,0,0,0,0,0,0,0,0,0,0,0,0,0,0,0,0
16.7759197324415,0,0,0,0.00899643642113694,0.400054758103472,0.550827595934328,0.0401212095410633,0,0,0,0,0,0,0,0,0,0,0,0,0,0,0,0
17.0702341137124,0,0,0,0.00517867605824503,0.357739065690732,0.58336711134681,0.0537151469042126,0,0,0,0,0,0,0,0,0,0,0,0,0,0,0,0
17.3645484949833,0,0,0,0.00263038291379575,0.315652957774946,0.61163905611006,0.0700776032011992,0,0,0,0,0,0,0,0,0,0,0,0,0,0,0,0
17.6588628762542,0,0,0,0.00109496255001873,0.274566217669422,0.634873646910766,0.089465172869794,0,0,0,0,0,0,0,0,0,0,0,0,0,0,0,0
17.9531772575251,0,0,0,0.000315820529143695,0.235248628687473,0.652301100435617,0.112134450347767,0,0,0,0,0,0,0,0,0,0,0,0,0,0,0,0
18.247491638796,0,0,0,3.6362413400312e-05,0.198469974142408,0.663151633371303,0.138342030072888,0,0,0,0,0,0,0,0,0,0,0,0,0,0,0,0
18.5418060200669,0,0,0,0,0.165000012407614,0.666655499814403,0.168344481543001,6.23498172158913e-09,0,0,0,0,0,0,0,0,0,0,0,0,0,0,0
18.8361204013378,0,0,0,0,0.135409082201089,0.662342083344572,0.202198954600567,4.98798537727199e-05,0,0,0,0,0,0,0,0,0,0,0,0,0,0,0
19.1304347826087,0,0,0,0,0.109586038738665,0.650762992794718,0.239281115585875,0.000369852880742998,0,0,0,0,0,0,0,0,0,0,0,0,0,0,0
19.4247491638796,0,0,0,0,0.0872742875825712,0.632688011478152,0.278821181185613,0.00121651975366286,0,0,0,0,0,0,0,0,0,0,0,0,0,0,0
19.7190635451505,0,0,0,0,0.068217234295038,0.608886922708186,0.320049368086473,0.00284647491030263,0,0,0,0,0,0,0,0,0,0,0,0,0,0,0
20.0133779264214,0,0,0,0,0.0521582844382949,0.58012950979813,0.362195892975142,0.0055163127884326,0,0,0,0,0,0,0,0,0,0,0,0,0,0,0
20.3076923076923,0,0,0,0,0.0388408435745713,0.547185556061296,0.40449097253831,0.00948262782582312,0,0,0,0,0,0,0,0,0,0,0,0,0,0,0
20.6020066889632,0,0,0,0,0.0280083172660972,0.510824844810993,0.446164823462665,0.0150020144602444,0,0,0,0,0,0,0,0,0,0,0,0,0,0,0
20.8963210702341,0,0,0,0,0.019404111075102,0.471817159360534,0.486447662434898,0.022331067129467,0,0,0,0,0,0,0,0,0,0,0,0,0,0,0
21.190635451505,0,0,0,0,0.0127716305638156,0.430932283023229,0.524569706141695,0.0317263802712608,0,0,0,0,0,0,0,0,0,0,0,0,0,0,0
21.4849498327759,0,0,0,0,0.00785428129446749,0.388939999112388,0.559761171269748,0.0434445483233966,0,0,0,0,0,0,0,0,0,0,0,0,0,0,0
21.7792642140468,0,0,0,0,0.00439546882928751,0.346610090941323,0.591252274505745,0.0577421657236445,0,0,0,0,0,0,0,0,0,0,0,0,0,0,0
22.0735785953177,0,0,0,0,0.00213859873050535,0.304712341823346,0.618273232536374,0.0748758269097746,0,0,0,0,0,0,0,0,0,0,0,0,0,0,0
22.3678929765886,0,0,0,0,0.00082707656035062,0.264016535071766,0.640054262048326,0.0951021263195577,0,0,0,0,0,0,0,0,0,0,0,0,0,0,0
22.6622073578595,0,0,0,0,0.000204307881053059,0.225292453999895,0.655825579728289,0.118677658390763,0,0,0,0,0,0,0,0,0,0,0,0,0,0,0
22.9565217391304,0,0,0,0,1.36982548423328e-05,0.189309881921043,0.664817402262952,0.145859017561163,0,0,0,0,0,0,0,0,0,0,0,0,0,0,0
23.2508361204013,0,0,0,0,0,0.156833215124315,0.666268026875315,0.176897411244318,1.34675605186341e-06,0,0,0,0,0,0,0,0,0,0,0,0,0,0
23.5451505016722,0,0,0,0,0,0.128258711638043,0.659967958179533,0.211675908593023,9.74215893998436e-05,0,0,0,0,0,0,0,0,0,0,0,0,0,0
23.8394648829431,0,0,0,0,0,0.103384570043828,0.646604789959864,0.249479519313336,0.000531120682971924,0,0,0,0,0,0,0,0,0,0,0,0,0,0
24.133779264214,0,0,0,0,0,0.0819541959038988,0.626948305529617,0.289538460091946,0.0015590384745384,0,0,0,0,0,0,0,0,0,0,0,0,0,0
24.428093645485,0,0,0,0,0,0.0637109947804847,0.601768288202104,0.331082947615542,0.00343776940186962,0,0,0,0,0,0,0,0,0,0,0,0,0,0
24.7224080267559,0,0,0,0,0,0.0483983722358159,0.571834521290636,0.373343198570813,0.00642390790273584,0,0,0,0,0,0,0,0,0,0,0,0,0,0
25.0167224080268,0,0,0,0,0,0.0357597338321218,0.537916788108523,0.415549429644448,0.0107740484149074,0,0,0,0,0,0,0,0,0,0,0,0,0,0
25.3110367892977,0,0,0,0,0,0.0255384851316324,0.500784871969077,0.456931857523136,0.0167447853761546,0,0,0,0,0,0,0,0,0,0,0,0,0,0
25.6053511705686,0,0,0,0,0,0.017478031696577,0.461208556185608,0.496720698893567,0.0245927132242479,0,0,0,0,0,0,0,0,0,0,0,0,0,0
25.8996655518395,0,0,0,0,0,0.0113217790891856,0.419957624071428,0.534146170442429,0.0345744263969575,0,0,0,0,0,0,0,0,0,0,0,0,0,0
26.1939799331104,0,0,0,0,0,0.00681313287168779,0.377801858939848,0.568438488856411,0.0469465193320535,0,0,0,0,0,0,0,0,0,0,0,0,0,0
26.4882943143813,0,0,0,0,0,0.00369549860631322,0.335511044104178,0.598827870822203,0.0619655864673065,0,0,0,0,0,0,0,0,0,0,0,0,0,0
26.7826086956522,0,0,0,0,0,0.00171228185529163,0.293854962877729,0.624544533026493,0.0798882222404866,0,0,0,0,0,0,0,0,0,0,0,0,0,0
27.0769230769231,0,0,0,0,0,0.000606888180852672,0.253603398573812,0.64481869215597,0.100971021089364,0,0,0,0,0,0,0,0,0,0,0,0,0,0
27.371237458194,0,0,0,0,0,0.000122723145226055,0.215526134505739,0.658880564897325,0.12547057745171,0,0,0,0,0,0,0,0,0,0,0,0,0,0
27.6655518394649,0,0,0,0,0,3.19231064145391e-06,0.18039295398682,0.665960367937245,0.153643485765294,0,0,0,0,0,0,0,0,0,0,0,0,0,0
27.9598662207358,0,0,0,0,0,0,0.14894044528768,0.665338110526449,0.1857131454252,8.29876067143618e-06,0,0,0,0,0,0,0,0,0,0,0,0,0
28.2541806020067,0,0,0,0,0,0,0.121364598823755,0.657104698698436,0.221362357971325,0.00016834450648293,0,0,0,0,0,0,0,0,0,0,0,0,0
28.5484949832776,0,0,0,0,0,0,0.0974215893998424,0.64201076190267,0.259834109332924,0.000733539364563343,0,0,0,0,0,0,0,0,0,0,0,0,0
28.8428093645485,0,0,0,0,0,0,0.0768548225781705,0.620826083452462,0.300358616196685,0.00196047777268297,0,0,0,0,0,0,0,0,0,0,0,0,0
29.1371237458194,0,0,0,0,0,0,0.059407703920969,0.594320446661122,0.342166095249297,0.00410575416861216,0,0,0,0,0,0,0,0,0,0,0,0,0
29.4314381270903,0,0,0,0,0,0,0.0448236389904681,0.563263634841961,0.38448676317745,0.00742596299012117,0,0,0,0,0,0,0,0,0,0,0,0,0
29.7257525083612,0,0,0,0,0,0,0.0328460333488969,0.528425431308289,0.426550836667833,0.0121776986749804,0,0,0,0,0,0,0,0,0,0,0,0,0
30.0200668896321,0,0,0,0,0,0,0.0232182925584856,0.49057561937342,0.467588532407134,0.01861755566096,0,0,0,0,0,0,0,0,0,0,0,0,0
30.314381270903,0,0,0,0,0,0,0.0156838221814636,0.450483982350662,0.506830067082044,0.0270021283858305,0,0,0,0,0,0,0,0,0,0,0,0,0
30.6086956521739,0,0,0,0,0,0,0.00998602778006078,0.408920303553327,0.54350565737925,0.037588011287362,0,0,0,0,0,0,0,0,0,0,0,0,0
30.9030100334448,0,0,0,0,0,0,0.00586831491650663,0.366654366294726,0.576845519985442,0.050631798803325,0,0,0,0,0,0,0,0,0,0,0,0,0
31.1973244147157,0,0,0,0,0,0,0.00307408915303094,0.32445595388817,0.60607987158731,0.0663900853714898,0,0,0,0,0,0,0,0,0,0,0,0,0
31.4916387959866,0,0,0,0,0,0,0.00134675605186341,0.28309484964697,0.630438928871541,0.0851194654296265,0,0,0,0,0,0,0,0,0,0,0,0,0
31.7859531772575,0,0,0,0,0,0,0.000429721175233688,0.243340836884436,0.649152908524825,0.107076533415506,0,0,0,0,0,0,0,0,0,0,0,0,0
32.0802675585284,0,0,0,0,0,0,6.63900853714853e-05,0.205963698913879,0.661452027233852,0.132517883766898,0,0,0,0,0,0,0,0,0,0,0,0,0
32.3745819397993,0,0,0,0,0,0,1.68344506482868e-07,0.171733219048612,0.666566501685309,0.161700110921572,0,0,0,0,0,0,0,0,0,0,0,0,0
32.6688963210702,0,0,0,0,0,0,0,0.141317026661418,0.663879779476677,0.194777655376773,2.55384851316334e-05,0,0,0,0,0,0,0,0,0,0,0,0
32.9632107023411,0,0,0,0,0,0,0,0.114722067521934,0.653766333610154,0.2312442740266,0.000267324841313181,0,0,0,0,0,0,0,0,0,0,0,0
33.257525083612,0,0,0,0,0,0,0,0.0916924205704165,0.636994937332011,0.270330856935764,0.000981785161808459,0,0,0,0,0,0,0,0,0,0,0,0
33.5518394648829,0,0,0,0,0,0,0,0.0719714913690955,0.614335373955561,0.311267620790956,0.00242551388438778,0,0,0,0,0,0,0,0,0,0,0,0
33.8461538461538,0,0,0,0,0,0,0,0.0553026854802003,0.586557426794113,0.353284782278865,0.00485510544682144,0,0,0,0,0,0,0,0,0,0,0,0
34.1404682274248,0,0,0,0,0,0,0,0.0414294084659602,0.554430879160978,0.395612558086182,0.00852715428687987,0,0,0,0,0,0,0,0,0,0,0,0
34.4347826086957,0,0,0,0,0,0,0,0.0300950658886057,0.518725514369469,0.437481164899592,0.0136982548423332,0,0,0,0,0,0,0,0,0,0,0,0
34.7290969899666,0,0,0,0,0,0,0,0.021043063310366,0.480211115732895,0.478120819405787,0.0206250015509518,0,0,0,0,0,0,0,0,0,0,0,0
35.0234113712375,0,0,0,0,0,0,0,0.0140168062934709,0.439657466564568,0.516761738291455,0.0295639888505059,0,0,0,0,0,0,0,0,0,0,0,0
35.3177257525084,0,0,0,0,0,0,0,0.00875970040014984,0.397834350177797,0.552634138243287,0.0407718111787663,0,0,0,0,0,0,0,0,0,0,0,0
35.6120401337793,0,0,0,0,0,0,0,0.0050151511926329,0.355511549885895,0.584968235947969,0.0545050629735026,0,0,0,0,0,0,0,0,0,0,0,0
35.9063545150502,0,0,0,0,0,0,0,0.00252656423314956,0.313458849002173,0.612994248092192,0.0710203386724854,0,0,0,0,0,0,0,0,0,0,0,0
36.2006688963211,0,0,0,0,0,0,0,0.00103734508392951,0.27244603083994,0.635942391362645,0.0905742327134855,0,0,0,0,0,0,0,0,0,0,0,0
36.494983277592,0,0,0,0,0,0,0,0.000290899307202496,0.233242878712509,0.653042882446016,0.113423339534272,0,0,0,0,0,0,0,0,0,0,0,0
36.7892976588629,0,0,0,0,0,0,0,3.06324651981711e-05,0.19661917593319,0.663525938028995,0.139824253572617,0,0,0,0,0,0,0,0,0,0,0,0
37.0836120401338,0,0,0,0,0,0,0,0,0.163344506295879,0.666622074077394,0.170033369746874,4.9879853772713e-08,0,0,0,0,0,0,0,0,0,0,0
37.3779264214047,0,0,0,0,0,0,0,0,0.133958283009237,0.661907062434875,0.204076912390165,5.77421657236464e-05,0,0,0,0,0,0,0,0,0,0,0
37.6722408026756,0,0,0,0,0,0,0,0,0.108326441496287,0.64996689162356,0.241307628049971,0.000399038830181759,0,0,0,0,0,0,0,0,0,0,0
37.9665551839465,0,0,0,0,0,0,0,0,0.0861923873192594,0.631571344956761,0.280955733412982,0.00128053431099842,0,0,0,0,0,0,0,0,0,0,0
38.2608695652174,0,0,0,0,0,0,0,0,0.0672995260403823,0.607490205747787,0.322251445165887,0.00295882304594398,0,0,0,0,0,0,0,0,0,0,0
38.5551839464883,0,0,0,0,0,0,0,0,0.0513912632218866,0.578493257309951,0.364424979995373,0.00569049947278868,0,0,0,0,0,0,0,0,0,0,0
38.8494983277592,0,0,0,0,0,0,0,0,0.0382110044260016,0.545350282956564,0.406706554588132,0.00973215802930285,0,0,0,0,0,0,0,0,0,0,0
39.1438127090301,0,0,0,0,0,0,0,0,0.0275021552149569,0.508831066000935,0.448326385630851,0.0153403931532568,0,0,0,0,0,0,0,0,0,0,0
39.438127090301,0,0,0,0,0,0,0,0,0.0190081211509821,0.469705389756376,0.488514689810221,0.022771799282421,0,0,0,0,0,0,0,0,0,0,0
39.7324414715719,0,0,0,0,0,0,0,0,0.0124723077963072,0.428743037536198,0.526501683812929,0.0322829708545655,0,0,0,0,0,0,0,0,0,0,0
40.0267558528428,0,0,0,0,0,0,0,0,0.00763812071316173,0.386713792653713,0.561517584325665,0.0441305023074607,0,0,0,0,0,0,0,0,0,0,0
40.3210702341137,0,0,0,0,0,0,0,0,0.00424896546377531,0.344387438422229,0.592792608035119,0.0585709880788773,0,0,0,0,0,0,0,0,0,0,0
40.6153846153846,0,0,0,0,0,0,0,0,0.00204824761037779,0.30253375815506,0.619556971627978,0.0758610226065849,0,0,0,0,0,0,0,0,0,0,0
40.9096989966555,0,0,0,0,0,0,0,0,0.000779372715198747,0.261922535165515,0.641040891790932,0.0962572003283542,0,0,0,0,0,0,0,0,0,0,0
41.2040133779264,0,0,0,0,0,0,0,0,0.00018574634046789,0.223323552766906,0.656474585210671,0.120016115681955,0,0,0,0,0,0,0,0,0,0,0
41.4983277591973,0,0,0,0,0,0,0,0,1.07740484149072e-05,0.187506594272543,0.665088268573883,0.147394363105159,0,0,0,0,0,0,0,0,0,0,0
41.7926421404682,0,0,0,0,0,0,0,0,0,0.155232888600816,0.66612499015964,0.178639982640814,2.13859873050529e-06,0,0,0,0,0,0,0,0,0,0
42.0869565217391,0,0,0,0,0,0,0,0,0,0.126859538094847,0.659433988109915,0.2135968877565,0.000109586038738662,0,0,0,0,0,0,0,0,0,0
42.38127090301,0,0,0,0,0,0,0,0,0,0.102173044510525,0.645720401447528,0.251538391332567,0.000568162709379871,0,0,0,0,0,0,0,0,0,0
42.6755852842809,0,0,0,0,0,0,0,0,0,0.0809168134100788,0.625754013485792,0.291694710055705,0.00163446304842448,0,0,0,0,0,0,0,0,0,0
42.9698996655518,0,0,0,0,0,0,0,0,0,0.0628342503557399,0.600304607538016,0.333296060612602,0.00356508149364273,0,0,0,0,0,0,0,0,0,0
43.2642140468227,0,0,0,0,0,0,0,0,0,0.0476687609097373,0.570141966917511,0.375572659689947,0.00661661248280498,0,0,0,0,0,0,0,0,0,0
43.5585284280937,0,0,0,0,0,0,0,0,0,0.0351637506343001,0.536035874937589,0.417754723974429,0.0110456504536816,0,0,0,0,0,0,0,0,0,0
43.8528428093646,0,0,0,0,0,0,0,0,0,0.0250626250916588,0.498756114911561,0.459072470152738,0.0171087898440428,0,0,0,0,0,0,0,0,0,0
44.1471571906355,0,0,0,0,0,0,0,0,0,0.0171087898440428,0.459072470152737,0.498756114911561,0.0250626250916589,0,0,0,0,0,0,0,0,0,0
44.4414715719064,0,0,0,0,0,0,0,0,0,0.0110456504536816,0.417754723974429,0.536035874937589,0.0351637506343002,0,0,0,0,0,0,0,0,0,0
44.7357859531773,0,0,0,0,0,0,0,0,0,0.00661661248280497,0.375572659689946,0.570141966917512,0.0476687609097373,0,0,0,0,0,0,0,0,0,0
45.0301003344482,0,0,0,0,0,0,0,0,0,0.00356508149364273,0.333296060612601,0.600304607538016,0.06283425035574,0,0,0,0,0,0,0,0,0,0
45.3244147157191,0,0,0,0,0,0,0,0,0,0.00163446304842447,0.291694710055705,0.625754013485792,0.0809168134100789,0,0,0,0,0,0,0,0,0,0
45.61872909699,0,0,0,0,0,0,0,0,0,0.000568162709379871,0.251538391332567,0.645720401447529,0.102173044510525,0,0,0,0,0,0,0,0,0,0
45.9130434782609,0,0,0,0,0,0,0,0,0,0.000109586038738662,0.213596887756499,0.659433988109915,0.126859538094847,0,0,0,0,0,0,0,0,0,0
46.2073578595318,0,0,0,0,0,0,0,0,0,2.13859873050528e-06,0.178639982640813,0.66612499015964,0.155232888600816,0,0,0,0,0,0,0,0,0,0
46.5016722408027,0,0,0,0,0,0,0,0,0,0,0.147394363105159,0.665088268573883,0.187506594272543,1.07740484149073e-05,0,0,0,0,0,0,0,0,0
46.7959866220736,0,0,0,0,0,0,0,0,0,0,0.120016115681955,0.656474585210671,0.223323552766906,0.000185746340467891,0,0,0,0,0,0,0,0,0
47.0903010033445,0,0,0,0,0,0,0,0,0,0,0.0962572003283538,0.641040891790932,0.261922535165515,0.000779372715198749,0,0,0,0,0,0,0,0,0
47.3846153846154,0,0,0,0,0,0,0,0,0,0,0.0758610226065846,0.619556971627978,0.30253375815506,0.00204824761037779,0,0,0,0,0,0,0,0,0
47.6789297658863,0,0,0,0,0,0,0,0,0,0,0.0585709880788767,0.592792608035118,0.34438743842223,0.00424896546377539,0,0,0,0,0,0,0,0,0
47.9732441471572,0,0,0,0,0,0,0,0,0,0,0.0441305023074605,0.561517584325665,0.386713792653713,0.00763812071316175,0,0,0,0,0,0,0,0,0
48.2675585284281,0,0,0,0,0,0,0,0,0,0,0.0322829708545654,0.526501683812929,0.428743037536199,0.0124723077963072,0,0,0,0,0,0,0,0,0
48.561872909699,0,0,0,0,0,0,0,0,0,0,0.0227717992824209,0.488514689810221,0.469705389756376,0.0190081211509821,0,0,0,0,0,0,0,0,0
48.8561872909699,0,0,0,0,0,0,0,0,0,0,0.0153403931532567,0.448326385630851,0.508831066000936,0.027502155214957,0,0,0,0,0,0,0,0,0
49.1505016722408,0,0,0,0,0,0,0,0,0,0,0.00973215802930276,0.406706554588131,0.545350282956564,0.0382110044260017,0,0,0,0,0,0,0,0,0
49.4448160535117,0,0,0,0,0,0,0,0,0,0,0.00569049947278861,0.364424979995373,0.578493257309952,0.0513912632218867,0,0,0,0,0,0,0,0,0
49.7391304347826,0,0,0,0,0,0,0,0,0,0,0.00295882304594388,0.322251445165885,0.607490205747788,0.0672995260403828,0,0,0,0,0,0,0,0,0
50.0334448160535,0,0,0,0,0,0,0,0,0,0,0.00128053431099839,0.280955733412981,0.631571344956761,0.0861923873192596,0,0,0,0,0,0,0,0,0
50.3277591973244,0,0,0,0,0,0,0,0,0,0,0.000399038830181746,0.24130762804997,0.64996689162356,0.108326441496288,0,0,0,0,0,0,0,0,0
50.6220735785953,0,0,0,0,0,0,0,0,0,0,5.77421657236427e-05,0.204076912390164,0.661907062434875,0.133958283009237,0,0,0,0,0,0,0,0,0
50.9163879598662,0,0,0,0,0,0,0,0,0,0,4.98798537726788e-08,0.170033369746873,0.666622074077394,0.163344506295879,0,0,0,0,0,0,0,0,0
51.2107023411371,0,0,0,0,0,0,0,0,0,0,0,0.139824253572616,0.663525938028995,0.19661917593319,3.06324651981736e-05,0,0,0,0,0,0,0,0
51.505016722408,0,0,0,0,0,0,0,0,0,0,0,0.113423339534272,0.653042882446016,0.233242878712509,0.000290899307202507,0,0,0,0,0,0,0,0
51.7993311036789,0,0,0,0,0,0,0,0,0,0,0,0.0905742327134847,0.635942391362644,0.272446030839941,0.00103734508392956,0,0,0,0,0,0,0,0
52.0936454849498,0,0,0,0,0,0,0,0,0,0,0,0.0710203386724851,0.612994248092192,0.313458849002174,0.00252656423314961,0,0,0,0,0,0,0,0
52.3879598662207,0,0,0,0,0,0,0,0,0,0,0,0.0545050629735023,0.584968235947969,0.355511549885896,0.00501515119263297,0,0,0,0,0,0,0,0
52.6822742474916,0,0,0,0,0,0,0,0,0,0,0,0.040771811178766,0.552634138243287,0.397834350177797,0.00875970040014995,0,0,0,0,0,0,0,0
52.9765886287625,0,0,0,0,0,0,0,0,0,0,0,0.0295639888505057,0.516761738291455,0.439657466564568,0.014016806293471,0,0,0,0,0,0,0,0
53.2709030100335,0,0,0,0,0,0,0,0,0,0,0,0.0206250015509516,0.478120819405787,0.480211115732896,0.0210430633103662,0,0,0,0,0,0,0,0
53.5652173913044,0,0,0,0,0,0,0,0,0,0,0,0.0136982548423331,0.437481164899592,0.518725514369469,0.0300950658886059,0,0,0,0,0,0,0,0
53.8595317725753,0,0,0,0,0,0,0,0,0,0,0,0.00852715428687977,0.395612558086181,0.554430879160979,0.0414294084659605,0,0,0,0,0,0,0,0
54.1538461538462,0,0,0,0,0,0,0,0,0,0,0,0.00485510544682138,0.353284782278865,0.586557426794113,0.0553026854802006,0,0,0,0,0,0,0,0
54.4481605351171,0,0,0,0,0,0,0,0,0,0,0,0.00242551388438773,0.311267620790955,0.614335373955561,0.0719714913690959,0,0,0,0,0,0,0,0
54.742474916388,0,0,0,0,0,0,0,0,0,0,0,0.000981785161808436,0.270330856935763,0.636994937332012,0.091692420570417,0,0,0,0,0,0,0,0
55.0367892976589,0,0,0,0,0,0,0,0,0,0,0,0.00026732484131316,0.231244274026598,0.653766333610154,0.114722067521935,0,0,0,0,0,0,0,0
55.3311036789298,0,0,0,0,0,0,0,0,0,0,0,2.55384851316313e-05,0.194777655376773,0.663879779476677,0.141317026661418,0,0,0,0,0,0,0,0
55.6254180602007,0,0,0,0,0,0,0,0,0,0,0,0,0.161700110921572,0.666566501685309,0.171733219048613,1.68344506482945e-07,0,0,0,0,0,0,0
55.9197324414716,0,0,0,0,0,0,0,0,0,0,0,0,0.132517883766897,0.661452027233851,0.20596369891388,6.63900853714894e-05,0,0,0,0,0,0,0
56.2140468227425,0,0,0,0,0,0,0,0,0,0,0,0,0.107076533415505,0.649152908524824,0.243340836884437,0.00042972117523371,0,0,0,0,0,0,0
56.5083612040134,0,0,0,0,0,0,0,0,0,0,0,0,0.0851194654296263,0.63043892887154,0.28309484964697,0.00134675605186344,0,0,0,0,0,0,0
56.8026755852843,0,0,0,0,0,0,0,0,0,0,0,0,0.0663900853714897,0.606079871587309,0.32445595388817,0.00307408915303099,0,0,0,0,0,0,0
57.0969899665552,0,0,0,0,0,0,0,0,0,0,0,0,0.0506317988033248,0.576845519985441,0.366654366294727,0.00586831491650674,0,0,0,0,0,0,0
57.3913043478261,0,0,0,0,0,0,0,0,0,0,0,0,0.0375880112873619,0.543505657379249,0.408920303553328,0.00998602778006089,0,0,0,0,0,0,0
57.685618729097,0,0,0,0,0,0,0,0,0,0,0,0,0.0270021283858305,0.506830067082043,0.450483982350663,0.0156838221814638,0,0,0,0,0,0,0
57.9799331103679,0,0,0,0,0,0,0,0,0,0,0,0,0.0186175556609601,0.467588532407134,0.49057561937342,0.0232182925584857,0,0,0,0,0,0,0
58.2742474916388,0,0,0,0,0,0,0,0,0,0,0,0,0.0121776986749803,0.426550836667832,0.528425431308291,0.0328460333488973,0,0,0,0,0,0,0
58.5685618729097,0,0,0,0,0,0,0,0,0,0,0,0,0.00742596299012115,0.384486763177449,0.563263634841961,0.0448236389904683,0,0,0,0,0,0,0
58.8628762541806,0,0,0,0,0,0,0,0,0,0,0,0,0.00410575416861215,0.342166095249296,0.594320446661122,0.0594077039209693,0,0,0,0,0,0,0
59.1571906354515,0,0,0,0,0,0,0,0,0,0,0,0,0.00196047777268295,0.300358616196683,0.620826083452463,0.0768548225781711,0,0,0,0,0,0,0
59.4515050167224,0,0,0,0,0,0,0,0,0,0,0,0,0.000733539364563331,0.259834109332923,0.642010761902671,0.0974215893998431,0,0,0,0,0,0,0
59.7458193979933,0,0,0,0,0,0,0,0,0,0,0,0,0.000168344506482929,0.221362357971325,0.657104698698437,0.121364598823756,0,0,0,0,0,0,0
60.0401337792642,0,0,0,0,0,0,0,0,0,0,0,0,8.29876067143668e-06,0.1857131454252,0.665338110526449,0.14894044528768,0,0,0,0,0,0,0
60.3344481605351,0,0,0,0,0,0,0,0,0,0,0,0,0,0.153643485765293,0.665960367937245,0.180392953986821,3.1923106414542e-06,0,0,0,0,0,0
60.628762541806,0,0,0,0,0,0,0,0,0,0,0,0,0,0.125470577451709,0.658880564897325,0.21552613450574,0.000122723145226055,0,0,0,0,0,0
60.9230769230769,0,0,0,0,0,0,0,0,0,0,0,0,0,0.100971021089364,0.64481869215597,0.253603398573813,0.000606888180852674,0,0,0,0,0,0
61.2173913043478,0,0,0,0,0,0,0,0,0,0,0,0,0,0.0798882222404864,0.624544533026492,0.293854962877729,0.00171228185529162,0,0,0,0,0,0
61.5117056856187,0,0,0,0,0,0,0,0,0,0,0,0,0,0.0619655864673059,0.598827870822202,0.335511044104179,0.00369549860631326,0,0,0,0,0,0
61.8060200668896,0,0,0,0,0,0,0,0,0,0,0,0,0,0.0469465193320531,0.56843848885641,0.377801858939849,0.00681313287168781,0,0,0,0,0,0
62.1003344481605,0,0,0,0,0,0,0,0,0,0,0,0,0,0.0345744263969572,0.534146170442428,0.419957624071429,0.0113217790891856,0,0,0,0,0,0
62.3946488294314,0,0,0,0,0,0,0,0,0,0,0,0,0,0.0245927132242475,0.496720698893565,0.46120855618561,0.0174780316965772,0,0,0,0,0,0
62.6889632107023,0,0,0,0,0,0,0,0,0,0,0,0,0,0.0167447853761544,0.456931857523135,0.500784871969078,0.0255384851316325,0,0,0,0,0,0
62.9832775919732,0,0,0,0,0,0,0,0,0,0,0,0,0,0.0107740484149073,0.415549429644447,0.537916788108524,0.0357597338321219,0,0,0,0,0,0
63.2775919732441,0,0,0,0,0,0,0,0,0,0,0,0,0,0.00642390790273577,0.373343198570812,0.571834521290636,0.0483983722358159,0,0,0,0,0,0
63.5719063545151,0,0,0,0,0,0,0,0,0,0,0,0,0,0.00343776940186951,0.331082947615541,0.601768288202105,0.0637109947804851,0,0,0,0,0,0
63.866220735786,0,0,0,0,0,0,0,0,0,0,0,0,0,0.00155903847453836,0.289538460091945,0.626948305529618,0.081954195903899,0,0,0,0,0,0
64.1605351170569,0,0,0,0,0,0,0,0,0,0,0,0,0,0.000531120682971883,0.249479519313335,0.646604789959864,0.103384570043829,0,0,0,0,0,0
64.4548494983278,0,0,0,0,0,0,0,0,0,0,0,0,0,9.74215893998386e-05,0.211675908593023,0.659967958179534,0.128258711638044,0,0,0,0,0,0
64.7491638795987,0,0,0,0,0,0,0,0,0,0,0,0,0,1.34675605186295e-06,0.176897411244317,0.666268026875315,0.156833215124315,0,0,0,0,0,0
65.0434782608696,0,0,0,0,0,0,0,0,0,0,0,0,0,0,0.145859017561162,0.664817402262952,0.189309881921045,1.36982548423364e-05,0,0,0,0,0
65.3377926421405,0,0,0,0,0,0,0,0,0,0,0,0,0,0,0.118677658390763,0.655825579728289,0.225292453999895,0.000204307881053067,0,0,0,0,0
65.6321070234114,0,0,0,0,0,0,0,0,0,0,0,0,0,0,0.0951021263195569,0.640054262048326,0.264016535071767,0.000827076560350663,0,0,0,0,0
65.9264214046823,0,0,0,0,0,0,0,0,0,0,0,0,0,0,0.0748758269097737,0.618273232536373,0.304712341823348,0.00213859873050545,0,0,0,0,0
66.2207357859532,0,0,0,0,0,0,0,0,0,0,0,0,0,0,0.0577421657236441,0.591252274505744,0.346610090941324,0.0043954688292876,0,0,0,0,0
66.5150501672241,0,0,0,0,0,0,0,0,0,0,0,0,0,0,0.0434445483233962,0.559761171269747,0.388939999112389,0.00785428129446767,0,0,0,0,0
66.809364548495,0,0,0,0,0,0,0,0,0,0,0,0,0,0,0.0317263802712608,0.524569706141695,0.430932283023228,0.0127716305638156,0,0,0,0,0
67.1036789297659,0,0,0,0,0,0,0,0,0,0,0,0,0,0,0.0223310671294667,0.486447662434897,0.471817159360534,0.0194041110751022,0,0,0,0,0
67.3979933110368,0,0,0,0,0,0,0,0,0,0,0,0,0,0,0.0150020144602442,0.446164823462664,0.510824844810994,0.0280083172660976,0,0,0,0,0
67.6923076923077,0,0,0,0,0,0,0,0,0,0,0,0,0,0,0.00948262782582306,0.40449097253831,0.547185556061296,0.0388408435745715,0,0,0,0,0
67.9866220735786,0,0,0,0,0,0,0,0,0,0,0,0,0,0,0.00551631278843252,0.362195892975141,0.580129509798131,0.0521582844382953,0,0,0,0,0
68.2809364548495,0,0,0,0,0,0,0,0,0,0,0,0,0,0,0.00284647491030253,0.320049368086471,0.608886922708187,0.0682172342950389,0,0,0,0,0
68.5752508361204,0,0,0,0,0,0,0,0,0,0,0,0,0,0,0.00121651975366284,0.278821181185613,0.632688011478152,0.0872742875825715,0,0,0,0,0
68.8695652173913,0,0,0,0,0,0,0,0,0,0,0,0,0,0,0.000369852880742978,0.239281115585873,0.650762992794718,0.109586038738665,0,0,0,0,0
69.1638795986622,0,0,0,0,0,0,0,0,0,0,0,0,0,0,4.98798537727131e-05,0.202198954600565,0.662342083344572,0.13540908220109,0,0,0,0,0
69.4581939799331,0,0,0,0,0,0,0,0,0,0,0,0,0,0,6.23498172158484e-09,0.168344481543001,0.666655499814403,0.165000012407614,0,0,0,0,0
69.752508361204,0,0,0,0,0,0,0,0,0,0,0,0,0,0,0,0.138342030072887,0.663151633371303,0.19846997414241,3.63624134003161e-05,0,0,0,0
70.0468227424749,0,0,0,0,0,0,0,0,0,0,0,0,0,0,0,0.112134450347767,0.652301100435617,0.235248628687473,0.000315820529143695,0,0,0,0
70.3411371237458,0,0,0,0,0,0,0,0,0,0,0,0,0,0,0,0.0894651728697936,0.634873646910765,0.274566217669423,0.00109496255001876,0,0,0,0
70.6354515050167,0,0,0,0,0,0,0,0,0,0,0,0,0,0,0,0.0700776032011987,0.611639056110059,0.315652957774947,0.00263038291379582,0,0,0,0
70.9297658862876,0,0,0,0,0,0,0,0,0,0,0,0,0,0,0,0.0537151469042125,0.58336711134681,0.357739065690732,0.00517867605824506,0,0,0,0
71.2240802675585,0,0,0,0,0,0,0,0,0,0,0,0,0,0,0,0.0401212095410632,0.550827595934328,0.400054758103472,0.00899643642113703,0,0,0,0
71.5183946488294,0,0,0,0,0,0,0,0,0,0,0,0,0,0,0,0.0290391966739811,0.514790293185923,0.441830251699854,0.014340258440242,0,0,0,0
71.8127090301003,0,0,0,0,0,0,0,0,0,0,0,0,0,0,0,0.0202125138651965,0.47602498641491,0.482295763166564,0.0214667365533298,0,0,0,0
72.1070234113712,0,0,0,0,0,0,0,0,0,0,0,0,0,0,0,0.0133845666769381,0.435301458934595,0.520681509190295,0.0306324651981715,0,0,0,0
72.4013377926422,0,0,0,0,0,0,0,0,0,0,0,0,0,0,0,0.00829876067143606,0.393389494058292,0.556217706457735,0.0420940388125372,0,0,0,0
72.695652173913,0,0,0,0,0,0,0,0,0,0,0,0,0,0,0,0.00469850141092024,0.351058875099312,0.588134571655571,0.0561080518341964,0,0,0,0
72.989966555184,0,0,0,0,0,0,0,0,0,0,0,0,0,0,0,0.00232719445761996,0.309079385370964,0.615662321470495,0.0729310987009208,0,0,0,0
73.2842809364549,0,0,0,0,0,0,0,0,0,0,0,0,0,0,0,0.000928245373765108,0.268220808186559,0.638031172589196,0.09281977385048,0,0,0,0
73.5785953177258,0,0,0,0,0,0,0,0,0,0,0,0,0,0,0,0.000245059721585369,0.229252926859412,0.65447134169836,0.116030671720643,0,0,0,0
73.8729096989967,0,0,0,0,0,0,0,0,0,0,0,0,0,0,0,2.10430633103643e-05,0.192945524702828,0.664213045484678,0.142820386749183,0,0,0,0
74.1672240802676,0,0,0,0,0,0,0,0,0,0,0,0,0,0,0,0,0.160066788874803,0.666488894867821,0.173443917218546,3.99038830181704e-07,0,0,0
74.4615384615385,0,0,0,0,0,0,0,0,0,0,0,0,0,0,0,0,0.131087847064178,0.660977089971173,0.207859201942042,7.58610226065862e-05,0,0,0
74.7558528428094,0,0,0,0,0,0,0,0,0,0,0,0,0,0,0,0,0.105836277086428,0.648321155728183,0.2453806298596,0.000461937325789171,0,0,0
75.0501672240803,0,0,0,0,0,0,0,0,0,0,0,0,0,0,0,0,0.0840554845037823,0.629290875452163,0.285238417657907,0.0014152223861482,0,0,0
75.3444816053512,0,0,0,0,0,0,0,0,0,0,0,0,0,0,0,0,0.0654888748784691,0.604656032456422,0.326662782023655,0.00319231064145407,0,0,0
75.6387959866221,0,0,0,0,0,0,0,0,0,0,0,0,0,0,0,0,0.0498798537727191,0.575186410054271,0.368883939643532,0.00604979652947709,0,0,0
75.933110367893,0,0,0,0,0,0,0,0,0,0,0,0,0,0,0,0,0.0369718267487625,0.541651791559025,0.411132107204226,0.0102442744879873,0,0,0
76.2274247491639,0,0,0,0,0,0,0,0,0,0,0,0,0,0,0,0,0.0265081993688277,0.504821960283989,0.452637501392428,0.0160323389547555,0,0,0
76.5217391304348,0,0,0,0,0,0,0,0,0,0,0,0,0,0,0,0,0.0182323771951451,0.465466699542477,0.492630338894826,0.0236705843675518,0,0,0
76.8160535117057,0,0,0,0,0,0,0,0,0,0,0,0,0,0,0,0,0.0118877657899447,0.424355792647802,0.530340836398107,0.033415605164146,0,0,0
77.1103678929766,0,0,0,0,0,0,0,0,0,0,0,0,0,0,0,0,0.0072177707154555,0.38225902291327,0.564999210588965,0.0455239957823094,0,0,0
77.4046822742475,0,0,0,0,0,0,0,0,0,0,0,0,0,0,0,0,0.00396579753390766,0.339946173652198,0.595835678154084,0.0602523506598111,0,0,0
77.6989966555184,0,0,0,0,0,0,0,0,0,0,0,0,0,0,0,0,0.00187525180753056,0.29818702817789,0.622080455780156,0.0778572642344228,0,0,0
77.9933110367893,0,0,0,0,0,0,0,0,0,0,0,0,0,0,0,0,0.000689539098554063,0.257751369803661,0.64296376015387,0.0985953309439142,0,0,0
78.2876254180602,0,0,0,0,0,0,0,0,0,0,0,0,0,0,0,0,0.000152064969207862,0.219408981842824,0.657715807961914,0.122723145226054,0,0,0
78.5819397993311,0,0,0,0,0,0,0,0,0,0,0,0,0,0,0,0,6.23498172158998e-06,0.183929647608684,0.665566815890978,0.150497301518616,0,0,0
78.876254180602,0,0,0,0,0,0,0,0,0,0,0,0,0,0,0,0,0,0.152064969207856,0.6657742724378,0.182153940401831,6.81795251255929e-06,0,0
79.1705685618729,0,0,0,0,0,0,0,0,0,0,0,0,0,0,0,0,0,0.124091792298743,0.658307800771434,0.217395101451694,0.000205305478128507,0,0
79.4648829431438,0,0,0,0,0,0,0,0,0,0,0,0,0,0,0,0,0,0.0997784623704575,0.64389977431486,0.255350761553761,0.000971001760920951,0,0
79.7591973244147,0,0,0,0,0,0,0,0,0,0,0,0,0,0,0,0,0,0.0788683849852309,0.62331997638139,0.295122840175834,0.00268879845754538,0,0
80.0535117056856,0,0,0,0,0,0,0,0,0,0,0,0,0,0,0,0,0,0.0611049657052938,0.597338190284335,0.335813256785714,0.00574358722465709,0,0
80.3478260869565,0,0,0,0,0,0,0,0,0,0,0,0,0,0,0,0,0,0.0462316100928741,0.566724199337004,0.37652393085121,0.0105202597189119,0,0
80.6421404682274,0,0,0,0,0,0,0,0,0,0,0,0,0,0,0,0,0,0.0339917237102025,0.532247786852709,0.416356781840123,0.017403707596965,0,0
80.9364548494983,0,0,0,0,0,0,0,0,0,0,0,0,0,0,0,0,0,0.024128712119509,0.494678736144764,0.454413729220255,0.0267788225154716,0,0
81.2307692307692,0,0,0,0,0,0,0,0,0,0,0,0,0,0,0,0,0,0.0163859808830223,0.454786830526475,0.489796692459415,0.039030496131088,0,0
81.5250836120401,0,0,0,0,0,0,0,0,0,0,0,0,0,0,0,0,0,0.0105069355629729,0.413341853311157,0.521607591025402,0.0545436201004684,0,0
81.819397993311,0,0,0,0,0,0,0,0,0,0,0,0,0,0,0,0,0,0.00623498172158997,0.371113587812117,0.548948344386023,0.0737030860802699,0,0
82.113712374582,0,0,0,0,0,0,0,0,0,0,0,0,0,0,0,0,0,0.00331352492110346,0.328871817342668,0.570920872009081,0.0968937857271471,0,0
82.4080267558528,0,0,0,0,0,0,0,0,0,0,0,0,0,0,0,0,0,0.00148597072374312,0.287386325216123,0.586627093362379,0.124500610697754,0,0
82.7023411371238,0,0,0,0,0,0,0,0,0,0,0,0,0,0,0,0,0,0.000495724691738457,0.247426894745789,0.595168927913723,0.156908452648749,0,0
82.9966555183947,0,0,0,0,0,0,0,0,0,0,0,0,0,0,0,0,0,8.61923873192578e-05,0.209763309244979,0.595648295130915,0.194502203236787,0,0
83.2909698996656,0,0,0,0,0,0,0,0,0,0,0,0,0,0,0,0,0,7.79372715198961e-07,0.175165352027006,0.587167114481759,0.23766675411852,0,0
83.5852842809365,0,0,0,0,0,0,0,0,0,0,0,0,0,0,0,0,0,0,0.1443343712458,0.568981284542656,0.28658169147248,0.000102652739064254,0
83.8795986622074,0,0,0,0,0,0,0,0,0,0,0,0,0,0,0,0,0,0,0.117349189540289,0.541747386298779,0.33955902493216,0.0013443992287727,0
84.1739130434783,0,0,0,0,0,0,0,0,0,0,0,0,0,0,0,0,0,0,0.0939563299635626,0.50686967480343,0.393913865373551,0.00526012985945582,0
84.4682274247492,0,0,0,0,0,0,0,0,0,0,0,0,0,0,0,0,0,0,0.0738991980778495,0.465759419464343,0.446951971200072,0.0133894112577359,0
84.7625418060201,0,0,0,0,0,0,0,0,0,0,0,0,0,0,0,0,0,0,0.0569211994453811,0.419827889689258,0.495979100815127,0.027271810050234,0
85.056856187291,0,0,0,0,0,0,0,0,0,0,0,0,0,0,0,0,0,0,0.0427657396283853,0.370486354885907,0.538301012622135,0.0484468928635733,0
85.3511705685619,0,0,0,0,0,0,0,0,0,0,0,0,0,0,0,0,0,0,0.0311762241890927,0.319146084462029,0.571223465024503,0.0784542263243752,0
85.6454849498328,0,0,0,0,0,0,0,0,0,0,0,0,0,0,0,0,0,0,0.0218960586897333,0.267218347825364,0.592052216425643,0.11883337705926,0
85.9397993311037,0,0,0,0,0,0,0,0,0,0,0,0,0,0,0,0,0,0,0.0146686486925361,0.216114414383643,0.598093025228968,0.171123911694852,0
86.2341137123746,0,0,0,0,0,0,0,0,0,0,0,0,0,0,0,0,0,0,0.00923739975973108,0.167245553544606,0.58665164983789,0.236865396857773,0
86.5284280936455,0,0,0,0,0,0,0,0,0,0,0,0,0,0,0,0,0,0,0.00534571745354816,0.122023034715992,0.55503384865582,0.31759739917464,0
86.8227424749164,0,0,0,0,0,0,0,0,0,0,0,0,0,0,0,0,0,0,0.00273700733621662,0.0818581273055318,0.500545380086168,0.414859485272083,0
87.1170568561873,0,0,0,0,0,0,0,0,0,0,0,0,0,0,0,0,0,0,0.00115467496996636,0.0481621007209659,0.420492002532347,0.530191221776721,0
87.4113712374582,0,0,0,0,0,0,0,0,0,0,0,0,0,0,0,0,0,0,0.000342125917027077,0.0223462243700319,0.312179474397774,0.665132175315167,0
87.7056856187291,0,0,0,0,0,0,0,0,0,0,0,0,0,0,0,0,0,0,4.27657396283815e-05,0.00582176766046381,0.17291355408585,0.821221912514058,0
88,0,0,0,0,0,0,0,0,0,0,0,0,0,0,0,0,0,0,0,0,0,1,0
