S,H,W
1.000000000000000000e+00,1.532811204519135231e+02,7.447134696956180733e+01
1.000000000000000000e+00,1.488343822254658733e+02,7.703505643623692833e+01
1.000000000000000000e+00,1.454798617378335734e+02,7.038227985910734219e+01
1.000000000000000000e+00,1.477413930346040161e+02,7.724457549242782761e+01
1.000000000000000000e+00,1.497086973853512575e+02,7.466144326241258966e+01
1.000000000000000000e+00,1.489475930672437869e+02,7.069735287102616894e+01
1.000000000000000000e+00,1.471705297191180080e+02,7.096561645648560557e+01
1.000000000000000000e+00,1.429242980541940824e+02,7.586840620948440517e+01
1.000000000000000000e+00,1.458029448844085323e+02,6.883835483623786899e+01
1.000000000000000000e+00,1.561642167572994708e+02,7.958260338767436792e+01
1.000000000000000000e+00,1.427102709763077257e+02,6.865361422961728977e+01
1.000000000000000000e+00,1.483609645847201080e+02,7.967922743753818793e+01
1.000000000000000000e+00,1.524216178142592923e+02,7.775365422320614073e+01
1.000000000000000000e+00,1.442969858828829217e+02,7.691767729631233408e+01
1.000000000000000000e+00,1.454161081808951508e+02,7.290787900351340056e+01
1.000000000000000000e+00,1.555364927555731072e+02,7.419814775745803104e+01
1.000000000000000000e+00,1.494588077509178277e+02,8.413132076070526466e+01
1.000000000000000000e+00,1.531580693843117444e+02,6.586119579814300096e+01
1.000000000000000000e+00,1.390286820244908768e+02,6.252443174252996272e+01
1.000000000000000000e+00,1.462356305348021124e+02,7.243607742149202977e+01
1.000000000000000000e+00,1.412776862074805990e+02,6.302079194239432525e+01
1.000000000000000000e+00,1.561657245301034038e+02,7.868416916171064202e+01
1.000000000000000000e+00,1.530204983282030469e+02,8.236119237921765546e+01
1.000000000000000000e+00,1.550559134744149503e+02,7.617023682073829605e+01
1.000000000000000000e+00,1.500301837846756996e+02,8.080873196569316974e+01
1.000000000000000000e+00,1.490311791336103511e+02,8.045104181368445495e+01
1.000000000000000000e+00,1.509149107947343396e+02,7.552086078413839232e+01
1.000000000000000000e+00,1.545660851266938494e+02,7.614481855422097567e+01
1.000000000000000000e+00,1.538937625169115222e+02,7.998987103021795519e+01
1.000000000000000000e+00,1.500748370719657885e+02,6.346512042577143120e+01
1.000000000000000000e+00,1.489424490775823529e+02,7.512238432219542972e+01
1.000000000000000000e+00,1.521314082170964923e+02,7.621864989219760389e+01
1.000000000000000000e+00,1.431795546747446792e+02,7.021988683343489868e+01
1.000000000000000000e+00,1.501159294118446894e+02,7.217055779140233085e+01
1.000000000000000000e+00,1.552549458323621252e+02,7.427298157027712477e+01
1.000000000000000000e+00,1.484919254253252348e+02,7.341714748620954367e+01
1.000000000000000000e+00,1.510488722800139101e+02,6.819541644372178268e+01
1.000000000000000000e+00,1.488603286663402230e+02,7.698157242385312315e+01
1.000000000000000000e+00,1.527478359996341624e+02,7.632447300487062591e+01
1.000000000000000000e+00,1.482018371946663819e+02,7.257232530136177218e+01
1.000000000000000000e+00,1.420350335505467285e+02,7.797188396246619391e+01
1.000000000000000000e+00,1.451284968958092634e+02,7.773126673945195364e+01
1.000000000000000000e+00,1.485987513955939221e+02,7.145705916807516189e+01
1.000000000000000000e+00,1.458582231373374043e+02,7.501174850034178121e+01
1.000000000000000000e+00,1.508161032245855608e+02,6.821361808100009227e+01
1.000000000000000000e+00,1.465843666218420367e+02,7.539987456232466911e+01
1.000000000000000000e+00,1.410784991830686295e+02,7.243880738192106605e+01
1.000000000000000000e+00,1.526733806304764016e+02,7.240481079952013488e+01
1.000000000000000000e+00,1.523214231023140144e+02,7.097539481245732418e+01
1.000000000000000000e+00,1.430287254550486580e+02,6.296678249663643356e+01
2.000000000000000000e+00,1.667351805114992089e+02,9.122618032605109306e+01
2.000000000000000000e+00,1.590776421070854383e+02,8.457871143879965814e+01
2.000000000000000000e+00,1.549021570962588896e+02,8.650447193295629233e+01
2.000000000000000000e+00,1.574174707581176449e+02,9.133365337306183562e+01
2.000000000000000000e+00,1.629033809820527381e+02,9.720710635994495874e+01
2.000000000000000000e+00,1.549637100480366030e+02,8.679498848829034330e+01
2.000000000000000000e+00,1.619187460911922187e+02,8.810628208619959878e+01
2.000000000000000000e+00,1.629668974154921557e+02,8.901973128977000727e+01
2.000000000000000000e+00,1.551377775140646520e+02,8.765333111403325006e+01
2.000000000000000000e+00,1.616868385927898260e+02,9.243072910819374499e+01
2.000000000000000000e+00,1.607016154021090415e+02,9.028236406752779430e+01
2.000000000000000000e+00,1.580797821119358559e+02,8.723547135110229078e+01
2.000000000000000000e+00,1.595972603399249294e+02,9.272068257134726821e+01
2.000000000000000000e+00,1.608220228423746221e+02,8.148726949044635148e+01
2.000000000000000000e+00,1.551846542287381112e+02,7.802354993885292345e+01
2.000000000000000000e+00,1.567405965254990576e+02,8.956857971287159614e+01
2.000000000000000000e+00,1.695878079646587366e+02,1.018776610676348895e+02
2.000000000000000000e+00,1.549221467473577150e+02,8.243831480465051698e+01
2.000000000000000000e+00,1.599443007297816166e+02,8.798323832830450897e+01
2.000000000000000000e+00,1.623168390024091252e+02,8.397335041383340126e+01
2.000000000000000000e+00,1.616432201249646425e+02,9.518206505401724371e+01
2.000000000000000000e+00,1.573081477162201907e+02,8.425297261859456910e+01
2.000000000000000000e+00,1.638163491711168263e+02,9.454503238424200617e+01
2.000000000000000000e+00,1.597001869030378600e+02,8.676197427776247650e+01
2.000000000000000000e+00,1.631472312503827027e+02,9.247029225635743899e+01
2.000000000000000000e+00,1.580568438301687308e+02,9.453843624929000100e+01
2.000000000000000000e+00,1.591545349339185691e+02,8.651040853085603999e+01
2.000000000000000000e+00,1.648546511764556044e+02,9.076183739731041555e+01
2.000000000000000000e+00,1.542072213037691029e+02,8.119937019832102010e+01
2.000000000000000000e+00,1.706507860317086624e+02,9.090359153603563414e+01
2.000000000000000000e+00,1.579980340333414688e+02,8.745407700256400574e+01
2.000000000000000000e+00,1.645669830731985712e+02,9.485622350346075393e+01
2.000000000000000000e+00,1.617268720177208081e+02,8.800050194570893325e+01
2.000000000000000000e+00,1.518596812502299542e+02,9.476447950380838847e+01
2.000000000000000000e+00,1.576276561015081938e+02,8.332065968301476744e+01
2.000000000000000000e+00,1.476800114993812940e+02,8.290529973015318888e+01
2.000000000000000000e+00,1.620009760385684672e+02,9.286258535088596489e+01
2.000000000000000000e+00,1.540445136648164635e+02,8.696878503587929288e+01
2.000000000000000000e+00,1.686098055669151563e+02,8.971171274919319671e+01
2.000000000000000000e+00,1.607896137828843734e+02,8.965796725171611570e+01
2.000000000000000000e+00,1.618477975591085567e+02,9.590478100974769404e+01
2.000000000000000000e+00,1.526125915684310712e+02,8.164898161445833580e+01
2.000000000000000000e+00,1.589946243961867651e+02,9.004216578197683418e+01
2.000000000000000000e+00,1.631003217375155145e+02,8.549216075162809148e+01
2.000000000000000000e+00,1.637283818093442562e+02,9.724720302838687758e+01
2.000000000000000000e+00,1.518589703110480400e+02,7.862335568154190923e+01
2.000000000000000000e+00,1.629554693379895980e+02,8.811493666674110159e+01
2.000000000000000000e+00,1.594511258598119525e+02,8.864411532204456989e+01
2.000000000000000000e+00,1.669368798645371896e+02,9.561668255524347160e+01
2.000000000000000000e+00,1.618295357219070922e+02,8.155367282041778765e+01
