"height","height_c","weight"
136.525,-18.072093,31.864838
136.525,-18.072093,36.28736
138.43,-16.167093,39.09396
139.065,-15.532093,33.594158
139.7,-14.897093,36.485807
139.7,-14.897093,50.348712
140.335,-14.262093,36.599204
140.335,-14.262093,37.44969
140.97,-13.627093,40.936678
141.605,-12.992093,44.22522
141.605,-12.992093,44.338618
141.605,-12.992093,31.524644
141.605,-12.992093,36.202312
141.605,-12.992093,42.88542
142.113,-12.484093,32.772022
142.24,-12.357093,31.666392
142.875,-11.722093,38.838815
142.875,-11.722093,35.578622
142.875,-11.722093,37.336292
142.875,-11.722093,32.715323
142.875,-11.722093,32.998818
142.875,-11.722093,34.416293
142.875,-11.722093,35.606972
142.875,-11.722093,34.246196
143.51,-11.087093,38.55532
143.51,-11.087093,31.071052
143.51,-11.087093,38.413572
143.51,-11.087093,41.645416
143.9418,-10.655293,38.356874
144.145,-10.452093,37.194544
144.145,-10.452093,38.923864
144.145,-10.452093,39.434154
144.145,-10.452093,33.906002
144.145,-10.452093,34.246196
144.78,-9.817093,36.032214
144.78,-9.817093,42.269104
144.78,-9.817093,41.191824
144.78,-9.817093,38.045029
144.78,-9.817093,43.998424
144.78,-9.817093,33.45241
145.415,-9.182093,41.276872
145.415,-9.182093,45.642695
145.415,-9.182093,42.410852
145.415,-9.182093,42.52425
145.415,-9.182093,42.127357
145.415,-9.182093,44.990656
145.415,-9.182093,37.931631
145.415,-9.182093,39.377456
146.05,-8.547093,37.506388
146.05,-8.547093,38.498621
146.05,-8.547093,42.807745
146.05,-8.547093,37.506388
146.05,-8.547093,31.864838
146.05,-8.547093,44.76386
146.05,-8.547093,34.189497
146.05,-8.547093,39.405805
146.4,-8.197093,35.493574
146.685,-7.912093,46.549879
146.685,-7.912093,36.088913
146.685,-7.912093,38.073378
146.7,-7.897093,42.4
146.7,-7.897093,36.6
147.32,-7.277093,35.465224
147.32,-7.277093,39.12231
147.32,-7.277093,35.068332
147.32,-7.277093,36.8827
147.32,-7.277093,35.947166
147.32,-7.277093,35.550273
147.32,-7.277093,48.959586
147.32,-7.277093,36.967748
147.32,-7.277093,40.85163
147.32,-7.277093,51.255896
147.955,-6.642093,34.869885
147.955,-6.642093,40.312989
147.955,-6.642093,47.400364
147.955,-6.642093,49.89512
147.955,-6.642093,39.377456
147.955,-6.642093,36.485807
147.955,-6.642093,41.163474
147.955,-6.642093,42.751046
147.955,-6.642093,40.086193
148.2852,-6.311893,38.441922
148.59,-6.007093,37.903282
148.59,-6.007093,39.434154
148.59,-6.007093,43.885026
148.59,-6.007093,39.519203
148.59,-6.007093,42.52425
148.59,-6.007093,40.766581
148.59,-6.007093,37.563088
148.59,-6.007093,35.890467
149.225,-5.372093,38.243476
149.225,-5.372093,42.155706
149.225,-5.372093,42.240755
149.225,-5.372093,52.304828
149.225,-5.372093,40.398038
149.225,-5.372093,35.805418
149.225,-5.372093,42.127357
149.225,-5.372093,41.276872
149.225,-5.372093,44.083472
149.225,-5.372093,43.941725
149.225,-5.372093,45.075705
149.225,-5.372093,40.82328
149.86,-4.737093,37.931631
149.86,-4.737093,40.936678
149.86,-4.737093,42.410852
149.86,-4.737093,53.438808
149.86,-4.737093,52.673371
149.86,-4.737093,39.008912
149.86,-4.737093,38.668718
149.86,-4.737093,38.243476
149.86,-4.737093,38.697068
149.86,-4.737093,38.045029
149.86,-4.737093,42.977842
149.9,-4.697093,47.7
150.1648,-4.432293,41.95726
150.495,-4.102093,33.849303
150.495,-4.102093,49.810072
150.495,-4.102093,40.483086
150.495,-4.102093,35.947166
150.495,-4.102093,43.459784
150.495,-4.102093,41.900561
150.495,-4.102093,44.111822
151.13,-3.467093,41.220173
151.13,-3.467093,42.269104
151.13,-3.467093,38.498621
151.13,-3.467093,36.712603
151.13,-3.467093,43.970075
151.13,-3.467093,43.403084
151.13,-3.467093,46.124636
151.765,-2.832093,47.825606
151.765,-2.832093,49.413178
151.765,-2.832093,48.024053
151.765,-2.832093,35.295128
151.765,-2.832093,42.524
151.765,-2.832093,42.864444
151.765,-2.832093,34.784836
151.765,-2.832093,44.338618
151.765,-2.832093,42.807745
151.9428,-2.654293,43.714929
151.9936,-2.603493,49.951819
152.4,-2.197093,46.719976
152.4,-2.197093,36.485807
152.4,-2.197093,51.255896
152.4,-2.197093,41.106775
152.4,-2.197093,39.292407
152.4,-2.197093,40.879979
152.4,-2.197093,40.879979
152.4,-2.197093,41.163474
152.4,-2.197093,43.856676
152.4,-2.197093,43.544832
152.4,-2.197093,43.431434
152.4,-2.197093,44.678812
152.4,-2.197093,45.160754
152.4,-2.197093,43.06289
152.4,-2.197093,40.82328
152.7048,-1.892293,46.606578
153.035,-1.562093,49.583276
153.035,-1.562093,32.205032
153.035,-1.562093,45.245802
153.035,-1.562093,49.89
153.035,-1.562093,39.972795
153.035,-1.562093,39.547552
153.67,-0.927093,48.307548
153.67,-0.927093,44.565414
153.67,-0.927093,40.511435
153.67,-0.927093,41.333571
153.67,-0.927093,44.82056
153.67,-0.927093,47.400364
153.67,-0.927093,35.521924
153.67,-0.927093,44.22522
154.305,-0.292093,49.89512
154.305,-0.292093,41.248522
154.305,-0.292093,47.62716
154.305,-0.292093,47.853956
154.305,-0.292093,46.776675
154.305,-0.292093,41.276872
154.305,-0.292093,50.206964
154.305,-0.292093,45.756093
154.305,-0.292093,48.874538
154.9,0.302907,38.2
154.94,0.342907,47.201918
154.94,0.342907,39.944446
154.94,0.342907,49.696674
154.94,0.342907,45.217452
154.94,0.342907,45.444248
154.94,0.342907,48.137451
154.94,0.342907,46.209685
154.94,0.342907,48.2225
154.94,0.342907,48.477645
154.94,0.342907,42.240755
154.94,0.342907,43.856676
154.94,0.342907,43.346385
154.94,0.342907,44.111822
155.575,0.977907,54.317642
155.575,0.977907,51.482692
155.575,0.977907,42.099008
155.575,0.977907,39.71765
155.575,0.977907,50.915702
155.575,0.977907,45.529297
156.21,1.612907,42.722696
156.21,1.612907,44.111822
156.21,1.612907,44.338618
156.21,1.612907,45.6
156.21,1.612907,46.379782
156.21,1.612907,43.885026
156.21,1.612907,39.292407
156.21,1.612907,44.026773
156.21,1.612907,41.050076
156.21,1.612907,54.062496
156.845,2.247907,53.041914
156.845,2.247907,47.62716
156.845,2.247907,45.642695
156.845,2.247907,45.671044
156.845,2.247907,46.578228
157.48,2.882907,42.325804
157.48,2.882907,44.650463
157.48,2.882907,47.939005
157.48,2.882907,44.565414
157.48,2.882907,45.557646
157.48,2.882907,40.624834
157.48,2.882907,50.178615
157.48,2.882907,40.029494
157.48,2.882907,49.214732
157.48,2.882907,45.869491
157.48,2.882907,47.570461
157.48,2.882907,50.802304
157.48,2.882907,45.132404
157.988,3.390907,48.591043
158.115,3.517907,46.266384
158.115,3.517907,39.235708
158.115,3.517907,43.147939
158.115,3.517907,47.485413
158.115,3.517907,46.52153
158.115,3.517907,45.217452
158.4198,3.822707,47.286966
158.75,4.152907,52.19143
158.75,4.152907,51.482692
158.75,4.152907,48.676092
158.75,4.152907,52.531624
158.8,4.202907,50.9
159.385,4.787907,50.689
159.385,4.787907,42.977842
159.385,4.787907,45.019006
159.385,4.787907,49.044635
159.385,4.787907,48.846188
159.385,4.787907,50.178615
159.385,4.787907,44.423667
159.385,4.787907,47.201918
159.4,4.802907,44.4
160,5.402907,51.2
160.02,5.422907,47.230267
160.02,5.422907,45.95454
160.02,5.422907,44.622113
160.02,5.422907,37.081146
160.02,5.422907,51.964634
160.02,5.422907,59.5623
160.02,5.422907,54.601137
160.02,5.422907,55.791816
160.02,5.422907,48.19415
160.02,5.422907,54.204244
160.02,5.422907,49.271431
160.655,6.057907,47.882306
160.655,6.057907,54.856282
160.655,6.057907,54.090846
160.655,6.057907,55.366574
160.655,6.057907,53.637254
160.655,6.057907,48.505994
160.655,6.057907,47.485413
160.655,6.057907,47.286966
160.655,6.057907,39.774348
160.655,6.057907,47.882306
160.7,6.102907,46.3
160.9598,6.362707,43.204638
160.9852,6.388107,50.972401
160.9852,6.388107,46.691626
161.0106,6.413507,48.420946
161.29,6.692907,48.987936
161.29,6.692907,52.219779
161.29,6.692907,50.43376
161.29,6.692907,47.853956
161.29,6.692907,49.35648
161.29,6.692907,48.19415
161.29,6.692907,41.872212
161.3,6.702907,43.3
161.925,7.327907,55.111428
161.925,7.327907,50.263664
161.925,7.327907,41.730464
161.925,7.327907,50.235314
161.925,7.327907,56.954146
161.925,7.327907,53.212012
161.925,7.327907,51.59609
161.925,7.327907,47.286966
162.56,7.962907,56.755699
162.56,7.962907,45.95454
162.56,7.962907,56.018612
162.56,7.962907,45.699394
162.56,7.962907,48.109102
162.56,7.962907,43.204638
162.56,7.962907,55.281525
162.56,7.962907,49.5549
162.56,7.962907,47.03182
162.56,7.962907,52.16308
162.8648,8.267707,49.384829
163.195,8.597907,48.562694
163.195,8.597907,53.098614
163.195,8.597907,49.101334
163.195,8.597907,48.137451
163.195,8.597907,51.0291
163.83,9.232907,62.992589
163.83,9.232907,55.933564
163.83,9.232907,54.289292
163.83,9.232907,47.910655
163.83,9.232907,47.485413
163.83,9.232907,46.719976
163.83,9.232907,55.394923
163.83,9.232907,46.776675
164.465,9.867907,45.89784
164.465,9.867907,53.183662
164.465,9.867907,52.16308
165.1,10.502907,54.487739
165.1,10.502907,51.199197
165.735,11.137907,58.598416
165.735,11.137907,57.549485
165.735,11.137907,48.335898
165.735,11.137907,47.712209
165.989,11.391907,56.415505
165.989,11.391907,48.647742
166.37,11.772907,48.987936
166.37,11.772907,52.673371
167.005,12.407907,47.173568
167.005,12.407907,57.067544
167.005,12.407907,55.196477
167.005,12.407907,56.755699
167.005,12.407907,50.603857
167.005,12.407907,52.900167
167.64,13.042907,50.688906
168.275,13.677907,54.6
168.275,13.677907,56.046962
168.91,14.312907,55.479972
168.91,14.312907,58.825212
168.91,14.312907,56.443854
169.545,14.947907,53.523856
170.18,15.582907,48.562694
170.18,15.582907,47.59881
170.18,15.582907,53.637254
170.815,16.217907,59.760746
170.815,16.217907,58.456669
171.1198,16.522707,56.557252
171.45,16.852907,56.557252
172.72,18.122907,61.80191
172.9994,18.402307,51.255896
179.07,24.472907,55.706768
