"线号","截距","斜率"
1,18,3.333333
2,14,4.666667
3,22,2.444444
4,12,3.777778
5,20,5.111111
6,16,2.888889
7,24,4.222222
8,11,5.555556
9,19,2.148148
10,15,3.481481
11,23,4.814815
12,13,2.592593
13,21,3.925926
14,17,5.259259
15,25,3.037037
16,10.5,4.37037
17,18.5,5.703704
18,14.5,2.296296
19,22.5,3.62963
20,12.5,4.962963
21,20.5,2.740741
22,16.5,4.074074
23,24.5,5.407407
24,11.5,3.185185
25,19.5,4.518519
26,15.5,5.851852
27,23.5,2.049383
28,13.5,3.382716
29,21.5,4.716049
30,17.5,2.493827
31,25.5,3.82716
32,10.25,5.160494
33,18.25,2.938272
34,14.25,4.271605
35,22.25,5.604938
36,12.25,2.197531
37,20.25,3.530864
38,16.25,4.864198
39,24.25,2.641975
40,11.25,3.975309
41,19.25,5.308642
42,15.25,3.08642
43,23.25,4.419753
44,13.25,5.753086
45,21.25,2.345679
46,17.25,3.679012
47,25.25,5.012346
48,10.75,2.790123
49,18.75,4.123457
50,14.75,5.45679
51,22.75,3.234568
52,12.75,4.567901
53,20.75,5.901235
54,16.75,2.098765
55,24.75,3.432099
56,11.75,4.765432
57,19.75,2.54321
58,15.75,3.876543
59,23.75,5.209877
60,13.75,2.987654
