model,group,correlation
1.000000000000000000e+00,0.000000000000000000e+00,6.400000000000001243e-01
1.000000000000000000e+00,1.000000000000000000e+00,0.000000000000000000e+00
1.000000000000000000e+00,2.000000000000000000e+00,0.000000000000000000e+00
1.000000000000000000e+00,3.000000000000000000e+00,6.400000000000001243e-01
1.000000000000000000e+00,4.000000000000000000e+00,6.400000000000001243e-01
2.000000000000000000e+00,0.000000000000000000e+00,6.400000000000001243e-01
2.000000000000000000e+00,1.000000000000000000e+00,0.000000000000000000e+00
2.000000000000000000e+00,2.000000000000000000e+00,0.000000000000000000e+00
2.000000000000000000e+00,3.000000000000000000e+00,6.400000000000001243e-01
2.000000000000000000e+00,4.000000000000000000e+00,6.400000000000001243e-01
3.000000000000000000e+00,0.000000000000000000e+00,0.000000000000000000e+00
3.000000000000000000e+00,1.000000000000000000e+00,3.888888888888888951e-01
3.000000000000000000e+00,2.000000000000000000e+00,-3.181818181818179547e-01
3.000000000000000000e+00,3.000000000000000000e+00,0.000000000000000000e+00
3.000000000000000000e+00,4.000000000000000000e+00,0.000000000000000000e+00
4.000000000000000000e+00,0.000000000000000000e+00,6.400000000000001243e-01
4.000000000000000000e+00,1.000000000000000000e+00,-1.927470528863118925e-17
4.000000000000000000e+00,2.000000000000000000e+00,0.000000000000000000e+00
4.000000000000000000e+00,3.000000000000000000e+00,3.902439024390244038e-01
4.000000000000000000e+00,4.000000000000000000e+00,3.902439024390244038e-01
