"model","X","Z","Y","A","probability"
1,0,0,0,0,0.2025
2,0,0,0,0,0.2025
3,0,0,0,0,0.1
4,0,0,0,0,0.3645
1,1,0,0,0,0.0225
2,1,0,0,0,0.0225
3,1,0,0,0,0.0125
4,1,0,0,0,0.0405
1,0,1,0,0,0.0025
2,0,1,0,0,0.0025
3,0,1,0,0,0.025
4,0,1,0,0,5e-04
1,1,1,0,0,0.0225
2,1,1,0,0,0.0225
3,1,1,0,0,0.1125
4,1,1,0,0,0.0045
1,0,0,1,0,0.0225
2,0,0,1,0,0.0225
3,0,0,1,0,0.0125
4,0,0,1,0,0.0405
1,1,0,1,0,0.0025
2,1,0,1,0,0.0025
3,1,0,1,0,0.0125
4,1,0,1,0,0.0045
1,0,1,1,0,0.0225
2,0,1,1,0,0.0225
3,0,1,1,0,0.1125
4,0,1,1,0,0.0045
1,1,1,1,0,0.2025
2,1,1,1,0,0.2025
3,1,1,1,0,0.1125
4,1,1,1,0,0.0405
1,0,0,0,1,0.2025
2,0,0,0,1,0.2025
3,0,0,0,1,0.1
4,0,0,0,1,0.0405
1,1,0,0,1,0.0225
2,1,0,0,1,0.0225
3,1,0,0,1,0.0125
4,1,0,0,1,0.0045
1,0,1,0,1,0.0025
2,0,1,0,1,0.0025
3,0,1,0,1,0.025
4,0,1,0,1,0.0045
1,1,1,0,1,0.0225
2,1,1,0,1,0.0225
3,1,1,0,1,0.1125
4,1,1,0,1,0.0405
1,0,0,1,1,0.0225
2,0,0,1,1,0.0225
3,0,0,1,1,0.0125
4,0,0,1,1,0.0045
1,1,0,1,1,0.0025
2,1,0,1,1,0.0025
3,1,0,1,1,0.0125
4,1,0,1,1,5e-04
1,0,1,1,1,0.0225
2,0,1,1,1,0.0225
3,0,1,1,1,0.1125
4,0,1,1,1,0.0405
1,1,1,1,1,0.2025
2,1,1,1,1,0.2025
3,1,1,1,1,0.1125
4,1,1,1,1,0.3645
