"时间","真值形状","三阶","七阶"
1,23.66,23.66,24.2286
1.0754,23.9092,23.9092,24.2949
1.1508,24.1548,24.1548,24.3701
1.2261,24.3968,24.3968,24.4547
1.3015,24.6352,24.6352,24.5489
1.3769,24.8701,24.8701,24.653
1.4523,25.1015,25.1015,24.7669
1.5276,25.3294,25.3294,24.8907
1.603,25.5539,25.5539,25.0243
1.6784,25.7749,25.7749,25.1673
1.7538,25.9925,25.9925,25.3195
1.8291,26.2068,26.2068,25.4806
1.9045,26.4176,26.4176,25.6501
1.9799,26.6252,26.6252,25.8276
2.0553,26.8295,26.8295,26.0125
2.1307,27.0304,27.0304,26.2042
2.206,27.2282,27.2282,26.4023
2.2814,27.4227,27.4227,26.6061
2.3568,27.614,27.614,26.8149
2.4322,27.8021,27.8021,27.0281
2.5075,27.9871,27.9871,27.245
2.5829,28.169,28.169,27.4651
2.6583,28.3477,28.3477,27.6875
2.7337,28.5234,28.5234,27.9116
2.809,28.6961,28.6961,28.1369
2.8844,28.8657,28.8657,28.3626
2.9598,29.0323,29.0323,28.5881
3.0352,29.196,29.196,28.8128
3.1106,29.3567,29.3567,29.0361
3.1859,29.5145,29.5145,29.2574
3.2613,29.6695,29.6695,29.4762
3.3367,29.8215,29.8215,29.6919
3.4121,29.9707,29.9707,29.9042
3.4874,30.1171,30.1171,30.1124
3.5628,30.2607,30.2607,30.3162
3.6382,30.4016,30.4016,30.5152
3.7136,30.5397,30.5397,30.709
3.7889,30.6751,30.6751,30.8973
3.8643,30.8078,30.8078,31.0798
3.9397,30.9379,30.9379,31.2561
4.0151,31.0653,31.0653,31.4262
4.0905,31.1901,31.1901,31.5899
4.1658,31.3123,31.3123,31.7468
4.2412,31.432,31.432,31.897
4.3166,31.5491,31.5491,32.0404
4.392,31.6638,31.6638,32.1769
4.4673,31.7759,31.7759,32.3064
4.5427,31.8856,31.8856,32.4291
4.6181,31.9929,31.9929,32.5449
4.6935,32.0978,32.0978,32.654
4.7688,32.2002,32.2002,32.7564
4.8442,32.3004,32.3004,32.8522
4.9196,32.3982,32.3982,32.9417
4.995,32.4937,32.4937,33.0251
5.0704,32.587,32.587,33.1024
5.1457,32.6779,32.6779,33.174
5.2211,32.7667,32.7667,33.2401
5.2965,32.8533,32.8533,33.3011
5.3719,32.9377,32.9377,33.357
5.4472,33.0199,33.0199,33.4084
5.5226,33.1001,33.1001,33.4554
5.598,33.1781,33.1781,33.4985
5.6734,33.2541,33.2541,33.5379
5.7487,33.328,33.328,33.5739
5.8241,33.3999,33.3999,33.607
5.8995,33.4698,33.4698,33.6375
5.9749,33.5378,33.5378,33.6657
6.0503,33.6038,33.6038,33.692
6.1256,33.6679,33.6679,33.7167
6.201,33.7301,33.7301,33.7401
6.2764,33.7904,33.7904,33.7626
6.3518,33.8489,33.8489,33.7846
6.4271,33.9056,33.9056,33.8062
6.5025,33.9606,33.9606,33.8279
6.5779,34.0137,34.0137,33.8499
6.6533,34.0651,34.0651,33.8724
6.7286,34.1148,34.1148,33.8958
6.804,34.1628,34.1628,33.9202
6.8794,34.2092,34.2092,33.9459
6.9548,34.2539,34.2539,33.973
7.0302,34.2971,34.2971,34.0018
7.1055,34.3386,34.3386,34.0323
7.1809,34.3786,34.3786,34.0646
7.2563,34.4171,34.4171,34.0989
7.3317,34.454,34.454,34.1352
7.407,34.4895,34.4895,34.1735
7.4824,34.5235,34.5235,34.2139
7.5578,34.5561,34.5561,34.2563
7.6332,34.5873,34.5873,34.3006
7.7085,34.6171,34.6171,34.3468
7.7839,34.6456,34.6456,34.3947
7.8593,34.6728,34.6728,34.4442
7.9347,34.6986,34.6986,34.4951
8.0101,34.7232,34.7232,34.5473
8.0854,34.7465,34.7465,34.6004
8.1608,34.7687,34.7687,34.6542
8.2362,34.7896,34.7896,34.7084
8.3116,34.8093,34.8093,34.7628
8.3869,34.8279,34.8279,34.8169
8.4623,34.8454,34.8454,34.8704
8.5377,34.8618,34.8618,34.9231
8.6131,34.8771,34.8771,34.9743
8.6884,34.8914,34.8914,35.0238
8.7638,34.9047,34.9047,35.0712
8.8392,34.917,34.917,35.116
8.9146,34.9283,34.9283,35.1577
8.9899,34.9387,34.9387,35.196
9.0653,34.9482,34.9482,35.2305
9.1407,34.9567,34.9567,35.2606
9.2161,34.9645,34.9645,35.286
9.2915,34.9713,34.9713,35.3064
9.3668,34.9774,34.9774,35.3212
9.4422,34.9827,34.9827,35.3303
9.5176,34.9872,34.9872,35.3332
9.593,34.991,34.991,35.3297
9.6683,34.9941,34.9941,35.3195
9.7437,34.9965,34.9965,35.3026
9.8191,34.9983,34.9983,35.2787
9.8945,34.9994,34.9994,35.2477
9.9698,35,35,35.2098
10.0452,34.9999,34.9999,35.1651
10.1206,34.9993,34.9993,35.1136
10.196,34.9982,34.9982,35.0557
10.2714,34.9965,34.9965,34.9918
10.3467,34.9944,34.9944,34.9223
10.4221,34.9918,34.9918,34.8481
10.4975,34.9889,34.9889,34.7697
10.5729,34.9855,34.9855,34.6882
10.6482,34.9817,34.9817,34.6046
10.7236,34.9776,34.9776,34.5203
10.799,34.9732,34.9732,34.4366
10.8744,34.9685,34.9685,34.3552
10.9497,34.9635,34.9635,34.2779
11.0251,34.9582,34.9582,34.2069
11.1005,34.9528,34.9528,34.1445
11.1759,34.9471,34.9471,34.0932
11.2513,34.9413,34.9413,34.0558
11.3266,34.9354,34.9354,34.0356
11.402,34.9293,34.9293,34.0359
11.4774,34.9231,34.9231,34.0604
11.5528,34.9169,34.9169,34.1132
11.6281,34.9106,34.9106,34.1989
11.7035,34.9043,34.9043,34.322
11.7789,34.8981,34.8981,34.4879
11.8543,34.8918,34.8918,34.702
11.9296,34.8857,34.8857,34.9705
12.005,34.8796,34.8796,35.2997
12.0804,34.8736,34.8736,35.6966
12.1558,34.8678,34.8678,36.1686
12.2312,34.8622,34.8622,36.7236
12.3065,34.8567,34.8567,37.3701
12.3819,34.8515,34.8515,38.117
12.4573,34.8465,34.8465,38.9739
12.5327,34.8417,34.8417,39.9511
12.608,34.8373,34.8373,41.0593
12.6834,34.8332,34.8332,42.3099
12.7588,34.8294,34.8294,43.7153
12.8342,34.826,34.826,45.2881
12.9095,34.823,34.823,47.042
12.9849,34.8205,34.8205,48.9912
13.0603,34.8183,34.8183,51.1511
13.1357,34.8167,34.8167,53.5374
13.2111,34.8155,34.8155,56.167
13.2864,34.8149,34.8149,59.0575
13.3618,34.8149,34.8149,62.2276
13.4372,34.8154,34.8154,65.6968
13.5126,34.8165,34.8165,69.4855
13.5879,34.8182,34.8182,73.6154
13.6633,34.8206,34.8206,78.1088
13.7387,34.8237,34.8237,82.9895
13.8141,34.8275,34.8275,88.2823
13.8894,34.832,34.832,94.0128
13.9648,34.8373,34.8373,100.2084
14.0402,34.8433,34.8433,106.8971
14.1156,34.8502,34.8502,114.1087
14.191,34.8579,34.8579,121.8739
14.2663,34.8665,34.8665,130.2249
14.3417,34.8759,34.8759,139.1953
14.4171,34.8863,34.8863,148.8201
14.4925,34.8976,34.8976,159.1357
14.5678,34.9098,34.9098,170.1801
14.6432,34.9231,34.9231,181.9928
14.7186,34.9373,34.9373,194.6148
14.794,34.9526,34.9526,208.089
14.8693,34.969,34.969,222.4597
14.9447,34.9865,34.9865,237.7732
15.0201,35.0051,35.0051,254.0772
15.0955,35.0248,35.0248,271.4216
15.1709,35.0457,35.0457,289.8581
15.2462,35.0678,35.0678,309.4401
15.3216,35.0911,35.0911,330.2233
15.397,35.1156,35.1156,352.2651
15.4724,35.1415,35.1415,375.6254
15.5477,35.1686,35.1686,400.3657
15.6231,35.197,35.197,426.5502
15.6985,35.2268,35.2268,454.245
15.7739,35.258,35.258,483.5187
15.8492,35.2906,35.2906,514.4422
15.9246,35.3246,35.3246,547.0888
16,35.36,35.36,581.5342
