"州","离婚率","华夫饼店","人口","南方"
Alabama,12.7,128,4.78,1
Alaska,12.5,0,0.71,0
Arizona,10.8,18,6.33,0
Arkansas,13.5,41,2.92,1
California,8,0,37.25,0
Colorado,11.6,11,5.03,0
Connecticut,6.7,0,3.57,0
Delaware,8.9,3,0.9,0
District of Columbia,6.3,0,0.6,0
Florida,8.5,133,18.8,1
Georgia,11.5,381,9.69,1
Hawaii,8.3,0,1.36,0
Idaho,7.7,0,1.57,0
Illinois,8,2,12.83,0
Indiana,11,17,6.48,0
Iowa,10.2,0,3.05,0
Kansas,10.6,6,2.85,0
Kentucky,12.6,64,4.34,1
Louisiana,11,66,4.53,1
Maine,13,0,1.33,0
Maryland,8.8,11,5.77,0
Massachusetts,7.8,0,6.55,0
Michigan,9.2,0,9.88,0
Minnesota,7.4,0,5.3,0
Mississippi,11.1,72,2.97,1
Missouri,9.5,39,5.99,1
Montana,9.1,0,0.99,0
Nebraska,8.8,0,1.83,0
New Hampshire,10.1,0,1.32,0
New Jersey,6.1,0,8.79,0
New Mexico,10.2,2,2.06,0
New York,6.6,0,19.38,0
North Carolina,9.9,142,9.54,1
North Dakota,8,0,0.67,0
Ohio,9.5,64,11.54,0
Oklahoma,12.8,16,3.75,0
Oregon,10.4,0,3.83,0
Pennsylvania,7.7,11,12.7,0
Rhode Island,9.4,0,1.05,0
South Carolina,8.1,144,4.63,1
South Dakota,10.9,0,0.81,0
Tennessee,11.4,103,6.35,1
Texas,10,99,25.15,1
Utah,10.2,0,2.76,0
Vermont,9.6,0,0.63,0
Virginia,8.9,40,8,1
Washington,10,0,6.72,0
West Virginia,10.9,4,1.85,1
Wisconsin,8.3,0,5.69,0
Wyoming,10.3,0,0.56,0
