weight_kg,density
3.200000000000000000e+01,5.635579937545667529e-05
3.210249999999999915e+01,6.181387525314465910e-05
3.220499999999999829e+01,6.776127095662600949e-05
3.230749999999999744e+01,7.423784044250766249e-05
3.240999999999999659e+01,8.128629545580789810e-05
3.251250000000000284e+01,8.895237495470821717e-05
3.261500000000000199e+01,9.728502148902242244e-05
3.271750000000000114e+01,1.063365645505951216e-04
3.282000000000000028e+01,1.161629108859514679e-04
3.292249999999999943e+01,1.268237417310889045e-04
3.302499999999999858e+01,1.383827168951858922e-04
3.312749999999999773e+01,1.509076855841745383e-04
3.322999999999999687e+01,1.644709038165161790e-04
3.333250000000000313e+01,1.791492582420737775e-04
3.343500000000000227e+01,1.950244961306786355e-04
3.353750000000000142e+01,2.121834612498269728e-04
3.364000000000000057e+01,2.307183353008588917e-04
3.374249999999999972e+01,2.507268845300730450e-04
3.384499999999999886e+01,2.723127110754682326e-04
3.394749999999999801e+01,2.955855085512613879e-04
3.404999999999999716e+01,3.206613213111085504e-04
3.415250000000000341e+01,3.476628067670917643e-04
3.425500000000000256e+01,3.767195000752052267e-04
3.435750000000000171e+01,4.079680804294429802e-04
3.446000000000000085e+01,4.415526381356774414e-04
3.456250000000000000e+01,4.776249415638159079e-04
3.466499999999999915e+01,5.163447030021250071e-04
3.476749999999999829e+01,5.578798423616584566e-04
3.486999999999999744e+01,6.024067476015149743e-04
3.497249999999999659e+01,6.501105306676574621e-04
3.507500000000000284e+01,7.011852776594376538e-04
3.517750000000000199e+01,7.558342918593294974e-04
3.528000000000000114e+01,8.142703281830651098e-04
3.538250000000000028e+01,8.767158175296131499e-04
3.548499999999999943e+01,9.434030794342080110e-04
3.558749999999999858e+01,1.014574521352851156e-03
3.568999999999999773e+01,1.090482822834373160e-03
3.579249999999999687e+01,1.171391102766603529e-03
3.589499999999999602e+01,1.257573067817017087e-03
3.599750000000000227e+01,1.349313140126237641e-03
3.610000000000000142e+01,1.446906562255290910e-03
3.620250000000000057e+01,1.550659477335618319e-03
3.630499999999999972e+01,1.660888982324661188e-03
3.640749999999999886e+01,1.777923152230678847e-03
3.650999999999999801e+01,1.902101033138519498e-03
3.661249999999999716e+01,2.033772601844288045e-03
3.671500000000000341e+01,2.173298689891969230e-03
3.681750000000000256e+01,2.321050869799521753e-03
3.692000000000000171e+01,2.477411301267054815e-03
3.702250000000000085e+01,2.642772535175049505e-03
3.712500000000000000e+01,2.817537273208250460e-03
3.722749999999999915e+01,3.002118080980219293e-03
3.732999999999999829e+01,3.196937052585937730e-03
3.743249999999999744e+01,3.402425424575678155e-03
3.753499999999999659e+01,3.619023137423083188e-03
3.763750000000000284e+01,3.847178342654639614e-03
3.774000000000000199e+01,4.087346853916619220e-03
3.784250000000000114e+01,4.339991540380282696e-03
3.794500000000000028e+01,4.605581661025434127e-03
3.804749999999999943e+01,4.884592138498588566e-03
3.814999999999999858e+01,5.177502771413424951e-03
3.825249999999999773e+01,5.484797384148731511e-03
3.835499999999999687e+01,5.806962913402771535e-03
3.845749999999999602e+01,6.144488430982533549e-03
3.856000000000000227e+01,6.497864102541234949e-03
3.866250000000000142e+01,6.867580082227957815e-03
3.876500000000000057e+01,7.254125343479022291e-03
3.886749999999999972e+01,7.657986446459385393e-03
3.896999999999999886e+01,8.079646242956732213e-03
3.907249999999999801e+01,8.519582519836244733e-03
3.917499999999999716e+01,8.978266582482585106e-03
3.927750000000000341e+01,9.456161779984373350e-03
3.938000000000000256e+01,9.953721974155237823e-03
3.948250000000000171e+01,1.047138995483311644e-02
3.958500000000000085e+01,1.100959580425287833e-02
3.968750000000000000e+01,1.156875521364818596e-02
3.978999999999999915e+01,1.214926775560158483e-02
3.989249999999999829e+01,1.275151511602823362e-02
3.999499999999999744e+01,1.337585929004440899e-02
4.009749999999999659e+01,1.402264074633722060e-02
4.020000000000000284e+01,1.469217656501262646e-02
4.030250000000000199e+01,1.538475855425395708e-02
4.040500000000000114e+01,1.610065135147161972e-02
4.050750000000000028e+01,1.684009051496003148e-02
4.060999999999999943e+01,1.760328061240447675e-02
4.071249999999999858e+01,1.839039331288929574e-02
4.081499999999999773e+01,1.920156548935249285e-02
4.091749999999999687e+01,2.003689733870455195e-02
4.101999999999999602e+01,2.089645052708153164e-02
4.112250000000000227e+01,2.178024636792947472e-02
4.122500000000000142e+01,2.268826404081814713e-02
4.132750000000000057e+01,2.362043885905553559e-02
4.142999999999999972e+01,2.457666059431403913e-02
4.153249999999999886e+01,2.555677186659030195e-02
4.163499999999999801e+01,2.656056660789283402e-02
4.173749999999999716e+01,2.758778860808969516e-02
4.184000000000000341e+01,2.863813015134692233e-02
4.194249999999999545e+01,2.971123075154709706e-02
4.204500000000000171e+01,3.080667599499709725e-02
4.214750000000000085e+01,3.192399649860484800e-02
4.225000000000000000e+01,3.306266699154343514e-02
4.235249999999999915e+01,3.422210552820199175e-02
4.245499999999999829e+01,3.540167283997072700e-02
4.255749999999999744e+01,3.660067183310324740e-02
4.265999999999999659e+01,3.781834723955366379e-02
4.276250000000000284e+01,3.905388542729391899e-02
4.286500000000000199e+01,4.030641437618170952e-02
4.296750000000000114e+01,4.157500382497097968e-02
4.307000000000000028e+01,4.285866559453418295e-02
4.317249999999999943e+01,4.415635409180528048e-02
4.327499999999999858e+01,4.546696699835037214e-02
4.337749999999999773e+01,4.678934614683404047e-02
4.347999999999999687e+01,4.812227858797645669e-02
4.358249999999999602e+01,4.946449784988930093e-02
4.368500000000000227e+01,5.081468539094341486e-02
4.378750000000000142e+01,5.217147224655648702e-02
4.389000000000000057e+01,5.353344086950564268e-02
4.399249999999999972e+01,5.489912716255910402e-02
4.409499999999999886e+01,5.626702270140208212e-02
4.419749999999999801e+01,5.763557714499440571e-02
4.429999999999999716e+01,5.900320082965446189e-02
4.440250000000000341e+01,6.036826754231630621e-02
4.450499999999999545e+01,6.172911746755828377e-02
4.460750000000000171e+01,6.308406030216145988e-02
4.471000000000000085e+01,6.443137853011679517e-02
4.481250000000000000e+01,6.576933085018854541e-02
4.491499999999999915e+01,6.709615574733202026e-02
4.501749999999999829e+01,6.841007519849182095e-02
4.511999999999999744e+01,6.970929850255323801e-02
4.522249999999999659e+01,7.099202622350310465e-02
4.532500000000000284e+01,7.225645423517476629e-02
4.542749999999999488e+01,7.350077785531106134e-02
4.553000000000000114e+01,7.472319605608730708e-02
4.563250000000000028e+01,7.592191573768479473e-02
4.573499999999999943e+01,7.709515605102053304e-02
4.583749999999999858e+01,7.824115275529523739e-02
4.593999999999999773e+01,7.935816259565019182e-02
4.604249999999999687e+01,8.044446768590757246e-02
4.614499999999999602e+01,8.149837988112089426e-02
4.624750000000000227e+01,8.251824512448138749e-02
4.635000000000000142e+01,8.350244775301475519e-02
4.645250000000000057e+01,8.444941474646315560e-02
4.655499999999999972e+01,8.535761990377775665e-02
4.665749999999999886e+01,8.622558793175442993e-02
4.675999999999999801e+01,8.705189843052181520e-02
4.686249999999999716e+01,8.783518976084400687e-02
4.696500000000000341e+01,8.857416277852357689e-02
4.706749999999999545e+01,8.926758442158767848e-02
4.717000000000000171e+01,8.991429113640740656e-02
4.727250000000000085e+01,9.051319212943334525e-02
4.737500000000000000e+01,9.106327243183651166e-02
4.747749999999999915e+01,9.156359576500569530e-02
4.757999999999999829e+01,9.201330719558090121e-02
4.768249999999999744e+01,9.241163556948676916e-02
4.778499999999999659e+01,9.275789571526682487e-02
4.788750000000000284e+01,9.305149040790772208e-02
4.798999999999999488e+01,9.329191208527494450e-02
4.809250000000000114e+01,9.347874431025574027e-02
4.819500000000000028e+01,9.361166297271285297e-02
4.829749999999999943e+01,9.369043722639391891e-02
4.839999999999999858e+01,9.371493015700520235e-02
4.850249999999999773e+01,9.368509917874345838e-02
4.860500000000000398e+01,9.360099615767852876e-02
4.870749999999999602e+01,9.346276726148615432e-02
4.881000000000000227e+01,9.327065253614051643e-02
4.891249999999999432e+01,9.302498521128250986e-02
4.901500000000000057e+01,9.272619073707691340e-02
4.911749999999999972e+01,9.237478555645572964e-02
4.921999999999999886e+01,9.197137561770624137e-02
4.932249999999999801e+01,9.151665463340047380e-02
4.942499999999999716e+01,9.101140209266798953e-02
4.952750000000000341e+01,9.045648103478394486e-02
4.962999999999999545e+01,8.985283559297285727e-02
4.973250000000000171e+01,8.920148831821073099e-02
4.983499999999999375e+01,8.850353729364315858e-02
4.993750000000000000e+01,8.776015305101178554e-02
5.003999999999999915e+01,8.697257530120723612e-02
5.014249999999999829e+01,8.614210949172129705e-02
5.024499999999999744e+01,8.527012320437103721e-02
5.034749999999999659e+01,8.435804240719323166e-02
5.045000000000000284e+01,8.340734757486893691e-02
5.055249999999999488e+01,8.241956969242764108e-02
5.065500000000000114e+01,8.139628615729564698e-02
5.075750000000000028e+01,8.033911659500228564e-02
5.085999999999999943e+01,7.924971860402277302e-02
5.096249999999999858e+01,7.812978344534025898e-02
5.106499999999999773e+01,7.698103169233067034e-02
5.116750000000000398e+01,7.580520885652848595e-02
5.126999999999999602e+01,7.460408100471310755e-02
5.137250000000000227e+01,7.337943038256627970e-02
5.147499999999999432e+01,7.213305105990064359e-02
5.157750000000000057e+01,7.086674461213182674e-02
5.167999999999999972e+01,6.958231585229335270e-02
5.178249999999999886e+01,6.828156862744240441e-02
5.188499999999999801e+01,6.696630169281411749e-02
5.198749999999999716e+01,6.563830467652664868e-02
5.209000000000000341e+01,6.429935414704196495e-02
5.219249999999999545e+01,6.295120979494252256e-02
5.229500000000000171e+01,6.159561073989768681e-02
5.239749999999999375e+01,6.023427197297712143e-02
5.250000000000000000e+01,5.886888094370695129e-02
5.260249999999999915e+01,5.750109430049459014e-02
5.270499999999999829e+01,5.613253479223452580e-02
5.280749999999999744e+01,5.476478833809445002e-02
5.290999999999999659e+01,5.339940127164129885e-02
5.301250000000000284e+01,5.203787776462526909e-02
5.311499999999999488e+01,5.068167743489255389e-02
5.321750000000000114e+01,4.933221314204701280e-02
5.332000000000000028e+01,4.799084897364368912e-02
5.342249999999999943e+01,4.665889842385485126e-02
5.352499999999999858e+01,4.533762276573549688e-02
5.362749999999999773e+01,4.402822961740557317e-02
5.373000000000000398e+01,4.273187170168349369e-02
5.383249999999999602e+01,4.144964579794586934e-02
5.393500000000000227e+01,4.018259188425225836e-02
5.403749999999999432e+01,3.893169246707604142e-02
5.414000000000000057e+01,3.769787209530395949e-02
5.424249999999999972e+01,3.648199705454179681e-02
5.434499999999999886e+01,3.528487523715613527e-02
5.444749999999999801e+01,3.410725618293247025e-02
5.454999999999999716e+01,3.294983128470738154e-02
5.465250000000000341e+01,3.181323415286035211e-02
5.475499999999999545e+01,3.069804113211954677e-02
5.485750000000000171e+01,2.960477196374639366e-02
5.495999999999999375e+01,2.853389058582699034e-02
5.506250000000000000e+01,2.748580606409292346e-02
5.516499999999999915e+01,2.646087364545102183e-02
5.526749999999999829e+01,2.545939592618445130e-02
5.536999999999999744e+01,2.448162412663156678e-02
5.547249999999999659e+01,2.352775946402306875e-02
5.557500000000000284e+01,2.259795461508281103e-02
5.567749999999999488e+01,2.169231525995943266e-02
5.578000000000000114e+01,2.081090169905780440e-02
5.588250000000000028e+01,1.995373053438367211e-02
5.598499999999999943e+01,1.912077640708659612e-02
5.608749999999999858e+01,1.831197378300418108e-02
5.618999999999999773e+01,1.752721877815107202e-02
5.629249999999999687e+01,1.676637101627365817e-02
5.639499999999999602e+01,1.602925551079419433e-02
5.649750000000000227e+01,1.531566456369850594e-02
5.659999999999999432e+01,1.462535967417513162e-02
5.670250000000000057e+01,1.395807345008829269e-02
5.680499999999999972e+01,1.331351151566434986e-02
5.690749999999999886e+01,1.269135440907893930e-02
5.700999999999999801e+01,1.209125946396211876e-02
5.711249999999999716e+01,1.151286266917447322e-02
5.721500000000000341e+01,1.095578050155646480e-02
5.731749999999999545e+01,1.041961172670937373e-02
5.742000000000000171e+01,9.903939163226630621e-03
5.752249999999999375e+01,9.408331406161431557e-03
5.762500000000000000e+01,8.932344505879569185e-03
5.772749999999999915e+01,8.475523598816255694e-03
5.782999999999999829e+01,8.037404487015016585e-03
5.793249999999999744e+01,7.617515163689653895e-03
5.803499999999999659e+01,7.215377282401496534e-03
5.813750000000000284e+01,6.830507567791920670e-03
5.823999999999999488e+01,6.462419166147523319e-03
5.834250000000000114e+01,6.110622934402873234e-03
5.844499999999999318e+01,5.774628666504177769e-03
5.854749999999999943e+01,5.453946256359737572e-03
5.864999999999999858e+01,5.148086796897944836e-03
5.875249999999999773e+01,4.856563615028886699e-03
5.885499999999999687e+01,4.578893242571976940e-03
5.895749999999999602e+01,4.314596323459291873e-03
5.906000000000000227e+01,4.063198457758785374e-03
5.916249999999999432e+01,3.824230983279171270e-03
5.926500000000000057e+01,3.597231695720035614e-03
5.936749999999999972e+01,3.381745508517725561e-03
5.946999999999999886e+01,3.177325053706120655e-03
5.957249999999999801e+01,2.983531225267033529e-03
5.967499999999999716e+01,2.799933666582231796e-03
5.977750000000000341e+01,2.626111203722326752e-03
5.987999999999999545e+01,2.461652226415443623e-03
5.998250000000000171e+01,2.306155018630855810e-03
6.008499999999999375e+01,2.159228040791996966e-03
6.018750000000000000e+01,2.020490165696503613e-03
6.028999999999999915e+01,1.889570870273385829e-03
6.039249999999999829e+01,1.766110385344477019e-03
6.049499999999999744e+01,1.649759805584445713e-03
6.059749999999999659e+01,1.540181161887686908e-03
6.070000000000000284e+01,1.437047458354420281e-03
6.080249999999999488e+01,1.340042676101993241e-03
6.090500000000000114e+01,1.248861746091295280e-03
6.100749999999999318e+01,1.163210493134068111e-03
6.110999999999999943e+01,1.082805553213586321e-03
6.121249999999999858e+01,1.007374266211942797e-03
6.131499999999999773e+01,9.366545460898331645e-04
6.141749999999999687e+01,8.703947305127093803e-04
6.151999999999999602e+01,8.083534118589400094e-04
6.162250000000000227e+01,7.502992514832763221e-04
6.172499999999999432e+01,6.960107790424269756e-04
6.182750000000000057e+01,6.452761786195816565e-04
6.192999999999999972e+01,5.978930633123185527e-04
6.203249999999999886e+01,5.536682398731481445e-04
6.213499999999999801e+01,5.124174649157371307e-04
6.223749999999999716e+01,4.739651941219072623e-04
6.234000000000000341e+01,4.381443258062067865e-04
6.244249999999999545e+01,4.047959401161655823e-04
6.254500000000000171e+01,3.737690350677806890e-04
6.264749999999999375e+01,3.449202605379600461e-04
6.275000000000000000e+01,3.181136512583431202e-04
6.285249999999999915e+01,2.932203597793264630e-04
6.295499999999999829e+01,2.701183902984994841e-04
6.305749999999999744e+01,2.486923341752809362e-04
6.315999999999999659e+01,2.288331078827971605e-04
6.326250000000000284e+01,2.104376940796508818e-04
6.336499999999999488e+01,1.934088864181243695e-04
6.346750000000000114e+01,1.776550386417424267e-04
6.356999999999999318e+01,1.630898184642158859e-04
6.367249999999999943e+01,1.496319666634015374e-04
6.377499999999999858e+01,1.372050617685772035e-04
6.387749999999999773e+01,1.257372906665583739e-04
6.397999999999999687e+01,1.151612254025088906e-04
6.408249999999999602e+01,1.054136064043470673e-04
6.418500000000000227e+01,9.643513231565167473e-05
6.428749999999999432e+01,8.817025658082135913e-05
6.439000000000000057e+01,8.056699088787994112e-05
6.449250000000000682e+01,7.357671553880237825e-05
6.459499999999999886e+01,6.715399678434100662e-05
6.469749999999999091e+01,6.125641113018391766e-05
6.479999999999999716e+01,5.584437659363868854e-05
6.490250000000000341e+01,5.088099086490366417e-05
6.500499999999999545e+01,4.633187630424914267e-05
6.510749999999998749e+01,4.216503168600672403e-05
6.521000000000000796e+01,3.835069058202144200e-05
6.531250000000000000e+01,3.486118626108383094e-05
6.541499999999999204e+01,3.167082296668991909e-05
6.551749999999999829e+01,2.875575342324219230e-05
6.562000000000000455e+01,2.609386241026807573e-05
6.572249999999999659e+01,2.366465623541767315e-05
6.582499999999998863e+01,2.144915792972038854e-05
6.592749999999999488e+01,1.942980798275119057e-05
6.603000000000000114e+01,1.759037043087093014e-05
6.613249999999999318e+01,1.591584410846206204e-05
6.623499999999999943e+01,1.439237886998405826e-05
6.633750000000000568e+01,1.300719658962118513e-05
6.643999999999999773e+01,1.174851674518335078e-05
6.654249999999998977e+01,1.060548639369148341e-05
6.664499999999999602e+01,9.568114347610758591e-06
6.674750000000000227e+01,8.627209362925724042e-06
6.684999999999999432e+01,7.774322153098128387e-06
6.695250000000000057e+01,7.001691046338934458e-06
6.705500000000000682e+01,6.302191107487501786e-06
6.715749999999999886e+01,5.669286550057609884e-06
6.725999999999999091e+01,5.096986268627305213e-06
6.736249999999999716e+01,4.579802326652720984e-06
6.746500000000000341e+01,4.112711239924188577e-06
6.756749999999999545e+01,3.691117901209477326e-06
6.766999999999998749e+01,3.310821997097236194e-06
6.777250000000000796e+01,2.967986773621180913e-06
6.787500000000000000e+01,2.659110012875534742e-06
6.797749999999999204e+01,2.380997088490471223e-06
6.807999999999999829e+01,2.130735973494210833e-06
6.818250000000000455e+01,1.905674079712142438e-06
6.828499999999999659e+01,1.703396813425074432e-06
6.838749999999998863e+01,1.521707737503214633e-06
6.848999999999999488e+01,1.358610235630859729e-06
6.859250000000000114e+01,1.212290579522783700e-06
6.869499999999999318e+01,1.081102305193127651e-06
6.879749999999999943e+01,9.635518093591965700e-07
6.890000000000000568e+01,8.582850819353001215e-07
6.900249999999999773e+01,7.640754952879317643e-07
6.910499999999998977e+01,6.798125754774821281e-07
6.920749999999999602e+01,6.044916850975826487e-07
6.931000000000000227e+01,5.372045515380385154e-07
6.941249999999999432e+01,4.771305785394306202e-07
6.951500000000000057e+01,4.235288827757197105e-07
6.961750000000000682e+01,3.757310008957663175e-07
6.971999999999999886e+01,3.331342159764078690e-07
6.982249999999999091e+01,2.951954556913717174e-07
6.992499999999999716e+01,2.614257176835528425e-07
7.002750000000000341e+01,2.313849806468248887e-07
7.012999999999999545e+01,2.046775624812727659e-07
7.023249999999998749e+01,1.809478895868439153e-07
7.033500000000000796e+01,1.598766439093698852e-07
7.043750000000000000e+01,1.411772567547378250e-07
7.053999999999999204e+01,1.245927206467648177e-07
7.064249999999999829e+01,1.098926926277048807e-07
7.074500000000000455e+01,9.687086439207937916e-08
7.084749999999999659e+01,8.534257651097070219e-08
7.094999999999998863e+01,7.514265575012515761e-08
7.105249999999999488e+01,6.612345611694773700e-08
7.115500000000000114e+01,5.815308579421517084e-08
7.125749999999999318e+01,5.111380353761026682e-08
7.135999999999999943e+01,4.490056943536106913e-08
7.146250000000000568e+01,3.941973615661211062e-08
7.156499999999999773e+01,3.458786795581288124e-08
7.166749999999998977e+01,3.033067575843829156e-08
7.176999999999999602e+01,2.658205763354277394e-08
7.187250000000000227e+01,2.328323486570295557e-08
7.197499999999999432e+01,2.038197467734079698e-08
7.207750000000000057e+01,1.783189142656327972e-08
7.218000000000000682e+01,1.559181881964457678e-08
7.228249999999999886e+01,1.362524633506554970e-08
7.238499999999999091e+01,1.189981366142001584e-08
7.248749999999999716e+01,1.038685750804595095e-08
7.259000000000000341e+01,9.061005658365985788e-09
7.269249999999999545e+01,7.899813604846532013e-09
7.279499999999998749e+01,6.883439534252910385e-09
7.289750000000000796e+01,5.994353825357205193e-09
7.300000000000000000e+01,5.217079581150771735e-09
