height,mean,mean_lower89,mean_upper89,new_lower89,new_upper89
1.365250000000000057e+02,3.363624986980332210e+01,3.272064179840322140e+01,3.455159844045859074e+01,2.681384100178871321e+01,4.046249239791461605e+01
1.370568125000000066e+02,3.397059850717737106e+01,3.307754794867274484e+01,3.486351071397410095e+01,2.714863078077063108e+01,4.079471168906134437e+01
1.375886250000000075e+02,3.430494714455141292e+01,3.343469367727441011e+01,3.517516233588876418e+01,2.748383806939638063e+01,4.112518707816882824e+01
1.381204375000000084e+02,3.463929578192545478e+01,3.379139225823487891e+01,3.548691451052690837e+01,2.782303367469052802e+01,4.145440953731186795e+01
1.386522500000000093e+02,3.497364441929950374e+01,3.414825967127788431e+01,3.579898572261201650e+01,2.816093306892573978e+01,4.178650513883584239e+01
1.391840625000000102e+02,3.530799305667354560e+01,3.450499447806869568e+01,3.611125071779130735e+01,2.849699240638092590e+01,4.211607695515027672e+01
1.397158750000000111e+02,3.564234169404758745e+01,3.486106839389753986e+01,3.642356510658201785e+01,2.883647685816115924e+01,4.244865443536811966e+01
1.402476875000000121e+02,3.597669033142163642e+01,3.521734943897632064e+01,3.673584488734014997e+01,2.917041117212695056e+01,4.278232007956416538e+01
1.407795000000000130e+02,3.631103896879567827e+01,3.557363317468838915e+01,3.704873027718303291e+01,2.950887230819218487e+01,4.311432518103633527e+01
1.413113125000000139e+02,3.664538760616972013e+01,3.592930893601890574e+01,3.736136844319175054e+01,2.984537593142962919e+01,4.344829009869342684e+01
1.418431250000000148e+02,3.697973624354376909e+01,3.628501909487076915e+01,3.767451585798449543e+01,3.018301585212755711e+01,4.377895152953507818e+01
1.423749375000000157e+02,3.731408488091781095e+01,3.664040269030304131e+01,3.798798384403789896e+01,3.051817806332583416e+01,4.411143659239396442e+01
1.429067500000000166e+02,3.764843351829185281e+01,3.699566860364701171e+01,3.830131911608557971e+01,3.085500794701522054e+01,4.444185430559328154e+01
1.434385624999999891e+02,3.798278215566588756e+01,3.735032664273869329e+01,3.861506416069028091e+01,3.119258329582914868e+01,4.477206159974106470e+01
1.439703749999999900e+02,3.831713079303992231e+01,3.770487860953988957e+01,3.892932448485010610e+01,3.152977124618803728e+01,4.510254046667743921e+01
1.445021874999999909e+02,3.865147943041397127e+01,3.805924958805204739e+01,3.924368535930307189e+01,3.186416608926489147e+01,4.543884882988447060e+01
1.450339999999999918e+02,3.898582806778802023e+01,3.841296263560210633e+01,3.955871622633628704e+01,3.219925845485272475e+01,4.577248273903492759e+01
1.455658124999999927e+02,3.932017670516206920e+01,3.876631786863264750e+01,3.987397342091856700e+01,3.253626370472783691e+01,4.610570846906362164e+01
1.460976249999999936e+02,3.965452534253611105e+01,3.911927072874653533e+01,4.018970096143687698e+01,3.287019996184950799e+01,4.643638914856771294e+01
1.466294374999999945e+02,3.998887397991015291e+01,3.947159998536967862e+01,4.050606938877675134e+01,3.320823236096235576e+01,4.676910926914188593e+01
1.471612499999999955e+02,4.032322261728419477e+01,3.982360056211388866e+01,4.082301068409608291e+01,3.354650233112311497e+01,4.710313392117766540e+01
1.476930624999999964e+02,4.065757125465823663e+01,4.017464065987281430e+01,4.114032632241470111e+01,3.387966500398075453e+01,4.743617192713079334e+01
1.482248749999999973e+02,4.099191989203228559e+01,4.052520704641293037e+01,4.145877548176213878e+01,3.421604593479584366e+01,4.777095894488045502e+01
1.487566874999999982e+02,4.132626852940632034e+01,4.087485508689768920e+01,4.177763107568053158e+01,3.455081130997854899e+01,4.810400751019817989e+01
1.492884999999999991e+02,4.166061716678036930e+01,4.122365648578971076e+01,4.209754203411058171e+01,3.488755862191502644e+01,4.843654903550975632e+01
1.498203125000000000e+02,4.199496580415441827e+01,4.157152884316558783e+01,4.241832354252962034e+01,3.522190242135806670e+01,4.877211222702356963e+01
1.503521250000000009e+02,4.232931444152846723e+01,4.191830943095020245e+01,4.274033410929297361e+01,3.555507736756258197e+01,4.910585600708343179e+01
1.508839375000000018e+02,4.266366307890250908e+01,4.226406720532803973e+01,4.306325827955868846e+01,3.588965851541779273e+01,4.943740329320666405e+01
1.514157500000000027e+02,4.299801171627655094e+01,4.260853574423298795e+01,4.338752833646809393e+01,3.622328365757737600e+01,4.977201225035088328e+01
1.519475625000000036e+02,4.333236035365059280e+01,4.295158514079537326e+01,4.371316219541601811e+01,3.655922235913747897e+01,5.010509261409037407e+01
1.524793750000000045e+02,4.366670899102463466e+01,4.329333012245537304e+01,4.404009824534043105e+01,3.689630171836544292e+01,5.043936471446975389e+01
1.530111875000000055e+02,4.400105762839868362e+01,4.363328279224390371e+01,4.436877092372712639e+01,3.722967214596977925e+01,5.077370122165485355e+01
1.535430000000000064e+02,4.433540626577273258e+01,4.397180983791668041e+01,4.469900717220858155e+01,3.756458066172397992e+01,5.110988139014226306e+01
1.540748125000000073e+02,4.466975490314676733e+01,4.430872951421947903e+01,4.503078841708975943e+01,3.789980963011304027e+01,5.144387545593432520e+01
1.546066250000000082e+02,4.500410354052081630e+01,4.464388167379939887e+01,4.536432960273877057e+01,3.823421119111867483e+01,5.177786703471076635e+01
1.551384375000000091e+02,4.533845217789485815e+01,4.497735231058922523e+01,4.569951294035470113e+01,3.856988032311961945e+01,5.210942066296442476e+01
1.556702500000000100e+02,4.567280081526890712e+01,4.530908200163590038e+01,4.603646907542870537e+01,3.890244845555641007e+01,5.244421127284851281e+01
1.562020625000000109e+02,4.600714945264294897e+01,4.563919921296736248e+01,4.637505210637960573e+01,3.923472184892477088e+01,5.277856842275797788e+01
1.567338750000000118e+02,4.634149809001699793e+01,4.596776528297605324e+01,4.671521595523706338e+01,3.956713419173029678e+01,5.311691668453430992e+01
1.572656875000000127e+02,4.667584672739103979e+01,4.629489061320743559e+01,4.705688142190147261e+01,3.990112300178925864e+01,5.345344402553642738e+01
1.577975000000000136e+02,4.701019536476508165e+01,4.662029480744851639e+01,4.740008647512185291e+01,4.023401074129329658e+01,5.378935155498321308e+01
1.583293124999999861e+02,4.734454400213910930e+01,4.694451467281798074e+01,4.774453634342145136e+01,4.056929219209917648e+01,5.412186548159931476e+01
1.588611249999999870e+02,4.767889263951315115e+01,4.726763095782276736e+01,4.809040722785764643e+01,4.090456178049339542e+01,5.445832446803596838e+01
1.593929374999999879e+02,4.801324127688719301e+01,4.758930970970519070e+01,4.843710648332962876e+01,4.123701374869104797e+01,5.479383459550921742e+01
1.599247499999999889e+02,4.834758991426124197e+01,4.791012290830200016e+01,4.878500899502032695e+01,4.157044042629381408e+01,5.512640822160432919e+01
1.600000000000000000e+02,4.839489932305174591e+01,4.795544253959606351e+01,4.883438086619950980e+01,4.161704013662613733e+01,5.517351798322800249e+01
1.604565624999999898e+02,4.868193855163528383e+01,4.823001729643073787e+01,4.913387313695773173e+01,4.190170796605877968e+01,5.546018167986098746e+01
1.609883749999999907e+02,4.901628718900933279e+01,4.854893607609407269e+01,4.948370120737462940e+01,4.223335258569046147e+01,5.579532082705304674e+01
1.615201874999999916e+02,4.935063582638338175e+01,4.886724537363328125e+01,4.983409987577208966e+01,4.257069819187030646e+01,5.613162829396995335e+01
1.620519999999999925e+02,4.968498446375741651e+01,4.918473234691710161e+01,5.018526636029170618e+01,4.290323535501652685e+01,5.646865769187156303e+01
1.625838124999999934e+02,5.001933310113146547e+01,4.950151799616377701e+01,5.053709270377628826e+01,4.323559465954286196e+01,5.680220213185628353e+01
1.631156249999999943e+02,5.035368173850550733e+01,4.981774653769900851e+01,5.088955264719385241e+01,4.356875057141174779e+01,5.713563360325136387e+01
1.636474374999999952e+02,5.068803037587954918e+01,5.013347359960382477e+01,5.124236217681878003e+01,4.390300083628177674e+01,5.747002460851556549e+01
1.641792499999999961e+02,5.102237901325359815e+01,5.044895517229542037e+01,5.159582852349564064e+01,4.423853437087871043e+01,5.780799258265534490e+01
1.647110624999999970e+02,5.135672765062764000e+01,5.076362775031432051e+01,5.194971350124811238e+01,4.457057528601296781e+01,5.814519873579168774e+01
1.652428749999999980e+02,5.169107628800168186e+01,5.107825553197459811e+01,5.230401134569846988e+01,4.490163448487871278e+01,5.848124585967386224e+01
1.657746874999999989e+02,5.202542492537573082e+01,5.139228269997825294e+01,5.265851584082248849e+01,4.523510977201541294e+01,5.881657330040899723e+01
1.663064999999999998e+02,5.235977356274977979e+01,5.170620535637169723e+01,5.301340284366605715e+01,4.556627034180078084e+01,5.915505346549473131e+01
1.668383125000000007e+02,5.269412220012381454e+01,5.201989715216921439e+01,5.336848286080628156e+01,4.590061938617689918e+01,5.949250172480453358e+01
1.673701250000000016e+02,5.302847083749786350e+01,5.233281753423982252e+01,5.372406892045904669e+01,4.623141925838022104e+01,5.983037515926687178e+01
1.679019375000000025e+02,5.336281947487190536e+01,5.264597651485318863e+01,5.407973739373326083e+01,4.656364978790028886e+01,6.016411429082312878e+01
1.684337500000000034e+02,5.369716811224595432e+01,5.295867371518103539e+01,5.443550979961067071e+01,4.689531007860647804e+01,6.050104765698545606e+01
1.689655624999999759e+02,5.403151674961998197e+01,5.327144105749462710e+01,5.479148879645988757e+01,4.722709556230199723e+01,6.083648294464698836e+01
1.694973749999999768e+02,5.436586538699402382e+01,5.358392358263060373e+01,5.514777060912885531e+01,4.755977415552641929e+01,6.117176369785693879e+01
1.700291874999999777e+02,5.470021402436806568e+01,5.389615194138880838e+01,5.550438783277765964e+01,4.789168101703625524e+01,6.150807173236624692e+01
1.705609999999999786e+02,5.503456266174211464e+01,5.420821960770899040e+01,5.586084855459956344e+01,4.822264452429587323e+01,6.184491003099348205e+01
1.710928124999999795e+02,5.536891129911614939e+01,5.452017726577464884e+01,5.621755968311644835e+01,4.855272190358832773e+01,6.218267046918288798e+01
1.716246249999999804e+02,5.570325993649019836e+01,5.483218296966354899e+01,5.657434760970337351e+01,4.888596906165783196e+01,6.252042727532781896e+01
1.721564374999999814e+02,5.603760857386424732e+01,5.514398452661652783e+01,5.693125637795768057e+01,4.921623533097138647e+01,6.285766954433288589e+01
1.726882499999999823e+02,5.637195721123828918e+01,5.545543120174912133e+01,5.728847928144831769e+01,4.954821655726424012e+01,6.319459333231355203e+01
1.732200624999999832e+02,5.670630584861233103e+01,5.576672950325056632e+01,5.764551937995375397e+01,4.987768824935202616e+01,6.353280154300443883e+01
1.737518749999999841e+02,5.704065448598638000e+01,5.607828099153287837e+01,5.800255310393104935e+01,5.020971406357406863e+01,6.387291944628673690e+01
1.742836874999999850e+02,5.737500312336042896e+01,5.638992636582776186e+01,5.836035164411729426e+01,5.053935791032696301e+01,6.421065493379350642e+01
1.748154999999999859e+02,5.770935176073446371e+01,5.670111160477220835e+01,5.871778196311127118e+01,5.086960759763338302e+01,6.454879913959555893e+01
1.753473124999999868e+02,5.804370039810851267e+01,5.701197706562585665e+01,5.907520782956376593e+01,5.120225720371429645e+01,6.488719134164495017e+01
1.758791249999999877e+02,5.837804903548255453e+01,5.732336114492595414e+01,5.943274757793562912e+01,5.153320321511070290e+01,6.522485670216615006e+01
1.764109374999999886e+02,5.871239767285660349e+01,5.763448013631879974e+01,5.979055691528844818e+01,5.186592868413031709e+01,6.556411296759377194e+01
1.769427499999999895e+02,5.904674631023064535e+01,5.794540273354786564e+01,6.014796624969905281e+01,5.219576816564822508e+01,6.590030779839730712e+01
1.774745624999999905e+02,5.938109494760468721e+01,5.825640207969311746e+01,6.050610099630532090e+01,5.252476469617977983e+01,6.623894930379796619e+01
1.780063749999999914e+02,5.971544358497872906e+01,5.856720450620994001e+01,6.086370478096688430e+01,5.285368070158524745e+01,6.657817888568241926e+01
1.785381874999999923e+02,6.004979222235277803e+01,5.887792815897962839e+01,6.122159210143221486e+01,5.318415842526107440e+01,6.691263220234043274e+01
1.790699999999999932e+02,6.038414085972682699e+01,5.918836073196818148e+01,6.157931933687849835e+01,5.351093098612778931e+01,6.725233758273233775e+01
