prior_alpha,prior_beta,posterior_alpha,posterior_beta
6.656224090382704617e+01,2.033161159160790377e-01,4.507999999999999829e+01,6.320000000000000062e-01
5.766876445093176073e+01,3.774562463050353256e-01,4.496000000000000085e+01,6.180000000000001048e-01
5.095972347566716820e+01,7.555950300373706074e-01,4.532000000000000028e+01,6.495000000000000773e-01
5.548278606920801792e+01,4.367670149913605027e-01,4.460000000000000142e+01,6.355000000000000648e-01
5.941739477070254338e+01,1.177296425504943178e+00,4.500000000000000000e+01,5.969999999999999751e-01
5.789518613448760220e+01,5.050354391514076946e-01,4.515999999999999659e+01,5.865000000000000213e-01
5.434105943823601592e+01,1.679145326278277117e-01,4.500000000000000000e+01,6.950000000000000622e-01
4.584859610838817900e+01,1.706895333866017550e+00,4.520000000000000284e+01,6.460000000000000187e-01
5.160588976881706458e+01,1.590875701787184626e+00,4.475999999999999801e+01,6.320000000000000062e-01
7.232843351459895587e+01,2.480177633451994545e-01,4.532000000000000028e+01,6.530000000000000249e-01
4.542054195261545857e+01,3.846009442454076943e+00,4.539999999999999858e+01,5.969999999999999751e-01
5.672192916944024432e+01,8.315435732102781641e-01,4.503999999999999915e+01,6.180000000000001048e-01
6.484323562851857048e+01,3.607505413346178136e-01,4.515999999999999659e+01,6.285000000000000586e-01
4.859397176576585053e+01,5.966015264179779232e-01,4.460000000000000142e+01,6.355000000000000648e-01
5.083221636179031577e+01,1.787246551943617590e+00,4.539999999999999858e+01,6.355000000000000648e-01
7.107298551114620011e+01,3.652190419764484997e-01,4.520000000000000284e+01,6.075000000000000400e-01
5.891761550183564111e+01,1.467777303744976169e+00,4.484000000000000341e+01,6.460000000000000187e-01
6.631613876862351731e+01,1.810095276963025857e+00,4.507999999999999829e+01,6.425000000000000711e-01
3.805736404898176062e+01,3.781575023787110412e-01,4.475999999999999801e+01,6.460000000000000187e-01
5.247126106960424607e+01,1.401254236200573988e+00,4.496000000000000085e+01,6.810000000000000497e-01
4.255537241496121226e+01,1.150645489841165992e+00,4.452000000000000313e+01,6.530000000000000249e-01
7.233144906020680764e+01,6.811017457446573165e-01,4.503999999999999915e+01,6.460000000000000187e-01
6.604099665640610795e+01,9.226106799349381715e-01,4.535999999999999943e+01,6.005000000000000338e-01
7.011182694882987221e+01,1.178691079896815541e+00,4.479999999999999716e+01,6.985000000000000098e-01
6.006036756935139920e+01,3.817195301719484846e-01,4.500000000000000000e+01,6.600000000000000311e-01
5.806235826722071636e+01,5.210648905939212483e-01,4.564000000000000057e+01,6.145000000000000462e-01
6.182982158946870754e+01,6.804346457601353038e+00,4.515999999999999659e+01,5.690000000000000613e-01
6.913217025338768451e+01,3.621956836899001830e-01,4.471999999999999886e+01,5.969999999999999751e-01
6.778752503382304440e+01,9.889219643680847716e-01,4.507999999999999829e+01,6.425000000000000711e-01
6.014967414393158407e+01,1.589417823564597709e+00,4.503999999999999915e+01,6.215000000000000524e-01
5.788489815516467729e+01,1.389083288632599666e+00,4.479999999999999716e+01,5.865000000000000213e-01
6.426281643419299883e+01,5.836986399901752387e-01,4.488000000000000256e+01,6.215000000000000524e-01
4.635910934948933004e+01,2.145279472758779615e+00,4.507999999999999829e+01,6.530000000000000249e-01
6.023185882368935040e+01,9.417997379726796847e-01,4.488000000000000256e+01,6.390000000000000124e-01
7.050989166472427883e+01,1.876571140370956403e+00,4.528000000000000114e+01,6.705000000000000959e-01
5.698385085065046241e+01,6.779842414803199935e-01,4.479999999999999716e+01,6.250000000000000000e-01
6.209774456002781307e+01,8.444303565497500719e-01,4.492000000000000171e+01,6.180000000000001048e-01
5.772065733268044596e+01,2.640399510096649749e+00,4.511999999999999744e+01,6.250000000000000000e-01
6.549567199926829630e+01,3.139392637766836303e-01,4.503999999999999915e+01,6.109999999999999876e-01
5.640367438933279232e+01,8.416189785854978567e+00,4.520000000000000284e+01,6.495000000000000773e-01
