x,y,centered_product,normal_density,weighted_integrand
-3,9,-24,0.00443184841193801,-0.106364361886512
-2.99,8.9401,-23.740899,0.00456658995467015,-0.108414950888239
-2.98,8.8804,-23.483592,0.00470495752693398,-0.110489302939847
-2.97,8.8209,-23.228073,0.00484703290597894,-0.112587234173481
-2.96,8.7616,-22.974336,0.00499289921361238,-0.114708544147666
-2.95,8.7025,-22.722375,0.00514264092305394,-0.116853015543978
-2.94,8.6436,-22.472184,0.00529634386531102,-0.11902041386854
-2.93,8.5849,-22.223757,0.00545409523505655,-0.121210487158755
-2.92,8.5264,-21.977088,0.00561598359599097,-0.12342296569565
-2.91,8.4681,-21.732171,0.00578209888566947,-0.125657561722278
-2.9,8.41,-21.489,0.00595253241977585,-0.127913969168563
-2.89,8.3521,-21.247569,0.00612737689582369,-0.13019186338302
-2.88,8.2944,-21.007872,0.00630672639626593,-0.132490900871776
-2.87,8.2369,-20.769903,0.00649067639099336,-0.134810719045322
-2.86,8.1796,-20.533656,0.00667932373920262,-0.13715093597342
-2.85,8.1225,-20.299125,0.00687276669061397,-0.139511150148609
-2.84,8.0656,-20.066304,0.00707110488601945,-0.141890940258752
-2.83,8.0089,-19.835187,0.00727443935714122,-0.144289864969056
-2.82,7.9524,-19.605768,0.00748287252578056,-0.146707462714028
-2.81,7.8961,-19.378041,0.00769650820223732,-0.149143251499791
-2.8,7.84,-19.152,0.00791545158297997,-0.151596728717232
-2.79,7.7841,-18.927639,0.00813980924754602,-0.154067370966413
-2.78,7.7284,-18.704952,0.00836968915465303,-0.156554633892706
-2.77,7.6729,-18.483933,0.00860520063749967,-0.159057952035101
-2.76,7.6176,-18.264576,0.00884645439823723,-0.161576738687138
-2.75,7.5625,-18.046875,0.00909356250159105,-0.164110385770901
-2.74,7.5076,-17.830824,0.00934663836761228,-0.166658263724542
-2.73,7.4529,-17.616417,0.00960579676353959,-0.169219721403764
-2.72,7.3984,-17.403648,0.00987115379475115,-0.171794085997713
-2.71,7.3441,-17.192511,0.0101428268947871,-0.174380662959723
-2.7,7.29,-16.983,0.0104209348144226,-0.176978735953339
-2.69,7.2361,-16.775109,0.0107055976097722,-0.179587566814068
-2.68,7.1824,-16.568832,0.0109969366294056,-0.182206395527267
-2.67,7.1289,-16.364163,0.0112950745004561,-0.184834440222608
-2.66,7.0756,-16.161096,0.0116001351137026,-0.187470897185518
-2.65,7.0225,-15.959625,0.0119122436076052,-0.190114940886026
-2.64,6.9696,-15.759744,0.012231526351278,-0.192765724025395
-2.63,6.9169,-15.561447,0.0125581109263782,-0.195422377600955
-2.62,6.8644,-15.364728,0.0128921261078953,-0.19808401098951
-2.61,6.8121,-15.169581,0.0132337018438214,-0.200749712049698
-2.6,6.76,-14.976,0.0135829692336856,-0.203418547243676
-2.59,6.7081,-14.783979,0.0139400605059358,-0.206089561778485
-2.58,6.6564,-14.593512,0.0143051089941497,-0.208761779767431
-2.57,6.6049,-14.404593,0.01467824911206,-0.211434204411836
-2.56,6.5536,-14.217216,0.0150596163273774,-0.214105818203452
-2.55,6.5025,-14.031375,0.0154493471343952,-0.216775583147874
-2.54,6.4516,-13.847064,0.0158475790253608,-0.219442441009229
-2.53,6.4009,-13.664277,0.0162544504606005,-0.222105313576423
-2.52,6.3504,-13.483008,0.0166701008373811,-0.224763102951216
-2.51,6.3001,-13.303251,0.017094670457497,-0.227414691858367
-2.5,6.25,-13.125,0.0175283004935685,-0.230058943978087
-2.49,6.2001,-12.948249,0.0179711329540396,-0.232694704301011
-2.48,6.1504,-12.772992,0.018423310646862,-0.235320799505884
-2.47,6.1009,-12.599223,0.0188849771418562,-0.237936038360149
-2.46,6.0516,-12.426936,0.019356276731737,-0.240539212143584
-2.45,6.0025,-12.256125,0.0198373543917953,-0.243129095095142
-2.44,5.9536,-12.086784,0.0203283557382258,-0.245704444883096
-2.43,5.9049,-11.918907,0.0208294269850922,-0.248264003098604
-2.42,5.8564,-11.752488,0.0213407148999228,-0.250806495772764
-2.41,5.8081,-11.587521,0.0218623667579294,-0.253330633917209
-2.4,5.76,-11.424,0.0223945302948429,-0.255835114088285
-2.39,5.7121,-11.261919,0.0229373536583607,-0.258318618974812
-2.38,5.6644,-11.101272,0.0234909853582014,-0.260779818009411
-2.37,5.6169,-10.942053,0.024055574214763,-0.26321736800337
-2.36,5.5696,-10.784256,0.0246312693063825,-0.265629913804971
-2.35,5.5225,-10.627875,0.0252182199151944,-0.268016088981197
-2.34,5.4756,-10.472904,0.0258165754715877,-0.270374516522693
-2.33,5.4289,-10.319337,0.0264264854972617,-0.272703809571856
-2.32,5.3824,-10.167168,0.0270480995468818,-0.275002572173871
-2.31,5.3361,-10.016391,0.0276815671483366,-0.277269400050494
-2.3,5.29,-9.867,0.0283270377416012,-0.279502881396379
-2.29,5.2441,-9.718989,0.0289846606162094,-0.281701597697673
-2.28,5.1984,-9.572352,0.0296545848473413,-0.283864124572617
-2.27,5.1529,-9.427083,0.0303369592305316,-0.285989032633838
-2.26,5.1076,-9.283176,0.0310319322150083,-0.288074888371992
-2.25,5.0625,-9.140625,0.0317396518356674,-0.290120255060398
-2.24,5.0176,-8.999424,0.0324602656436974,-0.292123693680266
-2.23,4.9729,-8.859567,0.0331939206358611,-0.294083763866094
-2.22,4.9284,-8.721048,0.0339407631824492,-0.295999024870772
-2.21,4.8841,-8.583861,0.0347009389539188,-0.297868036549925
-2.2,4.84,-8.448,0.0354745928462314,-0.299689360364963
-2.19,4.7961,-8.313459,0.0362618689049062,-0.301461560404313
-2.18,4.7524,-8.180232,0.0370629102478065,-0.303183204422235
-2.17,4.7089,-8.048313,0.0378778589866775,-0.304852864894643
-2.16,4.6656,-7.917696,0.0387068561474556,-0.306469120091285
-2.15,4.6225,-7.788375,0.0395500415893702,-0.308030555163611
-2.14,4.5796,-7.660344,0.0404075539228603,-0.309535763247659
-2.13,4.5369,-7.533597,0.0412795304263304,-0.310983346581212
-2.12,4.4944,-7.408128,0.0421661069617703,-0.312371917634486
-2.11,4.4521,-7.283931,0.0430674178892657,-0.313700100253577
-2.1,4.41,-7.161,0.0439835959804272,-0.314966530815839
-2.09,4.3681,-7.039329,0.0449147723307671,-0.316169859396366
-2.08,4.3264,-6.918912,0.0458610762710549,-0.317308750944717
-2.07,4.2849,-6.799743,0.0468226352776832,-0.318381886470979
-2.06,4.2436,-6.681816,0.047799574882077,-0.31938796424026
-2.05,4.2025,-6.565125,0.0487920185791828,-0.320325700974657
-2.04,4.1616,-6.449664,0.0498000877350708,-0.321193833061728
-2.03,4.1209,-6.335427,0.0508239014936912,-0.321991117768471
-2.02,4.0804,-6.222408,0.0518635766828206,-0.322716334459796
-2.01,4.0401,-6.110601,0.0529192277192403,-0.323368285820417
-2,4,-6,0.0539909665131881,-0.323945799079128
-1.99,3.9601,-5.890599,0.0550789023721258,-0.324447727234342
-1.98,3.9204,-5.782392,0.056183141903868,-0.324872950279791
-1.97,3.8809,-5.675373,0.0573037889191171,-0.325220376429256
-1.96,3.8416,-5.569536,0.0584409443334515,-0.325488943339154
-1.95,3.8025,-5.464875,0.0595947060688161,-0.325677619327821
-1.94,3.7636,-5.361384,0.0607651689545648,-0.3257854045903
-1.93,3.7249,-5.259057,0.0619524246281052,-0.325811332407409
-1.92,3.6864,-5.157888,0.0631565614351987,-0.325754470347874
-1.91,3.6481,-5.057871,0.0643776643299694,-0.325613921462286
-1.9,3.61,-4.959,0.0656158147746766,-0.325388825467621
-1.89,3.5721,-4.861269,0.0668710906393072,-0.325078359921054
-1.88,3.5344,-4.764672,0.0681435661010446,-0.324681741381796
-1.87,3.4969,-4.669203,0.0694333115436742,-0.324198226559658
-1.86,3.4596,-4.574856,0.0707403934569834,-0.323627113449041
-1.85,3.4225,-4.481625,0.072064874336218,-0.322967742447053
-1.84,3.3856,-4.389504,0.0734068125816569,-0.322219497454433
-1.83,3.3489,-4.298487,0.0747662623983676,-0.321381806957972
-1.82,3.3124,-4.208568,0.0761432736962073,-0.3204541450931
-1.81,3.2761,-4.119741,0.077537891990134,-0.319436032685327
-1.8,3.24,-4.032,0.0789501583008941,-0.318327038269205
-1.79,3.2041,-3.945339,0.0803801090561542,-0.317126779083498
-1.78,3.1684,-3.859752,0.0818277759921428,-0.315834922041225
-1.77,3.1329,-3.775233,0.0832931860558745,-0.314451184673277
-1.76,3.0976,-3.691776,0.0847763613080222,-0.312975336044285
-1.75,3.0625,-3.609375,0.0862773188265115,-0.31140719763944
-1.74,3.0276,-3.528024,0.0877960706109056,-0.30974664422097
-1.73,2.9929,-3.447717,0.089332623487655,-0.307993604652987
-1.72,2.9584,-3.368448,0.0908869790162829,-0.30614806269344
-1.71,2.9241,-3.290211,0.0924591333965807,-0.304210057751897
-1.7,2.89,-3.213,0.0940490773768869,-0.302179685611938
-1.69,2.8561,-3.136809,0.095656796163524,-0.300057099116908
-1.68,2.8224,-3.061632,0.0972822693314675,-0.297842508817839
-1.67,2.7889,-2.987463,0.0989254707363237,-0.29553618358235
-1.66,2.7556,-2.914296,0.100586368427691,-0.293138451163345
-1.65,2.7225,-2.842125,0.102264924563978,-0.290649698726396
-1.64,2.6896,-2.770944,0.103961095328764,-0.288070373334667
-1.63,2.6569,-2.700747,0.105674830848764,-0.285400982390306
-1.62,2.6244,-2.631528,0.107406075113484,-0.282642094031236
-1.61,2.5921,-2.563281,0.109154765896647,-0.279794337482324
-1.6,2.56,-2.496,0.110920834679456,-0.276858403359921
-1.59,2.5281,-2.429679,0.112704206575771,-0.273835043928812
-1.58,2.4964,-2.364312,0.114504800259292,-0.270725073310648
-1.57,2.4649,-2.299893,0.116322527892807,-0.267529367642972
-1.56,2.4336,-2.236416,0.118157295059582,-0.264248865187971
-1.55,2.4025,-2.173875,0.120009000696986,-0.26088456639016
-1.54,2.3716,-2.112264,0.121877537032402,-0.257437533882209
-1.53,2.3409,-2.051577,0.123762789521523,-0.253908892438198
-1.52,2.3104,-1.991808,0.125664636789088,-0.2502998288736
-1.51,2.2801,-1.932951,0.127582950572142,-0.246611591891372
-1.5,2.25,-1.875,0.129517595665892,-0.242845491873547
-1.49,2.2201,-1.817949,0.131468429872231,-0.239002900617793
-1.48,2.1904,-1.761792,0.133435303951002,-0.235085251018444
-1.47,2.1609,-1.706523,0.135418061574071,-0.231094036691569
-1.46,2.1316,-1.652136,0.137416539282282,-0.227030811543672
-1.45,2.1025,-1.598625,0.13943056644536,-0.222897189283714
-1.44,2.0736,-1.545984,0.141459965224839,-0.218694842878157
-1.43,2.0449,-1.494207,0.143504550540062,-0.214425503948815
-1.42,2.0164,-1.443288,0.145564130037348,-0.210090962113343
-1.41,1.9881,-1.393221,0.147638504062356,-0.205693064268259
-1.4,1.96,-1.344,0.149727465635745,-0.201233713814441
-1.39,1.9321,-1.295619,0.151830800432162,-0.196714869825117
-1.38,1.9044,-1.248072,0.153948286762634,-0.192138546156414
-1.37,1.8769,-1.201353,0.156079695560421,-0.187506810500598
-1.36,1.8496,-1.155456,0.158224790370383,-0.182821783382201
-1.35,1.8225,-1.110375,0.16038332734192,-0.178085637097284
-1.34,1.7956,-1.066104,0.162555055225534,-0.173300594596163
-1.33,1.7689,-1.022637,0.164739715373077,-0.168468928309977
-1.32,1.7424,-0.979968,0.166937041741714,-0.163592958921544
-1.31,1.7161,-0.938091,0.169146760901672,-0.158675054081011
-1.3,1.69,-0.897,0.171368592047807,-0.153717627066883
-1.29,1.6641,-0.856689,0.173602247015033,-0.148723135393062
-1.28,1.6384,-0.817152,0.175847430297662,-0.143694079362595
-1.27,1.6129,-0.778383,0.178103839072694,-0.13863300056892
-1.26,1.5876,-0.740376,0.18037116322708,-0.133542480345413
-1.25,1.5625,-0.703125,0.182649085389022,-0.128425138164156
-1.24,1.5376,-0.666624,0.184937280963305,-0.123283629984882
-1.23,1.5129,-0.630867,0.18723541817073,-0.118120646555114
-1.22,1.4884,-0.595848,0.18954315809164,-0.112938911662588
-1.21,1.4641,-0.561561,0.191860154713599,-0.107741180341124
-1.2,1.44,-0.528,0.194186054983213,-0.102530237031136
-1.19,1.4161,-0.495159,0.196520498862137,-0.0973088936960766
-1.18,1.3924,-0.463032,0.198863119387276,-0.0920799878961291
-1.17,1.3689,-0.431613,0.201213542735197,-0.0868463808205667
-1.16,1.3456,-0.400896,0.203571388290759,-0.0816109552802123
-1.15,1.3225,-0.370875,0.205936268719975,-0.0763766136615206
-1.14,1.2996,-0.341544,0.208307790047108,-0.0711462758438495
-1.13,1.2769,-0.312897,0.210685551736015,-0.0659228770815439
-1.12,1.2544,-0.284928,0.213069146775718,-0.0607093658525117
-1.11,1.2321,-0.257631,0.21545816177022,-0.0555087016750234
-1.1,1.21,-0.231,0.217852177032551,-0.0503238528945191
-1.09,1.1881,-0.205029,0.220250766683033,-0.0451577944422556
-1.08,1.1664,-0.179712,0.222653498751761,-0.0400135055676765
-1.07,1.1449,-0.155043,0.22505993528527,-0.0348939675464341
-1.06,1.1236,-0.131016,0.227469632457386,-0.0298021613660369
-1.05,1.1025,-0.107625,0.229882140684233,-0.0247410653911406
-1.04,1.0816,-0.0848640000000001,0.232297004743366,-0.0197136530105411
-1.03,1.0609,-0.0627269999999999,0.234713763897012,-0.0147228902679678
-1.02,1.0404,-0.041208,0.23713195201938,-0.00977173347881459
-1.01,1.0201,-0.020301,0.239551097728013,-0.0048631268349764
-1,1,-0,0.241970724519143,-0
-0.99,0.9801,0.0197010000000005,0.244390350907,0.00481473430321891
-0.98,0.9604,0.0388080000000001,0.246809490567043,0.00957818270992581
-0.97,0.9409,0.0573270000000005,0.249227652483066,0.0142874736338968
-0.96,0.9216,0.075264,0.251644341098117,0.0189397596884087
-0.95,0.9025,0.0926249999999997,0.254059056469189,0.0235322201054586
-0.94,0.8836,0.109416,0.25647129442562,0.0280620631508737
-0.93,0.8649,0.125643,0.258880546731149,0.0325265285329417
-0.92,0.8464,0.141312,0.261286301249553,0.0369228898021769
-0.91,0.8281,0.156429,0.263688042113818,0.0412484567398224
-0.9,0.81,0.171,0.266085249898755,0.0455005777326871
-0.89,0.7921,0.185031,0.268477401797002,0.0496766421319011
-0.88,0.7744,0.198528,0.270863971798338,0.0537740825931805
-0.87,0.7569,0.211497,0.273244430872216,0.0577903773961811
-0.86,0.7396,0.223944,0.275618247153457,0.0617230527405337
-0.85,0.7225,0.235875,0.277984886130996,0.0655696850161488
-0.84,0.7056,0.247296,0.280343810839621,0.0693279030453949
-0.83,0.6889,0.258213,0.28269448205458,0.0729953902947593
-0.82,0.6724,0.268632,0.285036358489007,0.076569887053619
-0.81,0.6561,0.278559,0.287368896994028,0.0800491925777595
-0.8,0.64,0.288,0.289691552761483,0.0834311671953071
-0.79,0.6241,0.296961,0.292003779529141,0.0867137343727533
-0.78,0.6084,0.305448,0.294305029788325,0.0898948827387844
-0.77,0.5929,0.313467,0.296594754993816,0.0929726680636464
-0.76,0.5776,0.321024,0.298872405775953,0.0959452151918195
-0.75,0.5625,0.328125,0.301137432154804,0.0988107199257952
-0.74,0.5476,0.334776,0.3033892837563,0.101567450858799
-0.73,0.5329,0.340983,0.30562741003021,0.104213751154331
-0.72,0.5184,0.346752,0.307851260469853,0.106748040270443
-0.71,0.5041,0.352089,0.310060284833416,0.109168815626713
-0.7,0.49,0.357,0.312253933366761,0.111474654211934
-0.69,0.4761,0.361491,0.314431657027597,0.113664214130563
-0.68,0.4624,0.365568,0.316592907710893,0.115736236086056
-0.67,0.4489,0.369237,0.318737138475402,0.117689544799242
-0.66,0.4356,0.372504,0.320863803771172,0.119523050359977
-0.65,0.4225,0.375375,0.322972359667914,0.121235749510343
-0.64,0.4096,0.377856,0.325062264084082,0.122826726857755
-0.63,0.3969,0.379953,0.327132977016555,0.124295156016371
-0.62,0.3844,0.381672,0.329183960770765,0.125640300675299
-0.61,0.3721,0.383019,0.331214680191153,0.126861515592135
-0.6,0.36,0.384,0.3332246028918,0.127958247510451
-0.59,0.3481,0.384621,0.335213199487106,0.12893003599993
-0.58,0.3364,0.384888,0.337179943822381,0.129776514217908
-0.57,0.3249,0.384807,0.339124313204192,0.130497409591166
-0.56,0.3136,0.384384,0.341045788630353,0.131092544416889
-0.55,0.3025,0.383625,0.342943855019384,0.131561836381811
-0.54,0.2916,0.382536,0.344818001439333,0.131905298998597
-0.53,0.2809,0.381123,0.346667721335792,0.132123041958661
-0.52,0.2704,0.379392,0.348492512758975,0.132215271400653
-0.51,0.2601,0.377349,0.350291878589726,0.132182290093954
-0.5,0.25,0.375,0.3520653267643,0.132024497536612
-0.49,0.2401,0.372351,0.35381237049778,0.131742389967219
-0.48,0.2304,0.369408,0.355532528505997,0.131336560290343
-0.47,0.2209,0.366177,0.357225325225801,0.130807697915208
-0.46,0.2116,0.362664,0.358890291033545,0.130156588507389
-0.45,0.2025,0.358875,0.360526962461648,0.129384113653424
-0.44,0.1936,0.354816,0.362134882413092,0.128491250438284
-0.43,0.1849,0.350493,0.363713600373713,0.127479070935784
-0.42,0.1764,0.345912,0.365262672622154,0.126348741612074
-0.41,0.1681,0.341079,0.366781662437336,0.125101522642464
-0.4,0.16,0.336,0.368270140303323,0.123738767141917
-0.39,0.1521,0.330681,0.369727684111432,0.122261920309653
-0.38,0.1444,0.325128,0.371153879359466,0.120672518488384
-0.37,0.1369,0.319347,0.372548319347933,0.118972188138805
-0.36,0.1296,0.313344,0.373910605373128,0.117162644730038
-0.35,0.1225,0.307125,0.375240346916938,0.115245691546865
-0.34,0.1156,0.300696,0.376537161833254,0.113223218414612
-0.33,0.1089,0.294063,0.377800676530865,0.111097200342696
-0.32,0.1024,0.287232,0.379030526152702,0.108869696087893
-0.31,0.0961,0.280209,0.380226354751325,0.106542846638514
-0.3,0.0899999999999999,0.273,0.381387815460524,0.104118873620723
-0.29,0.0841,0.265611,0.382514570662924,0.10160007762835
-0.28,0.0783999999999999,0.258048,0.383606292153479,0.0989888364776208
-0.27,0.0729,0.250317,0.384662661298743,0.0962876033883174
-0.26,0.0675999999999999,0.242424,0.385683369191816,0.0934989050929568
-0.25,0.0625,0.234375,0.386668116802849,0.0906253398756678
-0.24,0.0575999999999999,0.226176,0.387616615125014,0.0876695755425151
-0.23,0.0529,0.217833,0.388528585315836,0.0846343473251045
-0.22,0.0483999999999999,0.209352,0.38940375883379,0.0815224557193716
-0.21,0.0441,0.200739,0.390241877570074,0.0783367642615391
-0.2,0.0399999999999999,0.192,0.391042693975456,0.0750801972432874
-0.19,0.0361,0.183141,0.391805971182121,0.0717557373682648
-0.18,0.0324000000000001,0.174168,0.392531483120429,0.0683664233521189
-0.17,0.0289,0.165087,0.393219014630497,0.0649153474683049
-0.16,0.0256,0.155904,0.393868361568541,0.0614056530419818
-0.15,0.0225,0.146625,0.394479330907889,0.0578405318943692
-0.14,0.0196,0.137256,0.395051740834611,0.0542232217399954
-0.13,0.0169,0.127803,0.395585420837687,0.0505570035393189
-0.12,0.0144,0.118272,0.396080211793656,0.0468451988092593
-0.11,0.0121,0.108669,0.396535966045686,0.0430911668942186
-0.1,0.01,0.0990000000000001,0.396952547477012,0.0392983022002242
-0.0899999999999999,0.00809999999999998,0.0892709999999999,0.397329831578688,0.035470031394861
-0.0800000000000001,0.00640000000000001,0.0794880000000001,0.397667705511609,0.0316098105757068
-0.0699999999999998,0.00489999999999998,0.0696569999999998,0.397966068162751,0.0277211224100127
-0.0600000000000001,0.00360000000000001,0.0597840000000001,0.398224830195607,0.0238074732484142
-0.0499999999999998,0.00249999999999998,0.0498749999999998,0.398443914094764,0.0198723902154763
-0.04,0.0016,0.039936,0.398623254204605,0.0159194182799151
-0.0299999999999998,0.000899999999999988,0.0299729999999998,0.3987627967621,0.0119521173073503
-0.02,0.000400000000000001,0.019992,0.398862499923666,0.00797405909847394
-0.00999999999999979,9.99999999999957e-05,0.00999899999999979,0.398922333786082,0.00398882441552695
0,0,-0,0.398942280401433,-0
0.0100000000000002,0.000100000000000005,-0.00999900000000023,0.398922333786082,-0.00398882441552713
0.02,0.000400000000000001,-0.019992,0.398862499923666,-0.00797405909847394
0.0300000000000002,0.000900000000000015,-0.0299730000000002,0.3987627967621,-0.0119521173073505
0.04,0.0016,-0.039936,0.398623254204605,-0.0159194182799151
0.0500000000000003,0.00250000000000003,-0.0498750000000003,0.398443914094764,-0.0198723902154765
0.0600000000000001,0.00360000000000001,-0.0597840000000001,0.398224830195607,-0.0238074732484142
0.0700000000000003,0.00490000000000004,-0.0696570000000003,0.397966068162751,-0.0277211224100129
0.0800000000000001,0.00640000000000001,-0.0794880000000001,0.397667705511609,-0.0316098105757068
0.0899999999999999,0.00809999999999998,-0.0892709999999999,0.397329831578688,-0.035470031394861
0.1,0.01,-0.0990000000000001,0.396952547477012,-0.0392983022002242
0.11,0.0121,-0.108669,0.396535966045686,-0.0430911668942186
0.12,0.0144,-0.118272,0.396080211793656,-0.0468451988092593
0.13,0.0169,-0.127803,0.395585420837687,-0.0505570035393189
0.14,0.0196,-0.137256,0.395051740834611,-0.0542232217399954
0.15,0.0225,-0.146625,0.394479330907889,-0.0578405318943692
0.16,0.0256,-0.155904,0.393868361568541,-0.0614056530419818
0.17,0.0289,-0.165087,0.393219014630497,-0.0649153474683049
0.18,0.0324000000000001,-0.174168,0.392531483120429,-0.0683664233521189
0.19,0.0361,-0.183141,0.391805971182121,-0.0717557373682648
0.2,0.0400000000000001,-0.192,0.391042693975456,-0.0750801972432876
0.21,0.0441,-0.200739,0.390241877570074,-0.0783367642615391
0.22,0.0484000000000001,-0.209352,0.38940375883379,-0.0815224557193718
0.23,0.0529,-0.217833,0.388528585315836,-0.0846343473251045
0.24,0.0576000000000001,-0.226176,0.387616615125014,-0.0876695755425153
0.25,0.0625,-0.234375,0.386668116802849,-0.0906253398756678
0.26,0.0676000000000001,-0.242424,0.385683369191816,-0.0934989050929569
0.27,0.0729,-0.250317,0.384662661298743,-0.0962876033883174
0.28,0.0784000000000001,-0.258048,0.383606292153479,-0.0989888364776209
0.29,0.0841,-0.265611,0.382514570662924,-0.10160007762835
0.3,0.0900000000000002,-0.273,0.381387815460524,-0.104118873620723
0.31,0.0961,-0.280209,0.380226354751325,-0.106542846638514
0.32,0.1024,-0.287232,0.379030526152702,-0.108869696087893
0.33,0.1089,-0.294063,0.377800676530865,-0.111097200342696
0.34,0.1156,-0.300696,0.376537161833254,-0.113223218414612
0.35,0.1225,-0.307125,0.375240346916938,-0.115245691546865
0.36,0.1296,-0.313344,0.373910605373128,-0.117162644730038
0.37,0.1369,-0.319347,0.372548319347933,-0.118972188138805
0.38,0.1444,-0.325128,0.371153879359466,-0.120672518488384
0.39,0.1521,-0.330681,0.369727684111432,-0.122261920309653
0.4,0.16,-0.336,0.368270140303323,-0.123738767141917
0.41,0.1681,-0.341079,0.366781662437336,-0.125101522642464
0.42,0.1764,-0.345912,0.365262672622154,-0.126348741612074
0.43,0.1849,-0.350493,0.363713600373713,-0.127479070935784
0.44,0.1936,-0.354816,0.362134882413092,-0.128491250438284
0.45,0.2025,-0.358875,0.360526962461648,-0.129384113653424
0.46,0.2116,-0.362664,0.358890291033545,-0.130156588507389
0.47,0.2209,-0.366177,0.357225325225801,-0.130807697915208
0.48,0.2304,-0.369408,0.355532528505997,-0.131336560290343
0.49,0.2401,-0.372351,0.35381237049778,-0.131742389967219
0.5,0.25,-0.375,0.3520653267643,-0.132024497536612
0.51,0.2601,-0.377349,0.350291878589726,-0.132182290093954
0.52,0.2704,-0.379392,0.348492512758975,-0.132215271400653
0.53,0.2809,-0.381123,0.346667721335792,-0.132123041958661
0.54,0.2916,-0.382536,0.344818001439333,-0.131905298998597
0.55,0.3025,-0.383625,0.342943855019384,-0.131561836381811
0.56,0.3136,-0.384384,0.341045788630353,-0.131092544416889
0.57,0.3249,-0.384807,0.339124313204192,-0.130497409591166
0.58,0.3364,-0.384888,0.337179943822381,-0.129776514217908
0.59,0.3481,-0.384621,0.335213199487106,-0.12893003599993
0.6,0.36,-0.384,0.3332246028918,-0.127958247510451
0.61,0.3721,-0.383019,0.331214680191153,-0.126861515592135
0.62,0.3844,-0.381672,0.329183960770765,-0.125640300675299
0.63,0.3969,-0.379953,0.327132977016555,-0.124295156016371
0.64,0.4096,-0.377856,0.325062264084082,-0.122826726857755
0.65,0.4225,-0.375375,0.322972359667914,-0.121235749510343
0.66,0.4356,-0.372504,0.320863803771172,-0.119523050359977
0.67,0.4489,-0.369237,0.318737138475402,-0.117689544799242
0.68,0.4624,-0.365568,0.316592907710893,-0.115736236086056
0.69,0.4761,-0.361491,0.314431657027597,-0.113664214130563
0.7,0.49,-0.357,0.312253933366761,-0.111474654211934
0.71,0.5041,-0.352089,0.310060284833416,-0.109168815626713
0.72,0.5184,-0.346752,0.307851260469853,-0.106748040270442
0.73,0.5329,-0.340983,0.30562741003021,-0.104213751154331
0.74,0.5476,-0.334776,0.3033892837563,-0.101567450858799
0.75,0.5625,-0.328125,0.301137432154804,-0.0988107199257952
0.76,0.5776,-0.321024,0.298872405775953,-0.0959452151918194
0.77,0.5929,-0.313467,0.296594754993816,-0.0929726680636464
0.78,0.6084,-0.305448,0.294305029788325,-0.0898948827387843
0.79,0.6241,-0.296961,0.292003779529141,-0.0867137343727533
0.8,0.64,-0.288,0.289691552761483,-0.0834311671953069
0.81,0.6561,-0.278559,0.287368896994028,-0.0800491925777595
0.82,0.6724,-0.268632,0.285036358489007,-0.0765698870536189
0.83,0.6889,-0.258213,0.28269448205458,-0.0729953902947593
0.84,0.7056,-0.247296,0.280343810839621,-0.0693279030453949
0.85,0.7225,-0.235875,0.277984886130996,-0.0655696850161488
0.86,0.7396,-0.223944,0.275618247153457,-0.0617230527405337
0.87,0.7569,-0.211497,0.273244430872216,-0.0577903773961811
0.88,0.7744,-0.198528,0.270863971798338,-0.0537740825931805
0.89,0.7921,-0.185031,0.268477401797002,-0.0496766421319011
0.9,0.81,-0.171,0.266085249898755,-0.0455005777326871
0.91,0.8281,-0.156429,0.263688042113818,-0.0412484567398224
0.92,0.8464,-0.141312,0.261286301249553,-0.0369228898021769
0.93,0.8649,-0.125643,0.258880546731149,-0.0325265285329417
0.94,0.8836,-0.109416,0.25647129442562,-0.0280620631508737
0.95,0.9025,-0.0926249999999997,0.254059056469189,-0.0235322201054586
0.96,0.9216,-0.075264,0.251644341098117,-0.0189397596884087
0.97,0.9409,-0.0573269999999996,0.249227652483066,-0.0142874736338966
0.98,0.9604,-0.0388080000000001,0.246809490567043,-0.00957818270992581
0.99,0.9801,-0.0197009999999996,0.244390350907,-0.0048147343032187
1,1,0,0.241970724519143,0
1.01,1.0201,0.0203009999999996,0.239551097728013,0.00486312683497629
1.02,1.0404,0.0412080000000009,0.237131952019379,0.00977173347881481
1.03,1.0609,0.0627270000000007,0.234713763897012,0.014722890267968
1.04,1.0816,0.0848640000000001,0.232297004743366,0.0197136530105411
1.05,1.1025,0.107625,0.229882140684233,0.0247410653911405
1.06,1.1236,0.131016000000001,0.227469632457386,0.0298021613660371
1.07,1.1449,0.155043000000001,0.22505993528527,0.0348939675464342
1.08,1.1664,0.179712,0.222653498751761,0.0400135055676765
1.09,1.1881,0.205029,0.220250766683033,0.0451577944422556
1.1,1.21,0.230999999999999,0.217852177032551,0.050323852894519
1.11,1.2321,0.257631000000001,0.21545816177022,0.0555087016750236
1.12,1.2544,0.284928,0.213069146775718,0.0607093658525118
1.13,1.2769,0.312897,0.210685551736015,0.0659228770815439
1.14,1.2996,0.341543999999999,0.208307790047108,0.0711462758438494
1.15,1.3225,0.370875000000001,0.205936268719975,0.0763766136615208
1.16,1.3456,0.400896,0.203571388290759,0.0816109552802124
1.17,1.3689,0.431613,0.201213542735197,0.0868463808205667
1.18,1.3924,0.463031999999999,0.198863119387276,0.092079987896129
1.19,1.4161,0.495159000000001,0.196520498862136,0.0973088936960769
1.2,1.44,0.528000000000001,0.194186054983213,0.102530237031137
1.21,1.4641,0.561561,0.191860154713599,0.107741180341124
1.22,1.4884,0.595847999999999,0.18954315809164,0.112938911662588
1.23,1.5129,0.630867000000002,0.187235418170729,0.118120646555114
1.24,1.5376,0.666624000000001,0.184937280963305,0.123283629984883
1.25,1.5625,0.703125,0.182649085389022,0.128425138164156
1.26,1.5876,0.740375999999999,0.18037116322708,0.133542480345413
1.27,1.6129,0.778383000000002,0.178103839072693,0.138633000568921
1.28,1.6384,0.817152000000001,0.175847430297662,0.143694079362596
1.29,1.6641,0.856689,0.173602247015033,0.148723135393062
1.3,1.69,0.896999999999999,0.171368592047807,0.153717627066883
1.31,1.7161,0.938091000000002,0.169146760901672,0.158675054081011
1.32,1.7424,0.979968000000001,0.166937041741714,0.163592958921544
1.33,1.7689,1.022637,0.164739715373077,0.168468928309977
1.34,1.7956,1.066104,0.162555055225534,0.173300594596163
1.35,1.8225,1.110375,0.16038332734192,0.178085637097284
1.36,1.8496,1.155456,0.158224790370383,0.182821783382201
1.37,1.8769,1.201353,0.156079695560421,0.187506810500598
1.38,1.9044,1.248072,0.153948286762634,0.192138546156414
1.39,1.9321,1.295619,0.151830800432162,0.196714869825117
1.4,1.96,1.344,0.149727465635745,0.201233713814441
1.41,1.9881,1.393221,0.147638504062356,0.205693064268259
1.42,2.0164,1.443288,0.145564130037348,0.210090962113343
1.43,2.0449,1.494207,0.143504550540062,0.214425503948815
1.44,2.0736,1.545984,0.141459965224839,0.218694842878157
1.45,2.1025,1.598625,0.13943056644536,0.222897189283714
1.46,2.1316,1.652136,0.137416539282282,0.227030811543672
1.47,2.1609,1.706523,0.135418061574071,0.231094036691569
1.48,2.1904,1.761792,0.133435303951002,0.235085251018444
1.49,2.2201,1.817949,0.131468429872231,0.239002900617793
1.5,2.25,1.875,0.129517595665892,0.242845491873547
1.51,2.2801,1.932951,0.127582950572142,0.246611591891372
1.52,2.3104,1.991808,0.125664636789088,0.2502998288736
1.53,2.3409,2.051577,0.123762789521523,0.253908892438198
1.54,2.3716,2.112264,0.121877537032402,0.257437533882209
1.55,2.4025,2.173875,0.120009000696986,0.26088456639016
1.56,2.4336,2.236416,0.118157295059582,0.264248865187971
1.57,2.4649,2.299893,0.116322527892807,0.267529367642972
1.58,2.4964,2.364312,0.114504800259292,0.270725073310648
1.59,2.5281,2.429679,0.112704206575771,0.273835043928812
1.6,2.56,2.496,0.110920834679455,0.276858403359921
1.61,2.5921,2.563281,0.109154765896647,0.279794337482324
1.62,2.6244,2.631528,0.107406075113484,0.282642094031236
1.63,2.6569,2.700747,0.105674830848764,0.285400982390306
1.64,2.6896,2.770944,0.103961095328764,0.288070373334667
1.65,2.7225,2.842125,0.102264924563978,0.290649698726396
1.66,2.7556,2.914296,0.100586368427691,0.293138451163345
1.67,2.7889,2.987463,0.0989254707363237,0.29553618358235
1.68,2.8224,3.061632,0.0972822693314675,0.297842508817839
1.69,2.8561,3.136809,0.0956567961635239,0.300057099116908
1.7,2.89,3.213,0.0940490773768869,0.302179685611938
1.71,2.9241,3.290211,0.0924591333965807,0.304210057751897
1.72,2.9584,3.368448,0.0908869790162829,0.30614806269344
1.73,2.9929,3.447717,0.0893326234876549,0.307993604652988
1.74,3.0276,3.528024,0.0877960706109056,0.30974664422097
1.75,3.0625,3.609375,0.0862773188265115,0.31140719763944
1.76,3.0976,3.691776,0.0847763613080223,0.312975336044285
1.77,3.1329,3.775233,0.0832931860558744,0.314451184673277
1.78,3.1684,3.859752,0.0818277759921428,0.315834922041225
1.79,3.2041,3.945339,0.0803801090561542,0.317126779083498
1.8,3.24,4.032,0.0789501583008942,0.318327038269205
1.81,3.2761,4.119741,0.0775378919901339,0.319436032685327
1.82,3.3124,4.208568,0.0761432736962073,0.3204541450931
1.83,3.3489,4.298487,0.0747662623983676,0.321381806957972
1.84,3.3856,4.389504,0.0734068125816569,0.322219497454433
1.85,3.4225,4.48162500000001,0.0720648743362179,0.322967742447053
1.86,3.4596,4.574856,0.0707403934569833,0.323627113449041
1.87,3.4969,4.669203,0.0694333115436742,0.324198226559658
1.88,3.5344,4.764672,0.0681435661010446,0.324681741381796
1.89,3.5721,4.861269,0.0668710906393072,0.325078359921054
1.9,3.61,4.959,0.0656158147746766,0.325388825467621
1.91,3.6481,5.057871,0.0643776643299693,0.325613921462286
1.92,3.6864,5.157888,0.0631565614351987,0.325754470347874
1.93,3.7249,5.259057,0.0619524246281052,0.325811332407409
1.94,3.7636,5.361384,0.0607651689545647,0.3257854045903
1.95,3.8025,5.464875,0.0595947060688161,0.325677619327821
1.96,3.8416,5.569536,0.0584409443334515,0.325488943339154
1.97,3.8809,5.675373,0.0573037889191172,0.325220376429257
1.98,3.9204,5.782392,0.056183141903868,0.324872950279791
1.99,3.9601,5.890599,0.0550789023721257,0.324447727234342
2,4,6,0.0539909665131881,0.323945799079128
2.01,4.0401,6.110601,0.0529192277192403,0.323368285820417
2.02,4.0804,6.22240800000001,0.0518635766828205,0.322716334459796
2.03,4.1209,6.335427,0.0508239014936912,0.321991117768471
2.04,4.1616,6.449664,0.0498000877350708,0.321193833061728
2.05,4.2025,6.565125,0.0487920185791828,0.320325700974657
2.06,4.2436,6.68181600000001,0.047799574882077,0.31938796424026
2.07,4.2849,6.799743,0.0468226352776831,0.318381886470979
2.08,4.3264,6.918912,0.0458610762710549,0.317308750944717
2.09,4.3681,7.039329,0.0449147723307671,0.316169859396366
2.1,4.41,7.16100000000001,0.0439835959804272,0.314966530815839
2.11,4.4521,7.283931,0.0430674178892657,0.313700100253577
2.12,4.4944,7.408128,0.0421661069617703,0.312371917634486
2.13,4.5369,7.533597,0.0412795304263304,0.310983346581212
2.14,4.5796,7.66034399999999,0.0404075539228603,0.309535763247659
2.15,4.6225,7.788375,0.0395500415893702,0.308030555163611
2.16,4.6656,7.917696,0.0387068561474556,0.306469120091285
2.17,4.7089,8.048313,0.0378778589866775,0.304852864894643
2.18,4.7524,8.180232,0.0370629102478065,0.303183204422235
2.19,4.7961,8.31345900000001,0.0362618689049062,0.301461560404313
2.2,4.84,8.448,0.0354745928462314,0.299689360364963
2.21,4.8841,8.583861,0.0347009389539188,0.297868036549925
2.22,4.9284,8.721048,0.0339407631824492,0.295999024870772
2.23,4.9729,8.85956700000001,0.0331939206358611,0.294083763866094
2.24,5.0176,8.999424,0.0324602656436974,0.292123693680266
2.25,5.0625,9.140625,0.0317396518356674,0.290120255060398
2.26,5.1076,9.283176,0.0310319322150083,0.288074888371992
2.27,5.1529,9.42708300000001,0.0303369592305316,0.285989032633838
2.28,5.1984,9.572352,0.0296545848473413,0.283864124572617
2.29,5.2441,9.718989,0.0289846606162094,0.281701597697673
2.3,5.29,9.867,0.0283270377416012,0.279502881396379
2.31,5.3361,10.016391,0.0276815671483365,0.277269400050494
2.32,5.3824,10.167168,0.0270480995468818,0.275002572173871
2.33,5.4289,10.319337,0.0264264854972617,0.272703809571856
2.34,5.4756,10.472904,0.0258165754715877,0.270374516522693
2.35,5.5225,10.627875,0.0252182199151944,0.268016088981196
2.36,5.5696,10.784256,0.0246312693063825,0.265629913804971
2.37,5.6169,10.942053,0.024055574214763,0.26321736800337
2.38,5.6644,11.101272,0.0234909853582014,0.260779818009411
2.39,5.7121,11.261919,0.0229373536583607,0.258318618974812
2.4,5.76,11.424,0.0223945302948429,0.255835114088285
2.41,5.8081,11.587521,0.0218623667579294,0.253330633917209
2.42,5.8564,11.752488,0.0213407148999228,0.250806495772764
2.43,5.9049,11.918907,0.0208294269850922,0.248264003098604
2.44,5.9536,12.086784,0.0203283557382258,0.245704444883096
2.45,6.0025,12.256125,0.0198373543917953,0.243129095095142
2.46,6.0516,12.426936,0.019356276731737,0.240539212143584
2.47,6.1009,12.599223,0.0188849771418562,0.237936038360149
2.48,6.1504,12.772992,0.018423310646862,0.235320799505884
2.49,6.2001,12.948249,0.0179711329540396,0.232694704301011
2.5,6.25,13.125,0.0175283004935685,0.230058943978087
2.51,6.3001,13.303251,0.017094670457497,0.227414691858367
2.52,6.3504,13.483008,0.016670100837381,0.224763102951215
2.53,6.4009,13.664277,0.0162544504606005,0.222105313576423
2.54,6.4516,13.847064,0.0158475790253608,0.219442441009229
2.55,6.5025,14.031375,0.0154493471343952,0.216775583147874
2.56,6.5536,14.217216,0.0150596163273774,0.214105818203452
2.57,6.6049,14.404593,0.01467824911206,0.211434204411836
2.58,6.6564,14.593512,0.0143051089941497,0.208761779767431
2.59,6.7081,14.783979,0.0139400605059358,0.206089561778485
2.6,6.76,14.976,0.0135829692336856,0.203418547243676
2.61,6.8121,15.169581,0.0132337018438214,0.200749712049697
2.62,6.8644,15.364728,0.0128921261078953,0.19808401098951
2.63,6.9169,15.561447,0.0125581109263782,0.195422377600955
2.64,6.9696,15.759744,0.012231526351278,0.192765724025395
2.65,7.0225,15.959625,0.0119122436076052,0.190114940886026
2.66,7.0756,16.161096,0.0116001351137026,0.187470897185518
2.67,7.1289,16.364163,0.0112950745004561,0.184834440222608
2.68,7.1824,16.568832,0.0109969366294056,0.182206395527267
2.69,7.2361,16.775109,0.0107055976097722,0.179587566814068
2.7,7.29,16.983,0.0104209348144226,0.176978735953339
2.71,7.3441,17.192511,0.0101428268947871,0.174380662959723
2.72,7.3984,17.403648,0.00987115379475115,0.171794085997713
2.73,7.4529,17.616417,0.00960579676353958,0.169219721403764
2.74,7.5076,17.830824,0.00934663836761228,0.166658263724542
2.75,7.5625,18.046875,0.00909356250159105,0.164110385770901
2.76,7.6176,18.264576,0.00884645439823723,0.161576738687138
2.77,7.6729,18.483933,0.00860520063749966,0.159057952035101
2.78,7.7284,18.704952,0.00836968915465302,0.156554633892705
2.79,7.7841,18.927639,0.00813980924754602,0.154067370966413
2.8,7.84,19.152,0.00791545158297997,0.151596728717232
2.81,7.8961,19.378041,0.00769650820223731,0.149143251499791
2.82,7.9524,19.605768,0.00748287252578055,0.146707462714028
2.83,8.0089,19.835187,0.00727443935714122,0.144289864969056
2.84,8.0656,20.066304,0.00707110488601945,0.141890940258752
2.85,8.1225,20.299125,0.00687276669061397,0.139511150148609
2.86,8.1796,20.533656,0.00667932373920261,0.13715093597342
2.87,8.2369,20.769903,0.00649067639099336,0.134810719045322
2.88,8.2944,21.007872,0.00630672639626593,0.132490900871776
2.89,8.3521,21.247569,0.00612737689582369,0.13019186338302
2.9,8.41,21.489,0.00595253241977585,0.127913969168563
2.91,8.4681,21.732171,0.00578209888566947,0.125657561722278
2.92,8.5264,21.977088,0.00561598359599097,0.12342296569565
2.93,8.5849,22.223757,0.00545409523505656,0.121210487158755
2.94,8.6436,22.472184,0.00529634386531101,0.11902041386854
2.95,8.7025,22.722375,0.00514264092305394,0.116853015543978
2.96,8.7616,22.974336,0.00499289921361238,0.114708544147666
2.97,8.8209,23.228073,0.00484703290597895,0.112587234173481
2.98,8.8804,23.483592,0.00470495752693397,0.110489302939846
2.99,8.9401,23.740899,0.00456658995467015,0.108414950888239
3,9,24,0.00443184841193801,0.106364361886512
