x,normal,t_df1,t_df5,t_df30
-5.0,1.4867195147342979e-06,0.01224268793014579,0.0017574383788078434,3.288890205292232e-05
-4.99,1.5628671089492902e-06,0.012289909544124955,0.001775112768771809,3.3828867743758035e-05
-4.98,1.6427505880450713e-06,0.012337401210205679,0.0017929888545431738,3.4795515160917154e-05
-4.97,1.7265445216770736e-06,0.012385164962463982,0.0018110691872967666,3.57895920719707e-05
-4.96,1.8144311901820306e-06,0.012433202853875953,0.0018293563532685196,3.6811866775208856e-05
-4.95,1.906600903122811e-06,0.01248151695652547,0.0018478529742693385,3.786312864598553e-05
-4.94,2.0032523299484894e-06,0.012530109361814493,0.0018665617082068466,3.894418869692908e-05
-4.93,2.10459284318313e-06,0.01257898218067611,0.0018854852496151331,4.00558801523455e-05
-4.92,2.2108388745684212e-06,0.012628137543790104,0.0019046263301925998,4.119905903714699e-05
-4.91,2.322216284597997e-06,0.012677577601801437,0.0019239877193480946,4.237460478064764e-05
-4.9,2.438960745893352e-06,0.012727304525541404,0.0019435722247553918,4.358342083557125e-05
-4.89,2.5613181408845447e-06,0.01277732050625161,0.0019633826929161967,4.482643531262742e-05
-4.88,2.6895449742715237e-06,0.012827627755810762,0.001983422009731772,4.610460163101568e-05
-4.87,2.823908800755821e-06,0.012878228506964497,0.0020036931010833816,4.741889918522851e-05
-4.86,2.964688668545273e-06,0.012929125013557929,0.002024198933421599,4.87703340285266e-05
-4.85,3.112175579148945e-06,0.012980319550771367,0.0020449425143647003,5.0159939573472904e-05
-4.84,3.266672963993275e-06,0.013031814415358917,0.002065926893306225,5.158877730991345e-05
-4.83,3.428497178405039e-06,0.01308361192589023,0.002087155162031913,5.3057937540807335e-05
-4.82,3.5979780135212474e-06,0.01313571442299528,0.0021086304553460645,5.456854013630957e-05
-4.81,3.775459226701349e-06,0.013188124269612361,0.002130355951707587,5.612173530652284e-05
-4.8,3.961299091032075e-06,0.013240843851239208,0.0021523348738757783,5.771870439334061e-05
-4.79,4.155870964531201e-06,0.013293875576187487,0.002174570489566061,5.9360660681812686e-05
-4.78,4.359563879671637e-06,0.01334722187584034,0.002197066112115799,6.104885023147053e-05
-4.77,4.5727831538641446e-06,0.013400885204913532,0.002219825101160341,6.278455272806258e-05
-4.76,4.795951021552522e-06,0.01345486804171982,0.0022428508633194825,6.456908235615142e-05
-4.75,5.029507288592446e-06,0.013509172888436734,0.002266146852894478,6.640378869304141e-05
-4.74,5.273910009601304e-06,0.013563802271378019,0.0022897165725757874,6.829005762450525e-05
-4.73,5.529636188984052e-06,0.013618758741268335,0.002313563574161678,7.022931228279376e-05
-4.72,5.797182506357288e-06,0.013674044873521835,0.002337691459287958,7.222301400741958e-05
-4.71,6.077066067111116e-06,0.013729663268524147,0.002362103880168841,7.427266332921067e-05
-4.7,6.36982517886709e-06,0.01378561655191818,0.0023868045403493063,7.637980097814691e-05
-4.69,6.676020154607462e-06,0.013841907374893601,0.002411797195468978,7.854600891549171e-05
-4.68,6.996234143270405e-06,0.013898538414480183,0.0024370856540377895,8.077291139075015e-05
-4.67,7.331073988623946e-06,0.013955512373844901,0.0024626737782235705,8.30621760239844e-05
-4.66,7.681171117250455e-06,0.014012831982593054,0.00248856548465177,8.541551491403649e-05
-4.65,8.047182456492295e-06,0.014070499997073303,0.0025147647452174815,8.783468577320907e-05
-4.64,8.429791383228772e-06,0.014128519200686689,0.002541275587909968,9.032149308897002e-05
-4.63,8.829708704374098e-06,0.014186892404199803,0.002568102097649861,9.287778931325256e-05
-4.62,9.247673670005617e-06,0.014245622446062128,0.0025952484171392755,9.550547607993799e-05
-4.61,9.684455020051437e-06,0.014304712192727468,0.0026227187477249735,9.820650545110916e-05
-4.6,1.014085206548676e-05,0.01436416453897973,0.0026505173502748376,0.00010098288119267951
-4.59,1.0617695805008393e-05,0.014423982408263099,0.0026786485460677883,0.00010383666008001022
-4.58,1.111585007817779e-05,0.01448416875301645,0.0027071167176974547,0.00010676995323413835
-4.57,1.1636212756042669e-05,0.014544726555012396,0.0027359263099896746,0.0001097849274892462
-4.56,1.21797169702687e-05,0.014605658825700694,0.0027650818309341483,0.00011288380679201427
-4.55,1.2747332381833467e-05,0.014666968606556417,0.0027945878526304127,0.00011606887363351322
-4.54,1.334006649035584e-05,0.014728658969432647,0.002824449012248344,0.00011934247051429258
-4.53,1.3958965985154772e-05,0.014790733016918006,0.002854670013003438,0.00012270700144334143
-4.52,1.4605118139152942e-05,0.014853193882698922,0.0028852556251470723,0.00012616493347160224
-4.51,1.527965224676162e-05,0.014916044731926792,0.0029162106869719587,0.0001297187982607305
-4.5,1.5983741106905478e-05,0.014979288761590152,0.0029475401058331064,0.0001333711936878023
-4.49,1.671860255236507e-05,0.015042929200891807,0.0029792488591843685,0.0001371247854866863
-4.48,1.748550102663914e-05,0.015106969311631033,0.0030113419956309903,0.0001409823089267927
-4.47,1.828574920954738e-05,0.01517141238859109,0.003043824635998241,0.00014494657052994787
-4.46,1.9120709692817737e-05,0.015236261759931782,0.003076701974416486,0.00014902044982612064
-4.45,1.999179670692279e-05,0.015301520787587577,0.003109979279422863,0.0001532069011487691
-4.4399999999999995,2.090047790045048e-05,0.01536719286767103,0.003143661895079896,0.0001575089554705579
-4.43,2.184827617331647e-05,0.015433281430881636,0.0031777552421111913,0.00016192972228022586
-4.42,2.283677156514692e-05,0.015499789942920414,0.00321226481905457,0.00016647239150138922
-4.41,2.38676032001796e-05,0.015566721904910027,0.0032471962034328703,0.00017114023545406804
-4.4,2.4942471290053535e-05,0.01563408085382076,0.0032825550529426125,0.00017593661085973746
-4.39,2.6063139195878346e-05,0.015701870362902257,0.0033183471066608994,0.00018086496089072485
-4.38,2.723143555099261e-05,0.015770094042121183,0.0033545781862707545,0.00018592881726476568
-4.37,2.8449256445844308e-05,0.015838755538605004,0.003391254197305176,0.00019113180238555536
-4.36,2.97185676764422e-05,0.015907858537091736,0.003428381130410219,0.00019647763153013556
-4.35,3.1041407057850266e-05,0.015977406760386045,0.0034659650626273223,0.00020197011508396717
-4.34,3.241988680421378e-05,0.01604740396982146,0.003504012158695232,0.00020761316082454307
-4.33,3.385619597682789e-05,0.01611785396572927,0.0035425286723717616,0.00021341077625442403
-4.32,3.5352603001773097e-05,0.016188760587913523,0.0035815209477757072,0.0002193670709845562
-4.31,3.69114582586662e-05,0.016260127716132985,0.0036209954207491652,0.00022548625916876913
-4.3,3.853519674208713e-05,0.016331959270589568,0.003660958620240628,0.00023177266199034385
-4.29,4.022634079726497e-05,0.016404259212423694,0.0037014171697090635,0.0002382307102015568
-4.28,4.198750293161732e-05,0.016477031544216432,0.0037423777885493884,0.00024486494671710463
-4.27,4.382138870375812e-05,0.01655028031049871,0.003783847293539522,0.0002516800292623346
-4.26,4.5730799691601314e-05,0.01662400959826772,0.0038258326003094523,0.000258680733077201
-4.25,4.771863654120495e-05,0.016698223537510336,0.0038683407248325265,0.00026587195367688745
-4.24,4.978790209801209e-05,0.01677292630173418,0.003911378784939388,0.0002732587096700272
-4.23,5.1941704622159776e-05,0.016848122108505885,0.003954954001854768,0.00028084614563547543
-4.22,5.4183261089540144e-05,0.01692381521999696,0.003999073701757548,0.0002886395350585835
-4.21,5.651590058030741e-05,0.017000009943537515,0.004043745317364365,0.000296644283327931
-4.2,5.8943067756539855e-05,0.017076710632177625,0.004088976389537174,0.00030486593079348876
-4.1899999999999995,6.146832643076943e-05,0.017153921685256642,0.004134774568914973,0.0003133101558871778
-4.18,6.40953632271061e-05,0.017231647548980683,0.004181147617570154,0.0003219827783067947
-4.17,6.682799133669061e-05,0.017309892717008123,0.0042281034106897665,0.00033088976226429217
-4.16,6.967015436921434e-05,0.017388661731043538,0.00427564993828204,0.0003400372197993903
-4.15,7.262593030225234e-05,0.017467959181440007,0.004323795306908552,0.000349431414159511
-4.14,7.569953553016121e-05,0.01754778970781003,0.004372547741442325,0.00035907876324701846
-4.13,7.889532901429309e-05,0.01762815799964506,0.0044219155868523,0.0003689858431347598
-4.12,8.2217816536286e-05,0.01770906879694403,0.0044719073100145034,0.00037915939165091304
-4.11,8.567165505618186e-05,0.017790526890850752,0.004522531501550227,0.00038960631203411
-4.1,8.926165717713293e-05,0.01787253712430045,0.004573796877691716,0.0004003336766598614
-4.09,9.299279571844591e-05,0.017955104392675513,0.004625712282175548,0.0004113487308392503
-4.08,9.687020839871927e-05,0.01803823364447086,0.004678286688164315,0.00042265889669091853
-4.07,0.00010089920263081443,0.018121929881968632,0.004731529200196754,0.00043427177708731953
-4.06,0.00010508526043040049,0.018206198161922642,0.004785449056166872,0.0004461951596762362
-4.05,0.00010943404343980055,0.01829104359625288,0.0048400556293323755,0.00045843702097855295
-4.04,0.00011395139806886461,0.018376471352749786,0.0048953584303528105,0.00047100553056327586
-4.03,0.00011864336075456578,0.018462486655788892,0.004951367109357807,0.0004839090553007732
-4.02,0.00012351616334102368,0.018549094787055714,0.005008091458045818,0.0004971561636952145
-4.01,0.00012857623858162108,0.018636301086281157,0.005065541411813753,0.0005107556302971776
-4.0,0.00013383022576488537,0.01872411095198769,0.005123727051917912,0.0005247164401974069
-3.99,0.00013928497646575994,0.01881252984224625,0.005182658607666619,0.000539047793602649
-3.98,0.00014494756042389106,0.018901563275444216,0.005242346458644941,0.000553759110494532
-3.9699999999999998,0.00015082527155051807,0.01899121683106461,0.005302801136971959,0.0005688600353724254
-3.96,0.00015692563406553226,0.019081496150476614,0.005364033329590919,0.0005843604420812012
-3.95,0.00016325640876624202,0.01917240693773773,0.005426053880592766,0.0006002704387248183
-3.94,0.00016982559942934359,0.019263954960407583,0.00548887379357342,0.0006166003726666322
-3.9299999999999997,0.00017664145934757124,0.01935614605037372,0.0055525042340251966,0.0006333608356172999
-3.92,0.0001837124980024571,0.01944898610468953,0.005616956531762893,0.0006505626688111865
-3.91,0.00019104748787459762,0.019542481086424486,0.005682242183384838,0.0006682169682721051
-3.9,0.00019865547139277272,0.019636637025526878,0.005748372854769397,0.000686335090169227
-3.8899999999999997,0.00020654576802322586,0.019731460019699283,0.0058153603836073745,0.0007049286562639985
-3.88,0.00021472798150036704,0.019826956235286946,0.005883216781970691,0.0007240095594488446
-3.87,0.0002232120072001021,0.01992313190817935,0.00595195423891783,0.0007435899693784612
-3.86,0.00023200803965694238,0.020019993344725075,0.006021585123136392,0.000763682338194413
-3.8499999999999996,0.00024112658022599367,0.020117546922660188,0.00609212198562331,0.0007842994063438005
-3.84,0.00025057844489086075,0.020215799092050523,0.006163577562403046,0.0008054542084926781
-3.83,0.00026037477221844247,0.0203147563762479,0.006235964777284261,0.0008271600795349134
-3.8200000000000003,0.0002705270314615208,0.02041442537286054,0.006309296744655439,0.0008494306606971085
-3.81,0.0002810470308099863,0.020514812754738026,0.006383586772319768,0.0008722799057402292
-3.8,0.00029194692579146027,0.020615925270970906,0.006458848364369835,0.0008957220872584864
-3.79,0.0003032392278220042,0.020717769747905228,0.006535095224102567,0.0009197718030760577
-3.7800000000000002,0.00031493681290752155,0.020820353090172335,0.006612341256974723,0.0009444439827421251
-3.77,0.00032705293049637503,0.020923682281733975,0.0066906005735995686,0.000969753894124704
-3.76,0.0003396012124836548,0.02102776438694316,0.006769887492784991,0.0009957171501037228
-3.75,0.00035259568236744546,0.021132606551620966,0.006850216544613586,0.0010223497153637082
-3.74,0.000366050764557335,0.021238216004149477,0.006931602473565177,0.0010496679132864408
-3.73,0.00037998129383532146,0.021344600056581262,0.0070140602416820415,0.001077688432943873
-3.7199999999999998,0.0003944025249691569,0.0214517661057655,0.0070976050317774686,0.0011064283361915692
-3.71,0.0004093301424780789,0.02155972163449115,0.007182252250687935,0.0011359050648628373
-3.7,0.00042478027055075143,0.021668474212647424,0.007268017532569393,0.0011661364480637592
-3.69,0.0004407694831151325,0.021778031498401816,0.00735491674223809,0.0011971407095691478
-3.6799999999999997,0.0004573148140598576,0.021888401239395894,0.007442965978556244,0.0012289364753194979
-3.67,0.00047443376760662064,0.02199959127395937,0.007532181577863141,0.0012615427810189147
-3.66,0.0004921443288328931,0.022111609532342567,0.007622580117451956,0.001294979079833918
-3.65,0.0005104649743441856,0.02222446403796759,0.007714178419092746,0.001329265250192968
-3.6399999999999997,0.0005294146830949357,0.02233816290869854,0.0078069935526019615,0.0013644216036865094
-3.63,0.0005490129473569587,0.02245271435813124,0.007901042839458949,0.0014004688930672395
-3.62,0.0005692797838342526,0.022568126696902432,0.007996343856469846,0.001437428320350257
-3.61,0.0005902357449227856,0.022684408334019197,0.008092914439479069,0.0014753215450126114
-3.5999999999999996,0.0006119019301137731,0.022801567778208506,0.00819077268712906,0.0015141706922918092
-3.59,0.0006342999975387576,0.02291961363928765,0.008289936964668388,0.0015539983615826195
-3.58,0.0006574521756546766,0.02303855462955551,0.008390425907808762,0.0015948276349315796
-3.5700000000000003,0.0006813812750668916,0.023158399565205327,0.008492258426631179,0.0016366820856283347
-3.56,0.0007061107004880362,0.023279157367759096,0.008595453709541677,0.0016795857868930866
-3.55,0.0007316644628303109,0.02340083706552404,0.008700031227276825,0.0017235633206591154
-3.54,0.0007580671914287103,0.02352344779507159,0.008806010736959531,0.0017686397864493776
-3.5300000000000002,0.0007853441463924686,0.023646998802739093,0.008913412286205305,0.0018148408103460553
-3.52,0.0008135212310818085,0.02377149944615476,0.009022256217279276,0.0018621925540518013
-3.51,0.0008426250047069028,0.02389695919578613,0.009132563171304404,0.0019107217240413598
-3.5,0.0008726826950457602,0.02402338763651251,0.00924435409252092,0.0019604555808020877
-3.49,0.0009037222112775245,0.024150794469221835,0.00935765023259756,0.0020114219481619016
-3.48,0.0009357721569274798,0.024279189512432176,0.009472473154994526,0.002063649222702849
-3.4699999999999998,0.0009688618429198468,0.02440858270393844,0.009588844739378653,0.0021171663832586555
-3.46,0.0010030213007342376,0.02453898410248471,0.009706787186090813,0.0021720030004942436
-3.45,0.0010382812956614103,0.02467040388946256,0.009826323020665962,0.0022281892465652593
-3.44,0.0010746733401537356,0.02480285237063574,0.00994747509840576,0.0022857559048554076
-3.4299999999999997,0.001112229707265567,0.02493633997789178,0.010070266609004128,0.002344734379789304
-3.42,0.0011509834441784845,0.02507087727102098,0.010194721081225792,0.0024051567067184944
-3.41,0.0011909683858061168,0.025206474939523025,0.010320862387637965,0.0024670555618779835
-3.4,0.00123221916847302,0.025343143804441942,0.010448714749395217,0.002530464272410659
-3.3899999999999997,0.0012747712436618351,0.025480894820229655,0.010578302741077636,0.00259541682645669
-3.38,0.0013186608918227423,0.025619739076638774,0.01070965129558243,0.002661947883304982
-3.37,0.0013639252362389036,0.025759687800645043,0.010842785709068796,0.0027300927836035305
-3.36,0.001410602256941385,0.025900752358399847,0.010977731645956182,0.0027998875596253053
-3.3499999999999996,0.0014587308046667472,0.026042944257213402,0.0111145151439759,0.0028713689455862864
-3.34,0.0015083506148503075,0.02618627514756908,0.011253162619276112,0.0029445743880120376
-3.33,0.0015595023216476915,0.02633075682516943,0.011393700871579855,0.003019542056148934
-3.3200000000000003,0.0016122274719771231,0.026476401233014264,0.011536157089396249,0.0030963108524162263
-3.31,0.0016665685395745797,0.026623220463511572,0.01168055885528458,0.003174920422894676
-3.3,0.0017225689390536812,0.0267712267606216,0.011826934151171158,0.0032554111678475676
-3.29,0.0017802730399618788,0.02692043252203472,0.011975311363718684,0.0033378242522695513
-3.2800000000000002,0.0018397261808242777,0.027070850301383745,0.012125719289747778,0.0034222016164586282
-3.27,0.0019009746831660803,0.027222492810491047,0.012278187141710596,0.0035085859866065333
-3.26,0.001964065865504376,0.02737537292165114,0.012432744553215951,0.003597020885402244
-3.25,0.002029048057299768,0.027529503669949468,0.012589421584605687,0.0036875506426436544
-3.24,0.002095970612857942,0.027684898255617752,0.01274824872858186,0.003780220405851711
-3.23,0.0021648839251710624,0.027841570046426605,0.01290925691588424,0.0038750761508815667
-3.2199999999999998,0.002235839439688543,0.02799953258011601,0.013072477521017605,0.003972164692524708
-3.21,0.0023088896680064958,0.028158799566864304,0.013237942368028171,0.004071533695096165
-3.2,0.0023840882014648404,0.02831938489179632,0.013405683736328876,0.004173231683000506
-3.19,0.0024614897246407006,0.028481302617531228,0.013575734366572329,0.0042773080512699575
-3.1799999999999997,0.002541150028726526,0.028644566986770707,0.013748127466571048,0.004383813076068189
-3.17,0.0026231260247810244,0.028809192424928343,0.013922896717264103,0.004492797925152624
-3.16,0.0027074757568407003,0.028975193542800638,0.014100076278729444,0.004604314668288291
-3.15,0.002794258414879447,0.02914258513928046,0.014279700796240564,0.0047184162876056784
-3.1399999999999997,0.0028835343476034414,0.02931138220411348,0.014461805406367122,0.004835156687895088
-3.13,0.002975365075068254,0.029481599920698612,0.014646425743118002,0.004954590706829597
-3.12,0.0030698133011047403,0.02965325366893266,0.01483359794412602,0.005076774125108518
-3.11,0.0031669429255400815,0.029826359028100453,0.015023358656872815,0.005201763676513105
-3.0999999999999996,0.0032668190561999247,0.030000931779810634,0.015215745044952822,0.005329617057865797
-3.09,0.0033695080206774812,0.03017698791097835,0.015410794794375102,0.005460392938884392
-3.08,0.003475077377854938,0.030354543616855238,0.01560854611990131,0.00559415097192189
-3.0700000000000003,0.0035835959291623588,0.030533615304107548,0.01580903777141852,0.005730951801582784
-3.06,0.003695133729559035,0.0307142195939433,0.016012309040345337,0.005870857074206315
-3.05,0.0038097620982218104,0.03089637332528908,0.016218399766069484,0.006013929447206618
-3.04,0.003927553628924779,0.031080093558017368,0.016427350342415156,0.00616023259826009
-3.0300000000000002,0.0040485822000944265,0.03126539757622516,0.016639201724138374,0.006309831234329229
-3.02,0.004172922984523962,0.03145230289156464,0.016853995433448298,0.00646279110051266
-3.01,0.00430065245873045,0.031640827246626854,0.017071773566552303,0.006619178988710377
-3.0,0.0044318484119380075,0.03183098861837907,0.01729257880022295,0.006779062746093082
-2.9899999999999998,0.004566589954670149,0.032022805221656805,0.017516454398384524,0.006942511283364356
-2.98,0.004704957526933979,0.0322162955127111,0.01774344421871634,0.007109594582803856
-2.9699999999999998,0.004847032905978953,0.03241147819281234,0.017973592719270955,0.007280383706079897
-2.96,0.004992899213612376,0.032608372211911034,0.018206944965104284,0.0074549508018189724
-2.95,0.005142640923053939,0.03280699677235668,0.018443546634914872,0.0076333691129200545
-2.94,0.00529634386531102,0.03300737133267564,0.018683444027689698,0.007815712983600833
-2.93,0.005454095235056545,0.03320951561140865,0.018926684069353286,0.008002057866162959
-2.92,0.005615983595990969,0.03341344959100928,0.019173314319417118,0.008192480327463239
-2.91,0.005782098885669473,0.03361919352180382,0.019423382977626063,0.008387058055077067
-2.9,0.005952532419775854,0.03382676792601389,0.01967693889059852,0.008585869863140687
-2.89,0.006127376895823688,0.03403619360184244,0.019934031558456303,0.008788995697857845
-2.88,0.0063067263962659275,0.03424749162762424,0.020194711141441397,0.0089965166426572
-2.87,0.006490676390993364,0.03446068336604171,0.020459028466514723,0.009208514922985422
-2.86,0.00667932373920262,0.034675790468407214,0.020727035033933715,0.009425073910721603
-2.85,0.006872766690613971,0.03489283487901241,0.0209987830238041,0.00964627812819784
-2.84,0.007071104886019449,0.03511183883954627,0.021274325302601635,0.00987221325181085
-2.83,0.007274439357141218,0.035332824893581985,0.021553715429659382,0.010102966115208924
-2.82,0.007482872525780564,0.03555581589113431,0.02183700766361567,0.010338624712038837
-2.81,0.007696508202237322,0.03578083499328815,0.02212425696881789,0.010579278198236522
-2.8,0.007915451582979969,0.03600790567689941,0.022415519021677262,0.010825016893845307
-2.79,0.008139809247546021,0.03623705173936894,0.022710850216968958,0.011075932284345525
-2.78,0.008369689154653033,0.036468297303490986,0.02301030767407254,0.011332117021478785
-2.77,0.008605200637499673,0.03670166682237669,0.023313949243146514,0.011593664923549761
-2.76,0.008846454398237232,0.036937185084454004,0.023621833511231805,0.011860670975189178
-2.75,0.009093562501591053,0.03717487721854491,0.023934019808277394,0.012133231326559912
-2.7399999999999998,0.009346638367612292,0.037414768699020974,0.024250568213082378,0.01241144329198943
-2.73,0.009605796763539587,0.03765688535103819,0.02457153955914754,0.012695405348010579
-2.7199999999999998,0.009871153794751146,0.0379012533558524,0.024896995440429764,0.012985217130793128
-2.71,0.010142826894787078,0.03814789925621586,0.025226998216992418,0.013280979432947959
-2.6999999999999997,0.010420934814422605,0.038396849961856556,0.025561611020544557,0.013582794199685918
-2.69,0.010705597609772188,0.03864813275504071,0.02590089775986085,0.013890764524312838
-2.68,0.010996936629405572,0.03890177529622002,0.02624492312607539,0.014204994643042685
-2.67,0.011295074500456135,0.03915780562976427,0.02659375259784075,0.01452558992910993
-2.66,0.011600135113702562,0.03941625218978042,0.02694745244634424,0.0148526568861625
-2.65,0.01191224360760518,0.039677143806019416,0.027306089740172665,0.015186303140916962
-2.64,0.012231526351277971,0.039940509709871355,0.027669732350017278,0.015526637435056445
-2.63,0.012558110926378211,0.040206379540450275,0.028038448953209047,0.015873769616352798
-2.62,0.012892126107895304,0.04047478335076938,0.02841230903807558,0.01622781062899385
-2.61,0.013233701843821374,0.04074575161400786,0.028791382908109658,0.016588872503096687
-2.6,0.013582969233685615,0.04101931522986993,0.02917574168593928,0.01695706834338752
-2.59,0.013940060505935825,0.041295505531037585,0.029565457317089545,0.01733251231702975
-2.58,0.014305108994149692,0.041574354289717196,0.02996060257352479,0.017715319640580096
-2.57,0.014678249112060044,0.04185589372428181,0.030361251056961223,0.01810560656605446
-2.56,0.01505961632737745,0.042140156506009156,0.030767477201937638,0.018503490366083772
-2.55,0.015449347134395174,0.042427175765916786,0.031179356278633722,0.01890908931814113
-2.54,0.015847579025360818,0.04271698510169504,0.031596964395423074,0.019322522687820847
-2.53,0.016254450460600506,0.043009618584738445,0.03202037850114941,0.019743910711150704
-2.52,0.016670100837381057,0.04330511076727671,0.03244967638711306,0.020173374575918175
-2.51,0.017094670457496956,0.043603496689605746,0.032884936688754675,0.020611036401992244
-2.5,0.01752830049356854,0.04390481188741942,0.03332623888702283,0.02105701922062158
-2.4899999999999998,0.01797113295403965,0.04420909239924318,0.03377366330941241,0.021511446952691297
-2.48,0.01842331064686205,0.04451637477396938,0.03422729113065875,0.02197444438591898
-2.4699999999999998,0.018884977141856187,0.044826696078495806,0.03468720437307386,0.022446137150972933
-2.46,0.019356276731736965,0.04514009390546695,0.03515348590650961,0.022926651696493487
-2.4499999999999997,0.019837354391795337,0.045456606381119716,0.03562621944793267,0.023416115263000796
-2.44,0.02032835573822584,0.045776272173232664,0.03610548956059564,0.023914655855670576
-2.43,0.020829426985092186,0.04609913049918039,0.036591381652788385,0.02442240221596162
-2.42,0.021340714899922786,0.046425221134092344,0.037083981976153174,0.024939483792077284
-2.41,0.021862366757929387,0.04675458441911704,0.037583377623546674,0.02546603070824488
-2.4,0.0223945302948429,0.04708726126979154,0.03808965652643196,0.026002173732796816
-2.39,0.022937353658360693,0.04742329318451613,0.038602907451782235,0.0265480442450372
-2.38,0.023490985358201367,0.047762722253134694,0.03912321999847904,0.027103774200878974
-2.37,0.02405557421476297,0.048105591165619965,0.039650684593185916,0.02766949609723625
-2.36,0.024631269306382507,0.04845194322086441,0.04018539248567854,0.02824534293515734
-2.35,0.025218219915194382,0.04880182233557543,0.040727435743612546,0.028831448181684413
-2.34,0.02581657547158769,0.0491552730532755,0.04127690724670895,0.02942794573042654
-2.33,0.026426485497261724,0.04951234055340584,0.04183390068033668,0.030034969860832223
-2.32,0.027048099546881785,0.04987307066053376,0.04239851052847251,0.030652655196150232
-2.31,0.027681567148336573,0.05023750985366247,0.04297083206601609,0.03128113666006552
-2.3,0.02832703774160119,0.050605705275642406,0.04355096135043999,0.0319205494320001
-2.29,0.028984660616209416,0.050977704742683594,0.04413899521275137,0.032571028901067604
-2.28,0.029654584847341278,0.05135355675396727,0.04473503124774456,0.03323271061867184
-2.27,0.03033695923053164,0.05173331050135559,0.045339167803519945,0.03390573024974031
-2.26,0.031031932215008273,0.05211701587919818,0.04595150397024788,0.03459022352258378
-2.25,0.03173965183566742,0.05250472349423352,0.04657213956815204,0.035286326177374774
-2.2399999999999998,0.03246026564369747,0.052896484675583416,0.04720117513469013,0.03599417391323792
-2.23,0.03319392063586112,0.0532923514848383,0.047838711910905524,0.03671390233394565
-2.2199999999999998,0.033940763182449214,0.053692376726231485,0.048484851826926696,0.03744564689221496
-2.21,0.03470093895391882,0.05409661395689922,0.04913969748658767,0.03818954283260012
-2.1999999999999997,0.03547459284623146,0.05450511749722446,0.049803352151145105,0.03894572513297868
-2.19,0.03626186890490622,0.05491794244126062,0.05047591972206448,0.03971432844462756
-2.18,0.037062910247806474,0.05533514466723294,0.05115750472285035,0.040495487030888976
-2.17,0.03787785898667748,0.055756780848112746,0.051848212279892794,0.04128933470442449
-2.16,0.03870685614745561,0.056182908462261844,0.05254814810230289,0.04209600476305895
-2.15,0.03955004158937022,0.056613585804142406,0.05325741846071029,0.042915629924215666
-2.14,0.04040755392286031,0.05704887199508761,0.053976130164994154,0.04374834225794542
-2.13,0.041279530426330424,0.057488826994128606,0.05470439054091968,0.04459427311855402
-2.12,0.04216610696177031,0.05793351160887281,0.05544230740565114,0.045453553074832655
-2.11,0.04306741788926574,0.05838298750642702,0.05618998904211318,0.04632631183889869
-2.1,0.0439835959804272,0.05883731722436058,0.056947544172170544,0.04721267819365317
-2.09,0.0449147723307671,0.059296564181701324,0.05771508192859706,0.048112779918865124
-2.08,0.045861076271054894,0.05976079268995771,0.05849271182580411,0.049026743715891934
-2.07,0.04682263527768316,0.060230067964160305,0.059280543729298724,0.049954695131048374
-2.06,0.047799574882077034,0.06070445613391388,0.06007868782384092,0.050896758477635695
-2.05,0.04879201857918277,0.061184024254452817,0.060887254580270216,0.05185305675664669
-2.04,0.049800087735070775,0.061668840317690404,0.061706354720970615,0.052823711576161156
-2.03,0.05082390149369121,0.06215897326325269,0.06253609918394347,0.05380884306944953
-2.02,0.051863576682820565,0.06265449298948718,0.06337659908545755,0.054808569811802633
-2.01,0.05291922771924032,0.06315547036443539,0.06422796568124572,0.05582300873610878
-2.0,0.05399096651318806,0.06366197723675814,0.06509031032621647,0.05685227504719785
-1.9899999999999998,0.05507890237212579,0.06417408644660204,0.06596374443265118,0.05789648213497792
-1.98,0.05618314190386805,0.06469187183639354,0.06684837942685413,0.05895574148638647
-1.9699999999999998,0.05730378891911716,0.06521540826154823,0.06774432670422655,0.06003016259618464
-1.96,0.058440944333451476,0.06574477160108039,0.06865169758273229,0.061119852876620695
-1.9499999999999997,0.05959470606881611,0.06628003876809804,0.06957060325472639,0.06222491756599336
-1.94,0.06076516895456478,0.06682128772016768,0.07050115473711424,0.06334545963614499
-1.9299999999999997,0.0619524246281052,0.06736859746953182,0.07144346281981345,0.0644815796989185
-1.92,0.06315656143519865,0.0679220480931612,0.07239763801248651,0.06563337591161116
-1.9100000000000001,0.06437766432996934,0.06848172074262401,0.07336379048951654,0.06680094388146247
-1.9,0.0656158147746766,0.0690476976537507,0.07434203003319621,0.06798437656921316
-1.8900000000000001,0.06687109063930714,0.06962006215607507,0.07533246597510082,0.06918376419177483
-1.88,0.06814356610104459,0.07019889868202868,0.07633520713561913,0.07039919412405206
-1.87,0.06943331154367419,0.07078429277586576,0.07735036176161192,0.07163075079995897
-1.8599999999999999,0.0707403934569834,0.07137633110229409,0.07837803746217385,0.07287851561267587
-1.85,0.072064874336218,0.07197510145478592,0.0794183411424704,0.07414256681419117
-1.8399999999999999,0.07340681258165692,0.07258069276354225,0.08047137893562584,0.07542297941417833
-1.83,0.0747662623983676,0.07319319510308141,0.08153725613263639,0.07671982507825571
-1.8199999999999998,0.07614327369620735,0.07381269969942278,0.08261607711028628,0.07803317202568354
-1.81,0.07753789199013399,0.07443929893683279,0.08370794525704167,0.07936308492654782
-1.7999999999999998,0.07895015830089419,0.07507308636410162,0.08481296289690377,0.08070962479849056
-1.79,0.08038010905615417,0.07571415670031419,0.08593123121119714,0.08207284890303931
-1.7799999999999998,0.08182777599214285,0.07636260584008034,0.08706285015827686,0.08345281064159706
-1.77,0.08329318605587446,0.0770185308581845,0.088207918391134,0.0848495594511516
-1.7599999999999998,0.08477636130802226,0.07768203001361547,0.08936653317288447,0.08626314069976723
-1.75,0.08627731882651153,0.07835320275293309,0.09053879029012452,0.08769359558192136
-1.7399999999999998,0.08779607061090568,0.07903214971292848,0.09172478396414055,0.0891409610137525
-1.73,0.089332623487655,0.07971897272253016,0.09292460675995992,0.09060526952828589
-1.7199999999999998,0.0908869790162829,0.08041377480390832,0.09413834949323352,0.09208654917070663
-1.71,0.09245913339658068,0.08111666017272515,0.09536610113494089,0.09358482339374817
-1.6999999999999997,0.09404907737688697,0.08182773423747834,0.09660794871391179,0.09510011095327145
-1.69,0.09565679616352402,0.08254710359788149,0.09786397721715968,0.09663242580410512
-1.6799999999999997,0.09728226933146754,0.08327487604222238,0.0991342694880249,0.09818177699622356
-1.67,0.09892547073632373,0.0840111605436382,0.10041890612212731,0.0997481685713386
-1.6600000000000001,0.10058636842769056,0.08475606725524305,0.10171796536113147,0.10133159945998325
-1.65,0.10226492456397804,0.08550970750404052,0.10303152298432812,0.10293206337916633
-1.6400000000000001,0.1039610953287642,0.08627219378355123,0.10435965219804019,0.10454954873067904
-1.63,0.10567483084876363,0.08704363974508209,0.10570242352286406,0.10618403850013643
-1.62,0.1074060751134838,0.08782416018755952,0.10705990467875778,0.1078355101568352
-1.6099999999999999,0.10915476589664741,0.08861387104584806,0.10843216046799321,0.1095039355545153
-1.6,0.11092083467945554,0.08941288937746927,0.10981925265599089,0.11118928083310863
-1.5899999999999999,0.1127042065757706,0.09022133334763492,0.11122123985006085,0.11289150632156372
-1.58,0.11450480025929236,0.0910393222125016,0.11263817737607226,0.1146105664418338
-1.5699999999999998,0.11632252789280711,0.09186697630055433,0.11407011715308527,0.11634640961411785
-1.56,0.11815729505958228,0.09270441699201734,0.11551710756597325,0.11809897816344425
-1.5499999999999998,0.12000900069698565,0.09355176669619128,0.11697919333607537,0.11986820822768941
-1.54,0.12187753703240178,0.09440914882660777,0.118456415389917,0.12165402966712154
-1.5299999999999998,0.12376278952152316,0.09527668777389053,0.11994881072604394,0.12345636597556463
-1.52,0.12566463678908815,0.09615450887620551,0.12145641228001787,0.12527513419327432
-1.5099999999999998,0.12758295057214192,0.09704273838718051,0.12297924878762495,0.12711024482162048
-1.5,0.12951759566589174,0.09794150344116635,0.12451734464635511,0.1289616017396715
-1.4899999999999998,0.13146842987223106,0.09885093201571092,0.12607071977521303,0.1308291021227757
-1.48,0.13343530395100234,0.09977115289110794,0.12763938947292539,0.13271263636323444
-1.4699999999999998,0.13541806157407132,0.10070229560688122,0.1292233642746165,0.13461208799316482
-1.46,0.13741653928228179,0.10164449041505648,0.13082264980702596,0.1365273336096457
-1.4499999999999997,0.13943056644536034,0.10259786823006957,0.13243724664234882,0.13845824280224653
-1.44,0.1414599652248388,0.10356256057515317,0.13406715015078383,0.14040467808303259
-1.4299999999999997,0.14350455054006248,0.10453869952503889,0.13571235035187892,0.1423664948191459
-1.42,0.1455641300373476,0.10552641764480532,0.1373728317647696,0.14434354116805503
-1.4100000000000001,0.1476385040623557,0.10652584792469819,0.13904857325741196,0.14633565801557372
-1.4,0.14972746563574488,0.1075371237107401,0.14073954789491455,0.14834267891674108
-1.3900000000000001,0.15183080043216163,0.10856037863094392,0.14244572278708176,0.15036443003966027
-1.38,0.15394828676263372,0.10959574651693663,0.144167058935286,0.15240073011239166
-1.37,0.15607969556042084,0.11064336132079346,0.1459035110787904,0.15445139037299216
-1.3599999999999999,0.1582247903703831,0.11170335702687771,0.14765502754065196,0.15651621452279801
-1.35,0.1603833273419196,0.11277586755847326,0.14942155007333754,0.1585949986830403
-1.3399999999999999,0.16255505522553418,0.1138610266789923,0.15120301370419498,0.16068753135488906
-1.33,0.1647397153730768,0.11495896788753322,0.15299934658092304,0.16279359338301305
-1.3199999999999998,0.16693704174171387,0.1160698243085585,0.15481046981719396,0.16491295792274915
-1.31,0.1691467609016724,0.11719372857545404,0.15663629733858464,0.16704539041096586
-1.2999999999999998,0.1713685920478074,0.11833081270772891,0.15847673572898247,0.1691906485407126
-1.29,0.173602247015033,0.1194812079816038,0.16033168407763246,0.1713484822397365
-1.2799999999999998,0.17584743029766242,0.12064504479373517,0.16220103382700488,0.17351863365295478
-1.27,0.1781038390726936,0.12182245251781193,0.16408466862166157,0.17570083712896187
-1.2599999999999998,0.18037116322708038,0.12301355935376056,0.16598246415831142,0.1778948192106557
-1.25,0.18264908538902191,0.12421849216928423,0.16789428803724618,0.1801002986300583
-1.2399999999999998,0.18493728096330536,0.12543737633346108,0.16981999961535754,0.18231698630741183
-1.23,0.18723541817072956,0.12667033554211896,0.17175944986093875,0.1845445853546201
-1.2199999999999998,0.1895431580916403,0.12791749163470137,0.17371248121048344,0.1867827910831132
-1.21,0.1918601547135994,0.12917896440233378,0.1756789274276957,0.18903129101620095
-1.1999999999999997,0.19418605498321304,0.1304548713867995,0.17765861346493553,0.19128976490598662
-1.19,0.19652049886213654,0.13174532767012573,0.1796513553273238,0.19355788475490232
-1.1799999999999997,0.19886311938727597,0.1330504456544854,0.18165695993974204,0.1958353148419332
-1.17,0.2012135427351974,0.13437033483211225,0.1836752250169615,0.19812171175358487
-1.1600000000000001,0.2035713882907594,0.1357051015449312,0.18570593893714565,0.2004167244196556
-1.15,0.20593626871997478,0.13705484873360205,0.18774888061897188,0.202719994153864
-1.1400000000000001,0.2083077900471083,0.13841967567567867,0.18980381940262314,0.20503115469938316
-1.13,0.21068555173601533,0.13979967771258764,0.19187051493490642,0.20734983227933101
-1.12,0.21306914677571784,0.14119494596513074,0.19394871705875558,0.20967564565225688
-1.1099999999999999,0.21545816177021973,0.14260556703722538,0.19603816570738333,0.2120082061726697
-1.1,0.21785217703255055,0.14403162270759762,0.19813859080334623,0.2143471178566401
-1.0899999999999999,0.22025076668303337,0.14547318960915442,0.20024971216279563,0.21669197745251412
-1.08,0.22265349875176116,0.1469303388957675,0.2023712394051832,0.2190423745167652
-1.0699999999999998,0.2250599352852697,0.14840313589621465,0.20450287186869814,0.22139789149501243
-1.06,0.2274696324573859,0.14989163975503425,0.20664429853171085,0.2237581038082253
-1.0499999999999998,0.2298821406842331,0.15139590306006698,0.20879519794050327,0.22612257994413526
-1.04,0.2322970047433662,0.15291597145647134,0.21095523814356257,0.2284908815538652
-1.0299999999999998,0.23471376389701187,0.15445188324702355,0.21312407663272145,0.23086256355378995
-1.02,0.23713195201937962,0.1560036689785291,0.2153013602914222,0.2332371742326294
-1.0099999999999998,0.23955109772801342,0.15757135101420267,0.21748672535038843,0.23561425536378044
-1.0,0.24197072451914337,0.15915494309189535,0.2196797973509805,0.23799334232287925
-0.9900000000000002,0.24439035090699954,0.16075444986808277,0.22188019111651622,0.2403739642105912
-0.9799999999999995,0.24680949056704282,0.1623698664475571,0.22408751073183142,0.24275564398061264
-0.9699999999999998,0.249227652483066,0.1640011778988051,0.22630134953135592,0.2451378985728698
-0.96,0.2516443410981171,0.16564835875509512,0.22852129009597716,0.24752023905189446
-0.9500000000000002,0.25405905646918897,0.16731137250133546,0.23074690425895875,0.2499021707503474
-0.9399999999999995,0.2564712944256205,0.1689901710468204,0.23297775312117816,0.25228319341766237
-0.9299999999999997,0.2588805467311489,0.17068469418402638,0.23521338707594433,0.25466280137377223
-0.9199999999999999,0.26128630124955315,0.1723948690336822,0.23745334584364974,0.2570404836678809
-0.9100000000000001,0.26368804211381813,0.17412060947639119,0.23969715851650342,0.25941572424223164
-0.9000000000000004,0.26608524989875476,0.17586181557115504,0.24194434361358974,0.26178800210082537
-0.8899999999999997,0.26847740179700247,0.17761837296121355,0.2441944091464855,0.264156791483033
-0.8799999999999999,0.27086397179833804,0.17939015226769095,0.24644685269566305,0.2665215620420412
-0.8700000000000001,0.2732444308722162,0.18117700847162088,0.2487011614978991,0.2688817790280709
-0.8600000000000003,0.2756182471534566,0.18297878028500264,0.2509568125448952,0.27123690347629403
-0.8499999999999996,0.2779848861309966,0.18479528951163476,0.2532132726933116,0.27358639239937843
-0.8399999999999999,0.2803438108396206,0.18662634039856404,0.25546999878640086,0.2759296989845796
-0.8300000000000001,0.28269448205458025,0.18847171897909332,0.25772643778742116,0.27826627279529736
-0.8200000000000003,0.28503635848900716,0.19033119240838953,0.2599820269249892,0.2805955599770059
-0.8099999999999996,0.28736889699402846,0.1922045082928512,0.26223619385053004,0.2829170034674666
-0.7999999999999998,0.28969155276148284,0.19409139401450656,0.26448835680795746,0.28523004321112194
-0.79,0.2920037795291414,0.19599155605183838,0.26673792481571407,0.2875341163775713
-0.7800000000000002,0.2943050297883251,0.1979046792985518,0.2689842978612753,0.2898286575840172
-0.7699999999999996,0.2965947549938158,0.19983042638193918,0.2712268671082157,0.2921130991215717
-0.7599999999999998,0.29887240577595287,0.20176843698262603,0.2734650151159101,0.2943868711853035
-0.75,0.30113743215480443,0.20371832715762608,0.27569811607193667,0.29664940210790813
-0.7400000000000002,0.3033892837563001,0.20567968866877145,0.2779255360372176,0.29890011859687055
-0.7299999999999995,0.30562741003021,0.2076520883187363,0.2801466332039273,0.30113844597499184
-0.7199999999999998,0.307851260469853,0.20963506729701714,0.2823607581661714,0.30336380842414457
-0.71,0.31006028483341613,0.21162814053838888,0.2845672542034256,0.30557562923211934
-0.7000000000000002,0.3122539333667612,0.21363079609650384,0.2867654575766978,0.30777333104241533
-0.6899999999999995,0.3144316570275974,0.21564249453545892,0.2889546978373623,0.3099563361068321
-0.6799999999999997,0.3165929077108929,0.21766266834230774,0.291134298148589,0.31212406654070635
-0.6699999999999999,0.3187371384754016,0.2196907213636488,0.2933035756192755,0.3142759445806441
-0.6600000000000001,0.32086380377117246,0.22172602826956722,0.29546184165035827,0.3164113928445841
-0.6499999999999995,0.32297235966791443,0.22376793404835915,0.29760840229336716,0.31852983459403295
-0.6399999999999997,0.32506226408408223,0.22581575353560646,0.29974255862105786,0.32063069399830424
-0.6299999999999999,0.3271329770165545,0.22786877098130914,0.3018636071099392,0.32271339640059504
-0.6200000000000001,0.3291839607707648,0.2299262396589069,0.30397084003448227,0.32477736858572265
-0.6100000000000003,0.3312146801911529,0.23198738152014478,0.30606354587278295,0.32682203904935025
-0.5999999999999996,0.3332246028917997,0.2340513868998462,0.3081410097234199,0.3288468382685197
-0.5899999999999999,0.33521319948710615,0.23611741427475025,0.3102025137332284,0.33085119897331133
-0.5800000000000001,0.33717994382238053,0.23818459008065754,0.31224733753568845,0.33283455641944737
-0.5700000000000003,0.3391243132041921,0.2402520085921886,0.314274758699598,0.33479634866165003
-0.5599999999999996,0.3410457886303527,0.2423187318695119,0.31628405318768166,0.336736016827568
-0.5499999999999998,0.34294385501938396,0.2443837897764229,0.3182744958247605,0.33865300539207754
-0.54,0.3448180014393334,0.24644618007416438,0.3202453607750855,0.34054676245176874
-0.5300000000000002,0.3466677213357916,0.24850486859535537,0.3221959220284133,0.34241673999941813
-0.5199999999999996,0.3484925127589746,0.2505587895023543,0.32412545389437974,0.3442623941982539
-0.5099999999999998,0.3502918785897259,0.25260684563430746,0.3260332315047055,0.3460831856558147
-0.5,0.3520653267642995,0.2546479089470326,0.32791853132274645,0.34787857969720376
-0.4900000000000002,0.3538123704977797,0.25668082104974654,0.3297806316598754,0.34964804663753724
-0.47999999999999954,0.3555325285059972,0.25870439384248284,0.33161881319816633,0.3513910620533858
-0.46999999999999975,0.3572253252258009,0.260717410257835,0.3334323595188268,0.3531071070530082
-0.45999999999999996,0.35889029103354464,0.2627186251104248,0.33522055763581066,0.35479566854517536
-0.4500000000000002,0.36052696246164795,0.2647067660572064,0.33698269853401397,0.3564562395063805
-0.4399999999999995,0.36213488241309233,0.26668053467140657,0.33871807771145024,0.35808831924623435
-0.4299999999999997,0.3637136003737135,0.26863860763253505,0.34042599572477383,0.35969141367084295
-0.41999999999999993,0.3652626726221539,0.2705796380345042,0.3421057587375115,0.3612650355439656
-0.41000000000000014,0.3667816624373361,0.2725022568134498,0.3437566790703392,0.36280870474575183
-0.39999999999999947,0.36827014030332345,0.27440507429637145,0.3453780757527334,0.364321948528856
-0.3899999999999997,0.3697276841114324,0.27628668187118377,0.3469692750753071,0.3658043017717307
-0.3799999999999999,0.3711538793594661,0.2781456537782163,0.34852961114213316,0.3672553072288995
-0.3700000000000001,0.3725483193479334,0.27998054902259717,0.3500584264223418,0.36867451577801363
-0.3600000000000003,0.37391060537312837,0.28178991340633025,0.35155507230027294,0.3700614866634933
-0.34999999999999964,0.375240346916938,0.2835722816782101,0.3530189096234539,0.3714157877365646
-0.33999999999999986,0.376537161833254,0.28532617979902364,0.3544493092476637,0.37273699569149565
-0.33000000000000007,0.37780067653086463,0.28705012731877605,0.3558456525783459,0.37402469629784685
-0.3200000000000003,0.37903052615270166,0.28874263986192916,0.3572073321076173,0.3752784846285435
-0.3099999999999996,0.380226354751325,0.29040223171589347,0.35853375194612663,0.37649796528359014
-0.2999999999999998,0.38138781546052414,0.29202741851723923,0.3598243283490097,0.37768275260924183
-0.29000000000000004,0.38251457066292405,0.29361672002932454,0.3610784902351906,0.3788324709124566
-0.28000000000000025,0.3836062921534785,0.295168663004257,0.36229567969927706,0.37994675467045036
-0.2699999999999996,0.3846626612987429,0.29668178412134477,0.3634753525153052,0.38102524873518523
-0.2599999999999998,0.3856833691918161,0.2981546329934346,0.36461697863158943,0.38206760853262
-0.25,0.3866681168028493,0.2995857752318031,0.3657200426559432,0.38307350025656056
-0.2400000000000002,0.3876166151250141,0.30097379555956005,0.3667840443305413,0.3840426010569476
-0.22999999999999954,0.38852858531583595,0.3023173009628557,0.3678084989957048,0.38497459922242605
-0.21999999999999975,0.38940375883379047,0.3036149238685528,0.36879293804190155,0.3858691943570432
-0.20999999999999996,0.39024187757007434,0.30486532533645316,0.3697369093492681,0.38672609755092896
-0.20000000000000018,0.3910426939754559,0.3060671982536449,0.3706399777139694,0.3875450315448136
-0.1899999999999995,0.3918059711821212,0.30721927051808784,0.37150172526073405,0.38832573088824585
-0.17999999999999972,0.39253148312042896,0.3083203081981701,0.3723217518409149,0.38906794209137713
-0.16999999999999993,0.3932190146304972,0.30936911865467076,0.3730996754154488,0.38977142377018503
-0.16000000000000014,0.3938683615685408,0.3103645536113404,0.37383513242210265,0.3904359467850117
-0.14999999999999947,0.39447933090788895,0.3113055121601866,0.37452777812642274,0.39106129437230025
-0.13999999999999968,0.3950517408346113,0.31219094368751543,0.37517728695582003,0.3916472622694177
-0.1299999999999999,0.3955854208376874,0.31301985070684507,0.3757833528162541,0.3921936588324578
-0.1200000000000001,0.3960802117936561,0.3137912915849672,0.3763456893910002,0.39270030514692267
-0.11000000000000032,0.3965359660456858,0.3145043831477035,0.3768640304210136,0.39316703513119045
-0.09999999999999964,0.3969525474770118,0.31515830315226806,0.3773381299664312,0.39359369563267843
-0.08999999999999986,0.39732983157868834,0.3157522926136204,0.3777677626487822,0.39398014651662094
-0.08000000000000007,0.3976677055116089,0.3162856579727651,0.37815272387350796,0.3943262607473852
-0.07000000000000028,0.39796606816275104,0.3167577730956222,0.37849283003242273,0.3946319244622551
-0.05999999999999961,0.39822483019560695,0.31716808109186007,0.3787879186857801,0.3948970370376201
-0.04999999999999982,0.39844391409476404,0.31751609594393093,0.37903784872364266,0.39512151114751176
-0.040000000000000036,0.39862325420460504,0.3178014039374908,0.37924250050628516,0.3953052728144385
-0.03000000000000025,0.39876279676209975,0.3180236648853939,0.3794017759833981,0.39544826145247314
-0.019999999999999574,0.3988624999236661,0.31818261313853535,0.37951559879189056,0.3955504299025576
-0.009999999999999787,0.39892233378608216,0.318278058377953,0.37958391433213073,0.3956117444599938
0.0,0.3989422804014327,0.31830988618379075,0.3796066898224944,0.39563218489409685
0.009999999999999787,0.39892233378608216,0.318278058377953,0.37958391433213073,0.3956117444599938
0.020000000000000462,0.3988624999236661,0.31818261313853535,0.3795155987918905,0.3955504299025576
0.03000000000000025,0.39876279676209975,0.3180236648853939,0.3794017759833981,0.39544826145247314
0.040000000000000036,0.39862325420460504,0.3178014039374908,0.37924250050628516,0.3953052728144385
0.04999999999999982,0.39844391409476404,0.31751609594393093,0.37903784872364266,0.39512151114751176
0.0600000000000005,0.3982248301956069,0.31716808109186007,0.3787879186857801,0.39489703703762
0.07000000000000028,0.39796606816275104,0.3167577730956222,0.37849283003242273,0.3946319244622551
0.08000000000000007,0.3976677055116089,0.3162856579727651,0.37815272387350796,0.3943262607473852
0.08999999999999986,0.39732983157868834,0.3157522926136204,0.3777677626487822,0.39398014651662094
0.10000000000000053,0.39695254747701175,0.31515830315226806,0.3773381299664312,0.39359369563267843
0.11000000000000032,0.3965359660456858,0.3145043831477035,0.3768640304210136,0.39316703513119045
0.1200000000000001,0.3960802117936561,0.3137912915849672,0.3763456893910002,0.39270030514692267
0.1299999999999999,0.3955854208376874,0.31301985070684507,0.3757833528162541,0.3921936588324578
0.13999999999999968,0.3950517408346113,0.31219094368751543,0.37517728695582003,0.3916472622694177
0.15000000000000036,0.3944793309078889,0.31130551216018654,0.3745277781264227,0.3910612943723002
0.16000000000000014,0.3938683615685408,0.3103645536113404,0.37383513242210265,0.3904359467850117
0.16999999999999993,0.3932190146304972,0.30936911865467076,0.3730996754154488,0.38977142377018503
0.17999999999999972,0.39253148312042896,0.3083203081981701,0.3723217518409149,0.38906794209137713
0.1900000000000004,0.39180597118212107,0.30721927051808773,0.37150172526073394,0.3883257308882458
0.20000000000000018,0.3910426939754559,0.3060671982536449,0.3706399777139694,0.3875450315448136
0.20999999999999996,0.39024187757007434,0.30486532533645316,0.3697369093492681,0.38672609755092896
0.21999999999999975,0.38940375883379047,0.3036149238685528,0.36879293804190155,0.3858691943570432
0.23000000000000043,0.3885285853158359,0.30231730096285564,0.3678084989957047,0.384974599222426
0.2400000000000002,0.3876166151250141,0.30097379555956005,0.3667840443305413,0.3840426010569476
0.25,0.3866681168028493,0.2995857752318031,0.3657200426559432,0.38307350025656056
0.2599999999999998,0.3856833691918161,0.2981546329934346,0.36461697863158943,0.38206760853262
0.27000000000000046,0.38466266129874277,0.29668178412134466,0.3634753525153051,0.3810252487351852
0.28000000000000025,0.3836062921534785,0.295168663004257,0.36229567969927706,0.37994675467045036
0.29000000000000004,0.38251457066292405,0.29361672002932454,0.3610784902351906,0.3788324709124566
0.2999999999999998,0.38138781546052414,0.29202741851723923,0.3598243283490097,0.37768275260924183
0.3100000000000005,0.3802263547513249,0.2904022317158933,0.35853375194612647,0.3764979652835901
0.3200000000000003,0.37903052615270166,0.28874263986192916,0.3572073321076173,0.3752784846285435
0.33000000000000007,0.37780067653086463,0.28705012731877605,0.3558456525783459,0.37402469629784685
0.33999999999999986,0.376537161833254,0.28532617979902364,0.3544493092476637,0.37273699569149565
0.35000000000000053,0.37524034691693786,0.2835722816782099,0.3530189096234537,0.3714157877365645
0.3600000000000003,0.37391060537312837,0.28178991340633025,0.35155507230027294,0.3700614866634933
0.3700000000000001,0.3725483193479334,0.27998054902259717,0.3500584264223418,0.36867451577801363
0.3799999999999999,0.3711538793594661,0.2781456537782163,0.34852961114213316,0.3672553072288995
0.3899999999999997,0.3697276841114324,0.27628668187118377,0.3469692750753071,0.3658043017717307
0.40000000000000036,0.3682701403033233,0.27440507429637123,0.34537807575273327,0.36432194852885597
0.41000000000000014,0.3667816624373361,0.2725022568134498,0.3437566790703392,0.36280870474575183
0.41999999999999993,0.3652626726221539,0.2705796380345042,0.3421057587375115,0.3612650355439656
0.4299999999999997,0.3637136003737135,0.26863860763253505,0.34042599572477383,0.35969141367084295
0.4400000000000004,0.3621348824130922,0.26668053467140634,0.33871807771145007,0.3580883192462343
0.4500000000000002,0.36052696246164795,0.2647067660572064,0.33698269853401397,0.3564562395063805
0.45999999999999996,0.35889029103354464,0.2627186251104248,0.33522055763581066,0.35479566854517536
0.46999999999999975,0.3572253252258009,0.260717410257835,0.3334323595188268,0.3531071070530082
0.4800000000000004,0.35553252850599704,0.2587043938424826,0.33161881319816616,0.35139106205338566
0.4900000000000002,0.3538123704977797,0.25668082104974654,0.3297806316598754,0.34964804663753724
0.5,0.3520653267642995,0.2546479089470326,0.32791853132274645,0.34787857969720376
0.5099999999999998,0.3502918785897259,0.25260684563430746,0.3260332315047055,0.3460831856558147
0.5200000000000005,0.34849251275897447,0.2505587895023541,0.3241254538943795,0.3442623941982537
0.5300000000000002,0.3466677213357916,0.24850486859535537,0.3221959220284133,0.34241673999941813
0.54,0.3448180014393334,0.24644618007416438,0.3202453607750855,0.34054676245176874
0.5499999999999998,0.34294385501938396,0.2443837897764229,0.3182744958247605,0.33865300539207754
0.5600000000000005,0.3410457886303525,0.24231873186951175,0.3162840531876815,0.3367360168275678
0.5700000000000003,0.3391243132041921,0.2402520085921886,0.314274758699598,0.33479634866165003
0.5800000000000001,0.33717994382238053,0.23818459008065754,0.31224733753568845,0.33283455641944737
0.5899999999999999,0.33521319948710615,0.23611741427475025,0.3102025137332284,0.33085119897331133
0.6000000000000005,0.33322460289179956,0.23405138689984606,0.30814100972341973,0.32884683826851957
0.6100000000000003,0.3312146801911529,0.23198738152014478,0.30606354587278295,0.32682203904935025
0.6200000000000001,0.3291839607707648,0.2299262396589069,0.30397084003448227,0.32477736858572265
0.6299999999999999,0.3271329770165545,0.22786877098130914,0.3018636071099392,0.32271339640059504
0.6399999999999997,0.32506226408408223,0.22581575353560646,0.29974255862105786,0.32063069399830424
0.6500000000000004,0.3229723596679142,0.223767934048359,0.29760840229336694,0.3185298345940327
0.6600000000000001,0.32086380377117246,0.22172602826956722,0.29546184165035827,0.3164113928445841
0.6699999999999999,0.3187371384754016,0.2196907213636488,0.2933035756192755,0.3142759445806441
0.6799999999999997,0.3165929077108929,0.21766266834230774,0.291134298148589,0.31212406654070635
0.6900000000000004,0.31443165702759723,0.21564249453545872,0.28895469783736205,0.3099563361068319
0.7000000000000002,0.3122539333667612,0.21363079609650384,0.2867654575766978,0.30777333104241533
0.71,0.31006028483341613,0.21162814053838888,0.2845672542034256,0.30557562923211934
0.7199999999999998,0.307851260469853,0.20963506729701714,0.2823607581661714,0.30336380842414457
0.7300000000000004,0.3056274100302098,0.20765208831873616,0.2801466332039271,0.3011384459749917
0.7400000000000002,0.3033892837563001,0.20567968866877145,0.2779255360372176,0.29890011859687055
0.75,0.30113743215480443,0.20371832715762608,0.27569811607193667,0.29664940210790813
0.7599999999999998,0.29887240577595287,0.20176843698262603,0.2734650151159101,0.2943868711853035
0.7700000000000005,0.29659475499381566,0.19983042638193899,0.2712268671082155,0.29211309912157146
0.7800000000000002,0.2943050297883251,0.1979046792985518,0.2689842978612753,0.2898286575840172
0.79,0.2920037795291414,0.19599155605183838,0.26673792481571407,0.2875341163775713
0.7999999999999998,0.28969155276148284,0.19409139401450656,0.26448835680795746,0.28523004321112194
0.8100000000000005,0.28736889699402823,0.19220450829285105,0.2622361938505299,0.28291700346746645
0.8200000000000003,0.28503635848900716,0.19033119240838953,0.2599820269249892,0.2805955599770059
0.8300000000000001,0.28269448205458025,0.18847171897909332,0.25772643778742116,0.27826627279529736
0.8399999999999999,0.2803438108396206,0.18662634039856404,0.25546999878640086,0.2759296989845796
0.8500000000000005,0.27798488613099637,0.1847952895116346,0.2532132726933114,0.27358639239937826
0.8600000000000003,0.2756182471534566,0.18297878028500264,0.2509568125448952,0.27123690347629403
0.8700000000000001,0.2732444308722162,0.18117700847162088,0.2487011614978991,0.2688817790280709
0.8799999999999999,0.27086397179833804,0.17939015226769095,0.24644685269566305,0.2665215620420412
0.8899999999999997,0.26847740179700247,0.17761837296121355,0.2441944091464855,0.264156791483033
0.9000000000000004,0.26608524989875476,0.17586181557115504,0.24194434361358974,0.26178800210082537
0.9100000000000001,0.26368804211381813,0.17412060947639119,0.23969715851650342,0.25941572424223164
0.9199999999999999,0.26128630124955315,0.1723948690336822,0.23745334584364974,0.2570404836678809
0.9299999999999997,0.2588805467311489,0.17068469418402638,0.23521338707594433,0.25466280137377223
0.9400000000000004,0.2564712944256203,0.16899017104682026,0.23297775312117797,0.25228319341766214
0.9500000000000002,0.25405905646918897,0.16731137250133546,0.23074690425895875,0.2499021707503474
0.96,0.2516443410981171,0.16564835875509512,0.22852129009597716,0.24752023905189446
0.9699999999999998,0.249227652483066,0.1640011778988051,0.22630134953135592,0.2451378985728698
0.9800000000000004,0.24680949056704266,0.16236986644755694,0.22408751073183128,0.24275564398061247
0.9900000000000002,0.24439035090699954,0.16075444986808277,0.22188019111651622,0.2403739642105912
1.0,0.24197072451914337,0.15915494309189535,0.2196797973509805,0.23799334232287925
1.0099999999999998,0.23955109772801342,0.15757135101420267,0.21748672535038843,0.23561425536378044
1.0200000000000005,0.23713195201937948,0.15600366897852902,0.2153013602914221,0.23323717423262932
1.0300000000000002,0.23471376389701176,0.15445188324702347,0.21312407663272132,0.2308625635537898
1.04,0.2322970047433662,0.15291597145647134,0.21095523814356257,0.2284908815538652
1.0499999999999998,0.2298821406842331,0.15139590306006698,0.20879519794050327,0.22612257994413526
1.0600000000000005,0.22746963245738577,0.1498916397550342,0.2066442985317108,0.2237581038082252
1.0700000000000003,0.22505993528526957,0.1484031358962146,0.20450287186869806,0.22139789149501235
1.08,0.22265349875176116,0.1469303388957675,0.2023712394051832,0.2190423745167652
1.0899999999999999,0.22025076668303337,0.14547318960915442,0.20024971216279563,0.21669197745251412
1.1000000000000005,0.21785217703255041,0.14403162270759753,0.19813859080334612,0.21434711785663998
1.1100000000000003,0.21545816177021965,0.14260556703722532,0.1960381657073832,0.2120082061726696
1.12,0.21306914677571784,0.14119494596513074,0.19394871705875558,0.20967564565225688
1.13,0.21068555173601533,0.13979967771258764,0.19187051493490642,0.20734983227933101
1.1400000000000006,0.20830779004710823,0.13841967567567862,0.189803819402623,0.20503115469938307
1.1500000000000004,0.20593626871997467,0.137054848733602,0.1877488806189718,0.2027199941538639
1.1600000000000001,0.2035713882907594,0.1357051015449312,0.18570593893714565,0.2004167244196556
1.17,0.2012135427351974,0.13437033483211225,0.1836752250169615,0.19812171175358487
1.1799999999999997,0.19886311938727597,0.1330504456544854,0.18165695993974204,0.1958353148419332
1.1900000000000004,0.19652049886213643,0.13174532767012567,0.1796513553273237,0.19355788475490224
1.2000000000000002,0.19418605498321292,0.13045487138679945,0.17765861346493542,0.19128976490598648
1.21,0.1918601547135994,0.12917896440233378,0.1756789274276957,0.18903129101620095
1.2199999999999998,0.1895431580916403,0.12791749163470137,0.17371248121048344,0.1867827910831132
1.2300000000000004,0.18723541817072945,0.1266703355421189,0.17175944986093866,0.18454458535462
1.2400000000000002,0.18493728096330525,0.12543737633346103,0.1698199996153575,0.18231698630741175
1.25,0.18264908538902191,0.12421849216928423,0.16789428803724618,0.1801002986300583
1.2599999999999998,0.18037116322708038,0.12301355935376056,0.16598246415831142,0.1778948192106557
1.2700000000000005,0.17810383907269348,0.12182245251781187,0.16408466862166146,0.17570083712896176
1.2800000000000002,0.1758474302976623,0.12064504479373507,0.16220103382700476,0.17351863365295464
1.29,0.173602247015033,0.1194812079816038,0.16033168407763246,0.1713484822397365
1.2999999999999998,0.1713685920478074,0.11833081270772891,0.15847673572898247,0.1691906485407126
1.3100000000000005,0.1691467609016723,0.117193728575454,0.15663629733858458,0.16704539041096578
1.3200000000000003,0.16693704174171375,0.11606982430855844,0.15481046981719385,0.16491295792274904
1.33,0.1647397153730768,0.11495896788753322,0.15299934658092304,0.16279359338301305
1.3399999999999999,0.16255505522553418,0.1138610266789923,0.15120301370419498,0.16068753135488906
1.3500000000000005,0.1603833273419195,0.1127758675584732,0.14942155007333746,0.15859499868304022
1.3600000000000003,0.158224790370383,0.11170335702687771,0.1476550275406519,0.1565162145227979
1.37,0.15607969556042084,0.11064336132079346,0.1459035110787904,0.15445139037299216
1.38,0.15394828676263372,0.10959574651693663,0.144167058935286,0.15240073011239166
1.3900000000000006,0.15183080043216157,0.10856037863094388,0.1424457227870817,0.1503644300396602
1.4000000000000004,0.1497274656357448,0.1075371237107401,0.14073954789491447,0.14834267891674097
1.4100000000000001,0.1476385040623557,0.10652584792469819,0.13904857325741196,0.14633565801557372
1.42,0.1455641300373476,0.10552641764480532,0.1373728317647696,0.14434354116805503
1.4299999999999997,0.14350455054006248,0.10453869952503889,0.13571235035187892,0.1423664948191459
1.4400000000000004,0.1414599652248387,0.10356256057515309,0.13406715015078377,0.1404046780830325
1.4500000000000002,0.13943056644536023,0.10259786823006951,0.13243724664234877,0.13845824280224642
1.46,0.13741653928228179,0.10164449041505648,0.13082264980702596,0.1365273336096457
1.4699999999999998,0.13541806157407132,0.10070229560688122,0.1292233642746165,0.13461208799316482
1.4800000000000004,0.13343530395100223,0.0997711528911079,0.12763938947292527,0.13271263636323444
1.4900000000000002,0.13146842987223098,0.09885093201571092,0.12607071977521292,0.1308291021227756
1.5,0.12951759566589174,0.09794150344116635,0.12451734464635511,0.1289616017396715
1.5099999999999998,0.12758295057214192,0.09704273838718051,0.12297924878762495,0.12711024482162048
1.5200000000000005,0.12566463678908807,0.09615450887620551,0.12145641228001776,0.12527513419327427
1.5300000000000002,0.12376278952152307,0.09527668777389045,0.11994881072604394,0.12345636597556463
1.54,0.12187753703240178,0.09440914882660777,0.118456415389917,0.12165402966712154
1.5499999999999998,0.12000900069698565,0.09355176669619128,0.11697919333607537,0.11986820822768941
1.5600000000000005,0.11815729505958221,0.0927044169920173,0.11551710756597315,0.1180989781634442
1.5700000000000003,0.11632252789280703,0.09186697630055433,0.11407011715308521,0.11634640961411774
1.58,0.11450480025929236,0.0910393222125016,0.11263817737607226,0.1146105664418338
1.5899999999999999,0.1127042065757706,0.09022133334763492,0.11122123985006085,0.11289150632156372
1.6000000000000005,0.11092083467945546,0.08941288937746927,0.10981925265599089,0.11118928083310853
1.6100000000000003,0.10915476589664731,0.08861387104584802,0.10843216046799312,0.10950393555451521
1.62,0.1074060751134838,0.08782416018755952,0.10705990467875778,0.1078355101568352
1.63,0.10567483084876363,0.08704363974508209,0.10570242352286406,0.10618403850013643
1.6400000000000006,0.1039610953287641,0.08627219378355123,0.1043596521980401,0.104549548730679
1.6500000000000004,0.10226492456397797,0.08550970750404044,0.10303152298432802,0.10293206337916623
1.6600000000000001,0.10058636842769056,0.08475606725524305,0.10171796536113147,0.10133159945998325
1.67,0.09892547073632373,0.0840111605436382,0.10041890612212731,0.0997481685713386
1.6799999999999997,0.09728226933146754,0.08327487604222238,0.0991342694880249,0.09818177699622356
1.6900000000000004,0.09565679616352393,0.08254710359788142,0.0978639772171596,0.09663242580410504
1.7000000000000002,0.0940490773768869,0.08182773423747834,0.09660794871391179,0.0951001109532714
1.71,0.09245913339658068,0.08111666017272515,0.09536610113494089,0.09358482339374817
1.7199999999999998,0.0908869790162829,0.08041377480390832,0.09413834949323352,0.09208654917070663
1.7300000000000004,0.08933262348765493,0.07971897272253016,0.09292460675995984,0.09060526952828585
1.7400000000000002,0.0877960706109056,0.07903214971292848,0.09172478396414051,0.08914096101375238
1.75,0.08627731882651153,0.07835320275293309,0.09053879029012452,0.08769359558192136
1.7599999999999998,0.08477636130802226,0.07768203001361547,0.08936653317288447,0.08626314069976723
1.7700000000000005,0.08329318605587441,0.07701853085818446,0.08820791839113397,0.08484955945115155
1.7800000000000002,0.08182777599214276,0.07636260584008027,0.08706285015827682,0.08345281064159699
1.79,0.08038010905615417,0.07571415670031419,0.08593123121119714,0.08207284890303931
1.7999999999999998,0.07895015830089419,0.07507308636410162,0.08481296289690377,0.08070962479849056
1.8100000000000005,0.07753789199013392,0.07443929893683279,0.08370794525704163,0.07936308492654776
1.8200000000000003,0.07614327369620728,0.07381269969942275,0.0826160771102862,0.07803317202568347
1.83,0.0747662623983676,0.07319319510308141,0.08153725613263639,0.07671982507825571
1.8399999999999999,0.07340681258165692,0.07258069276354225,0.08047137893562584,0.07542297941417833
1.8500000000000005,0.07206487433621793,0.07197510145478589,0.07941834114247033,0.0741425668141911
1.8600000000000003,0.07074039345698334,0.07137633110229409,0.07837803746217378,0.0728785156126758
1.87,0.06943331154367419,0.07078429277586576,0.07735036176161192,0.07163075079995897
1.88,0.06814356610104459,0.07019889868202868,0.07633520713561913,0.07039919412405206
1.8900000000000006,0.06687109063930707,0.06962006215607501,0.07533246597510078,0.06918376419177476
1.9000000000000004,0.06561581477467655,0.06904769765375067,0.07434203003319616,0.06798437656921313
1.9100000000000001,0.06437766432996934,0.06848172074262401,0.07336379048951654,0.06680094388146247
1.92,0.06315656143519865,0.0679220480931612,0.07239763801248651,0.06563337591161116
1.9299999999999997,0.0619524246281052,0.06736859746953182,0.07144346281981345,0.0644815796989185
1.9400000000000004,0.060765168954564734,0.06682128772016768,0.07050115473711421,0.06334545963614494
1.9500000000000002,0.059594706068816054,0.06628003876809802,0.06957060325472633,0.062224917565993305
1.96,0.058440944333451476,0.06574477160108039,0.06865169758273229,0.061119852876620695
1.9699999999999998,0.05730378891911716,0.06521540826154823,0.06774432670422655,0.06003016259618464
1.9800000000000004,0.05618314190386799,0.06469187183639351,0.06684837942685408,0.058955741486386416
1.9900000000000002,0.055078902372125746,0.06417408644660201,0.06596374443265113,0.05789648213497787
2.0,0.05399096651318806,0.06366197723675814,0.06509031032621647,0.05685227504719785
2.01,0.05291922771924032,0.06315547036443539,0.06422796568124572,0.05582300873610878
2.0200000000000005,0.05186357668282051,0.06265449298948718,0.06337659908545755,0.054808569811802585
2.0300000000000002,0.05082390149369116,0.06215897326325269,0.06253609918394347,0.05380884306944948
2.04,0.049800087735070775,0.061668840317690404,0.061706354720970615,0.052823711576161156
2.05,0.04879201857918277,0.061184024254452817,0.060887254580270216,0.05185305675664669
2.0600000000000005,0.047799574882076964,0.06070445613391382,0.06007868782384089,0.050896758477635626
2.0700000000000003,0.04682263527768313,0.06023006796416028,0.05928054372929867,0.04995469513104833
2.08,0.045861076271054894,0.05976079268995771,0.05849271182580411,0.049026743715891934
2.09,0.0449147723307671,0.059296564181701324,0.05771508192859706,0.048112779918865124
2.1000000000000005,0.043983595980427156,0.05883731722436058,0.05694754417217052,0.04721267819365313
2.1100000000000003,0.0430674178892657,0.058382987506426995,0.05618998904211313,0.04632631183889865
2.12,0.04216610696177031,0.05793351160887281,0.05544230740565114,0.045453553074832655
2.13,0.041279530426330424,0.057488826994128606,0.05470439054091968,0.04459427311855402
2.1400000000000006,0.04040755392286025,0.057048871995087555,0.053976130164994134,0.0437483422579454
2.1500000000000004,0.03955004158937019,0.056613585804142406,0.05325741846071024,0.042915629924215624
2.16,0.03870685614745561,0.056182908462261844,0.05254814810230289,0.04209600476305895
2.17,0.03787785898667748,0.055756780848112746,0.051848212279892794,0.04128933470442449
2.1799999999999997,0.03706291024780651,0.05533514466723294,0.0511575047228504,0.04049548703088901
2.1900000000000004,0.036261868904906194,0.0549179424412606,0.05047591972206443,0.03971432844462752
2.2,0.035474592846231424,0.05450511749722444,0.049803352151145105,0.03894572513297864
2.21,0.03470093895391882,0.05409661395689922,0.04913969748658767,0.03818954283260012
2.2199999999999998,0.033940763182449214,0.053692376726231485,0.048484851826926696,0.03744564689221496
2.2300000000000004,0.033193920635861095,0.0532923514848383,0.04783871191090548,0.036713902333945614
2.24,0.032460265643697445,0.052896484675583416,0.04720117513469009,0.035994173913237885
2.25,0.03173965183566742,0.05250472349423352,0.04657213956815204,0.035286326177374774
2.26,0.031031932215008273,0.05211701587919818,0.04595150397024788,0.03459022352258378
2.2700000000000005,0.0303369592305316,0.05173331050135556,0.045339167803519945,0.03390573024974027
2.2800000000000002,0.02965458484734125,0.05135355675396727,0.04473503124774452,0.03323271061867183
2.29,0.028984660616209416,0.050977704742683594,0.04413899521275137,0.032571028901067604
2.3,0.02832703774160119,0.050605705275642406,0.04355096135043999,0.0319205494320001
2.3100000000000005,0.027681567148336535,0.050237509853662446,0.04297083206601609,0.031281136660065476
2.3200000000000003,0.027048099546881765,0.04987307066053376,0.04239851052847251,0.03065265519615022
2.33,0.026426485497261724,0.04951234055340584,0.04183390068033668,0.030034969860832223
2.34,0.02581657547158769,0.0491552730532755,0.04127690724670895,0.02942794573042654
2.3500000000000005,0.02521821991519436,0.0488018223355754,0.04072743574361251,0.028831448181684375
2.3600000000000003,0.024631269306382486,0.04845194322086439,0.040185392485678505,0.028245342935157316
2.37,0.02405557421476297,0.048105591165619965,0.039650684593185916,0.02766949609723625
2.38,0.023490985358201367,0.047762722253134694,0.03912321999847904,0.027103774200878974
2.3900000000000006,0.022937353658360665,0.04742329318451611,0.03860290745178217,0.026548044245037164
2.4000000000000004,0.022394530294842882,0.04708726126979152,0.038089656526431925,0.026002173732796795
2.41,0.021862366757929387,0.04675458441911704,0.037583377623546674,0.02546603070824488
2.42,0.021340714899922786,0.046425221134092344,0.037083981976153174,0.024939483792077284
2.4299999999999997,0.020829426985092204,0.04609913049918041,0.036591381652788385,0.02442240221596164
2.4400000000000004,0.02032835573822582,0.045776272173232664,0.0361054895605956,0.023914655855670555
2.45,0.019837354391795313,0.0454566063811197,0.035626219447932636,0.023416115263000765
2.46,0.019356276731736965,0.04514009390546695,0.03515348590650961,0.022926651696493487
2.4699999999999998,0.018884977141856187,0.044826696078495806,0.03468720437307386,0.022446137150972933
2.4800000000000004,0.01842331064686203,0.04451637477396938,0.03422729113065872,0.021974444385918963
2.49,0.017971132954039633,0.04420909239924316,0.03377366330941241,0.02151144695269128
2.5,0.01752830049356854,0.04390481188741942,0.03332623888702283,0.02105701922062158
2.51,0.017094670457496956,0.043603496689605746,0.032884936688754675,0.020611036401992244
2.5200000000000005,0.016670100837381043,0.04330511076727671,0.03244967638711306,0.020173374575918158
2.5300000000000002,0.016254450460600492,0.043009618584738445,0.03202037850114941,0.01974391071115068
2.54,0.015847579025360818,0.04271698510169504,0.031596964395423074,0.019322522687820847
2.55,0.015449347134395174,0.042427175765916786,0.031179356278633722,0.01890908931814113
2.5600000000000005,0.01505961632737743,0.042140156506009135,0.03076747720193761,0.01850349036608374
2.5700000000000003,0.014678249112060025,0.0418558937242818,0.030361251056961195,0.01810560656605446
2.58,0.014305108994149692,0.041574354289717196,0.02996060257352479,0.017715319640580096
2.59,0.013940060505935825,0.041295505531037585,0.029565457317089545,0.01733251231702975
2.6000000000000005,0.013582969233685602,0.04101931522986993,0.02917574168593928,0.0169570683433875
2.6100000000000003,0.013233701843821355,0.04074575161400784,0.02879138290810963,0.01658887250309666
2.62,0.012892126107895304,0.04047478335076938,0.02841230903807558,0.01622781062899385
2.63,0.012558110926378211,0.040206379540450275,0.028038448953209047,0.015873769616352798
2.6400000000000006,0.012231526351277954,0.03994050970987134,0.027669732350017254,0.015526637435056417
2.6500000000000004,0.01191224360760517,0.039677143806019416,0.027306089740172665,0.015186303140916962
2.66,0.011600135113702562,0.03941625218978042,0.02694745244634424,0.0148526568861625
2.67,0.011295074500456135,0.03915780562976427,0.02659375259784075,0.01452558992910993
2.6799999999999997,0.010996936629405587,0.03890177529622004,0.02624492312607539,0.014204994643042698
2.6900000000000004,0.010705597609772173,0.0386481327550407,0.025900897759860826,0.013890764524312812
2.7,0.010420934814422592,0.038396849961856536,0.025561611020544557,0.013582794199685893
2.71,0.010142826894787078,0.03814789925621586,0.025226998216992418,0.013280979432947959
2.7199999999999998,0.009871153794751146,0.0379012533558524,0.024896995440429764,0.012985217130793128
2.7300000000000004,0.009605796763539575,0.03765688535103818,0.024571539559147516,0.012695405348010566
2.74,0.009346638367612283,0.03741476869902095,0.024250568213082378,0.012411443291989418
2.75,0.009093562501591053,0.03717487721854491,0.023934019808277394,0.012133231326559912
2.76,0.008846454398237232,0.036937185084454004,0.023621833511231805,0.011860670975189178
2.7700000000000005,0.008605200637499661,0.03670166682237667,0.023313949243146493,0.01159366492354975
2.7800000000000002,0.008369689154653023,0.036468297303490986,0.02301030767407252,0.011332117021478775
2.79,0.008139809247546021,0.03623705173936894,0.022710850216968958,0.011075932284345525
2.8,0.007915451582979969,0.03600790567689941,0.022415519021677262,0.010825016893845307
2.8100000000000005,0.007696508202237312,0.03578083499328815,0.02212425696881787,0.010579278198236503
2.8200000000000003,0.007482872525780553,0.035555815891134296,0.02183700766361565,0.010338624712038837
2.83,0.007274439357141218,0.035332824893581985,0.021553715429659382,0.010102966115208924
2.84,0.007071104886019449,0.03511183883954627,0.021274325302601635,0.00987221325181085
2.8500000000000005,0.006872766690613966,0.03489283487901241,0.020998783023804084,0.009646278128197832
2.8600000000000003,0.00667932373920261,0.03467579046840719,0.020727035033933715,0.009425073910721594
2.87,0.006490676390993364,0.03446068336604171,0.020459028466514723,0.009208514922985422
2.88,0.0063067263962659275,0.03424749162762424,0.020194711141441397,0.0089965166426572
2.8900000000000006,0.006127376895823678,0.03403619360184244,0.019934031558456303,0.00878899569785783
2.9000000000000004,0.005952532419775849,0.03382676792601389,0.019676938890598503,0.008585869863140678
2.91,0.005782098885669473,0.03361919352180382,0.019423382977626063,0.008387058055077067
2.92,0.005615983595990969,0.03341344959100928,0.019173314319417118,0.008192480327463239
2.9300000000000006,0.005454095235056541,0.03320951561140863,0.018926684069353286,0.008002057866162945
2.9400000000000004,0.005296343865311011,0.033007371332675624,0.018683444027689698,0.00781571298360082
2.95,0.005142640923053939,0.03280699677235668,0.018443546634914872,0.0076333691129200545
2.96,0.004992899213612376,0.032608372211911034,0.018206944965104284,0.0074549508018189724
2.9699999999999998,0.004847032905978953,0.03241147819281234,0.017973592719270955,0.007280383706079897
2.9800000000000004,0.004704957526933971,0.03221629551271109,0.017743444218716323,0.007109594582803843
2.99,0.004566589954670145,0.03202280522165679,0.017516454398384524,0.0069425112833643434
3.0,0.0044318484119380075,0.03183098861837907,0.01729257880022295,0.006779062746093082
3.01,0.00430065245873045,0.031640827246626854,0.017071773566552303,0.006619178988710377
3.0199999999999996,0.004172922984523966,0.03145230289156464,0.016853995433448298,0.00646279110051266
3.0299999999999994,0.004048582200094437,0.03126539757622517,0.016639201724138405,0.00630983123432924
3.040000000000001,0.0039275536289247685,0.031080093558017354,0.016427350342415128,0.0061602325982600785
3.0500000000000007,0.0038097620982218004,0.030896373325289068,0.016218399766069456,0.006013929447206608
3.0600000000000005,0.003695133729559029,0.030714219593943288,0.016012309040345323,0.0058708570742063045
3.0700000000000003,0.0035835959291623588,0.030533615304107548,0.01580903777141852,0.005730951801582784
3.08,0.003475077377854938,0.030354543616855238,0.01560854611990131,0.00559415097192189
3.09,0.0033695080206774812,0.03017698791097835,0.015410794794375102,0.005460392938884392
3.0999999999999996,0.0032668190561999247,0.030000931779810634,0.015215745044952822,0.005329617057865797
3.1099999999999994,0.003166942925540084,0.029826359028100453,0.015023358656872815,0.005201763676513105
3.120000000000001,0.0030698133011047325,0.02965325366893265,0.014833597944126007,0.0050767741251085095
3.130000000000001,0.0029753650750682457,0.029481599920698584,0.014646425743117988,0.004954590706829588
3.1400000000000006,0.002883534347603434,0.02931138220411347,0.014461805406367096,0.00483515668789508
3.1500000000000004,0.0027942584148794424,0.029142585139280447,0.01427970079624055,0.00471841628760567
3.16,0.0027074757568407003,0.028975193542800638,0.014100076278729444,0.004604314668288291
3.17,0.0026231260247810244,0.028809192424928343,0.013922896717264103,0.004492797925152624
3.1799999999999997,0.002541150028726526,0.028644566986770707,0.013748127466571048,0.004383813076068189
3.1899999999999995,0.002461489724640705,0.02848130261753124,0.013575734366572341,0.004277308051269965
3.1999999999999993,0.0023840882014648486,0.028319384891796348,0.013405683736328899,0.004173231683000513
3.210000000000001,0.0023088896680064897,0.02815879956686429,0.013237942368028159,0.004071533695096157
3.2200000000000006,0.0022358394396885346,0.027999532580115987,0.013072477521017582,0.003972164692524693
3.2300000000000004,0.0021648839251710585,0.02784157004642659,0.01290925691588424,0.0038750761508815597
3.24,0.002095970612857942,0.027684898255617752,0.01274824872858186,0.003780220405851711
3.25,0.002029048057299768,0.027529503669949468,0.012589421584605687,0.0036875506426436544
3.26,0.001964065865504376,0.02737537292165114,0.012432744553215951,0.003597020885402244
3.2699999999999996,0.001900974683166082,0.027222492810491047,0.012278187141710596,0.0035085859866065333
3.2799999999999994,0.0018397261808242825,0.02707085030138376,0.012125719289747778,0.0034222016164586343
3.290000000000001,0.001780273039961872,0.026920432522034708,0.011975311363718663,0.0033378242522695395
3.3000000000000007,0.0017225689390536767,0.026771226760621585,0.011826934151171158,0.003255411167847562
3.3100000000000005,0.0016665685395745784,0.026623220463511572,0.01168055885528458,0.00317492042289467
3.3200000000000003,0.0016122274719771231,0.026476401233014264,0.011536157089396249,0.0030963108524162263
3.33,0.0015595023216476915,0.02633075682516943,0.011393700871579855,0.003019542056148934
3.34,0.0015083506148503075,0.02618627514756908,0.011253162619276112,0.0029445743880120376
3.3499999999999996,0.0014587308046667472,0.026042944257213402,0.0111145151439759,0.0028713689455862864
3.3599999999999994,0.001410602256941386,0.025900752358399858,0.010977731645956182,0.0027998875596253053
3.370000000000001,0.0013639252362389,0.025759687800645033,0.010842785709068785,0.0027300927836035258
3.380000000000001,0.0013186608918227375,0.025619739076638764,0.01070965129558243,0.0026619478833049773
3.3900000000000006,0.0012747712436618306,0.02548089482022963,0.010578302741077626,0.0025954168264566806
3.4000000000000004,0.0012322191684730178,0.02534314380444193,0.010448714749395207,0.002530464272410659
3.41,0.0011909683858061168,0.025206474939523025,0.010320862387637965,0.0024670555618779835
3.42,0.0011509834441784845,0.02507087727102098,0.010194721081225792,0.0024051567067184944
3.4299999999999997,0.001112229707265567,0.02493633997789178,0.010070266609004128,0.002344734379789304
3.4399999999999995,0.0010746733401537367,0.02480285237063574,0.00994747509840576,0.0022857559048554076
3.4499999999999993,0.001038281295661414,0.024670403889462574,0.00982632302066597,0.0022281892465652675
3.460000000000001,0.0010030213007342348,0.02453898410248471,0.009706787186090804,0.00217200300049424
3.4700000000000006,0.0009688618429198442,0.024408582703938426,0.009588844739378644,0.002117166383258652
3.4800000000000004,0.000935772156927478,0.024279189512432162,0.009472473154994526,0.0020636492227028456
3.49,0.0009037222112775245,0.024150794469221835,0.00935765023259756,0.0020114219481619016
3.5,0.0008726826950457602,0.02402338763651251,0.00924435409252092,0.0019604555808020877
3.51,0.0008426250047069028,0.02389695919578613,0.009132563171304404,0.0019107217240413598
3.5199999999999996,0.0008135212310818092,0.02377149944615477,0.009022256217279282,0.0018621925540518046
3.5299999999999994,0.0007853441463924714,0.023646998802739103,0.008913412286205312,0.0018148408103460586
3.540000000000001,0.0007580671914287082,0.02352344779507158,0.008806010736959522,0.0017686397864493746
3.5500000000000007,0.0007316644628303089,0.023400837065524028,0.008700031227276816,0.0017235633206591123
3.5600000000000005,0.000706110700488035,0.023279157367759085,0.008595453709541668,0.0016795857868930838
3.5700000000000003,0.0006813812750668916,0.023158399565205327,0.008492258426631179,0.0016366820856283347
3.58,0.0006574521756546766,0.02303855462955551,0.008390425907808762,0.0015948276349315796
3.59,0.0006342999975387576,0.02291961363928765,0.008289936964668388,0.0015539983615826195
3.5999999999999996,0.0006119019301137731,0.022801567778208506,0.00819077268712906,0.0015141706922918092
3.6099999999999994,0.0005902357449227867,0.022684408334019197,0.008092914439479076,0.0014753215450126114
3.620000000000001,0.0005692797838342507,0.022568126696902422,0.007996343856469832,0.0014374283203502521
3.630000000000001,0.0005490129473569573,0.022452714358131228,0.007901042839458949,0.0014004688930672371
3.6400000000000006,0.0005294146830949338,0.022338162908698535,0.007806993552601948,0.001364421603686507
3.6500000000000004,0.0005104649743441847,0.02222446403796758,0.007714178419092739,0.001329265250192968
3.66,0.0004921443288328931,0.022111609532342567,0.007622580117451956,0.001294979079833918
3.67,0.00047443376760662064,0.02199959127395937,0.007532181577863141,0.0012615427810189147
3.6799999999999997,0.0004573148140598576,0.021888401239395894,0.007442965978556244,0.0012289364753194979
3.6899999999999995,0.00044076948311513333,0.021778031498401816,0.00735491674223809,0.0011971407095691497
3.700000000000001,0.00042478027055074997,0.021668474212647414,0.007268017532569387,0.001166136448063755
3.710000000000001,0.0004093301424780774,0.021559721634491144,0.007182252250687922,0.0011359050648628334
3.7200000000000006,0.00039440252496915557,0.02145176610576549,0.0070976050317774625,0.0011064283361915672
3.7300000000000004,0.0003799812938353208,0.021344600056581262,0.0070140602416820415,0.001077688432943873
3.74,0.000366050764557335,0.021238216004149477,0.006931602473565177,0.0010496679132864408
3.75,0.00035259568236744546,0.021132606551620966,0.006850216544613586,0.0010223497153637082
3.76,0.0003396012124836548,0.02102776438694316,0.006769887492784991,0.0009957171501037228
3.7699999999999996,0.0003270529304963753,0.020923682281733975,0.0066906005735995686,0.000969753894124704
3.7799999999999994,0.00031493681290752236,0.02082035309017234,0.006612341256974729,0.0009444439827421267
3.790000000000001,0.00030323922782200314,0.020717769747905217,0.006535095224102561,0.0009197718030760561
3.8000000000000007,0.0002919469257914595,0.020615925270970895,0.006458848364369835,0.0008957220872584848
3.8100000000000005,0.00028104703080998584,0.020514812754738026,0.006383586772319762,0.0008722799057402276
3.8200000000000003,0.0002705270314615208,0.02041442537286054,0.006309296744655439,0.0008494306606971085
3.83,0.00026037477221844247,0.0203147563762479,0.006235964777284261,0.0008271600795349134
3.84,0.00025057844489086075,0.020215799092050523,0.006163577562403046,0.0008054542084926781
3.8499999999999996,0.00024112658022599367,0.020117546922660188,0.00609212198562331,0.0007842994063438005
3.8599999999999994,0.00023200803965694276,0.020019993344725075,0.006021585123136397,0.0007636823381944143
3.870000000000001,0.0002232120072001013,0.019923131908179344,0.005951954238917819,0.0007435899693784598
3.880000000000001,0.00021472798150036626,0.019826956235286936,0.005883216781970685,0.0007240095594488433
3.8900000000000006,0.00020654576802322513,0.019731460019699276,0.005815360383607369,0.000704928656263996
3.9000000000000004,0.00019865547139277237,0.019636637025526878,0.005748372854769397,0.0006863350901692258
3.91,0.00019104748787459762,0.019542481086424486,0.005682242183384838,0.0006682169682721051
3.92,0.0001837124980024571,0.01944898610468953,0.005616956531762893,0.0006505626688111865
3.9299999999999997,0.00017664145934757124,0.01935614605037372,0.0055525042340251966,0.0006333608356172999
3.9399999999999995,0.00016982559942934388,0.019263954960407583,0.00548887379357342,0.0006166003726666322
3.950000000000001,0.00016325640876624142,0.01917240693773772,0.005426053880592757,0.0006002704387248173
3.960000000000001,0.00015692563406553172,0.019081496150476607,0.005364033329590909,0.000584360442081199
3.9700000000000006,0.00015082527155051753,0.0189912168310646,0.005302801136971955,0.0005688600353724243
3.9800000000000004,0.00014494756042389079,0.018901563275444205,0.005242346458644941,0.000553759110494531
3.99,0.00013928497646575994,0.01881252984224625,0.005182658607666619,0.000539047793602649
4.0,0.00013383022576488537,0.01872411095198769,0.005123727051917912,0.0005247164401974069
4.01,0.00012857623858162108,0.018636301086281157,0.005065541411813753,0.0005107556302971776
4.02,0.00012351616334102368,0.018549094787055714,0.005008091458045818,0.0004971561636952145
4.029999999999999,0.0001186433607545662,0.018462486655788903,0.004951367109357811,0.00048390905530077495
4.040000000000001,0.00011395139806886421,0.01837647135274978,0.004895358430352806,0.000471005530563275
4.050000000000001,0.00010943404343980016,0.018291043596252863,0.004840055629332371,0.00045843702097855214
4.0600000000000005,0.00010508526043040012,0.018206198161922642,0.004785449056166872,0.0004461951596762354
4.07,0.00010089920263081443,0.018121929881968632,0.004731529200196754,0.00043427177708731953
4.08,9.687020839871927e-05,0.01803823364447086,0.004678286688164315,0.00042265889669091853
4.09,9.299279571844591e-05,0.017955104392675513,0.004625712282175548,0.0004113487308392503
4.1,8.926165717713293e-05,0.01787253712430045,0.004573796877691716,0.0004003336766598614
4.109999999999999,8.567165505618216e-05,0.017790526890850752,0.004522531501550232,0.00038960631203411065
4.120000000000001,8.221781653628556e-05,0.017709068796944016,0.004471907310014499,0.0003791593916509117
4.130000000000001,7.889532901429282e-05,0.017628157999645046,0.0044219155868523,0.00036898584313475917
4.140000000000001,7.569953553016094e-05,0.017547789707810013,0.004372547741442321,0.00035907876324701787
4.15,7.262593030225234e-05,0.017467959181440007,0.004323795306908552,0.000349431414159511
4.16,6.967015436921434e-05,0.017388661731043538,0.00427564993828204,0.0003400372197993903
4.17,6.682799133669061e-05,0.017309892717008123,0.0042281034106897665,0.00033088976226429217
4.18,6.40953632271061e-05,0.017231647548980683,0.004181147617570154,0.0003219827783067947
4.1899999999999995,6.146832643076943e-05,0.017153921685256642,0.004134774568914973,0.0003133101558871778
4.200000000000001,5.894306775653965e-05,0.01707671063217761,0.004088976389537174,0.00030486593079348767
4.210000000000001,5.6515900580307204e-05,0.017000009943537515,0.004043745317364362,0.0002966442833279299
4.220000000000001,5.418326108953996e-05,0.016923815219996943,0.003999073701757541,0.00028863953505858304
4.23,5.1941704622159776e-05,0.016848122108505885,0.003954954001854768,0.00028084614563547543
4.24,4.978790209801209e-05,0.01677292630173418,0.003911378784939388,0.0002732587096700272
4.25,4.771863654120495e-05,0.016698223537510336,0.0038683407248325265,0.00026587195367688745
4.26,4.5730799691601314e-05,0.01662400959826772,0.0038258326003094523,0.000258680733077201
4.27,4.382138870375812e-05,0.01655028031049871,0.003783847293539522,0.0002516800292623346
4.279999999999999,4.198750293161747e-05,0.016477031544216446,0.003742377788549392,0.00024486494671710507
4.290000000000001,4.022634079726483e-05,0.016404259212423694,0.00370141716970906,0.00023823071020155637
4.300000000000001,3.8535196742086994e-05,0.016331959270589568,0.0036609586202406216,0.00023177266199034345
4.3100000000000005,3.6911458258666067e-05,0.01626012771613297,0.0036209954207491652,0.00022548625916876872
4.32,3.5352603001773097e-05,0.016188760587913523,0.0035815209477757072,0.0002193670709845562
4.33,3.385619597682789e-05,0.01611785396572927,0.0035425286723717616,0.00021341077625442403
4.34,3.241988680421378e-05,0.01604740396982146,0.003504012158695232,0.00020761316082454307
4.35,3.1041407057850266e-05,0.015977406760386045,0.0034659650626273223,0.00020197011508396717
4.359999999999999,2.9718567676442307e-05,0.015907858537091736,0.003428381130410222,0.00019647763153013626
4.370000000000001,2.8449256445844206e-05,0.01583875553860499,0.003391254197305176,0.00019113180238555504
4.380000000000001,2.7231435550992514e-05,0.015770094042121183,0.0033545781862707514,0.00018592881726476503
4.390000000000001,2.6063139195878254e-05,0.015701870362902257,0.0033183471066608964,0.00018086496089072453
4.4,2.4942471290053535e-05,0.01563408085382076,0.0032825550529426125,0.00017593661085973746
4.41,2.38676032001796e-05,0.015566721904910027,0.0032471962034328703,0.00017114023545406804
4.42,2.283677156514692e-05,0.015499789942920414,0.00321226481905457,0.00016647239150138922
4.43,2.184827617331647e-05,0.015433281430881636,0.0031777552421111913,0.00016192972228022586
4.4399999999999995,2.090047790045048e-05,0.01536719286767103,0.003143661895079896,0.0001575089554705579
4.450000000000001,1.999179670692272e-05,0.015301520787587577,0.0031099792794228604,0.00015320690114876856
4.460000000000001,1.912070969281767e-05,0.015236261759931768,0.0030767019744164805,0.00014902044982612013
4.470000000000001,1.8285749209547316e-05,0.015171412388591076,0.003043824635998241,0.00014494657052994736
4.48,1.748550102663914e-05,0.015106969311631033,0.0030113419956309903,0.0001409823089267927
4.49,1.671860255236507e-05,0.015042929200891807,0.0029792488591843685,0.0001371247854866863
4.5,1.5983741106905478e-05,0.014979288761590152,0.0029475401058331064,0.0001333711936878023
4.51,1.527965224676162e-05,0.014916044731926792,0.0029162106869719587,0.0001297187982607305
4.52,1.4605118139152942e-05,0.014853193882698922,0.0028852556251470723,0.00012616493347160224
4.529999999999999,1.3958965985154821e-05,0.014790733016918018,0.002854670013003443,0.00012270700144334165
4.540000000000001,1.3340066490355767e-05,0.014728658969432647,0.0028244490122483414,0.00011934247051429237
4.550000000000001,1.2747332381833396e-05,0.014666968606556417,0.00279458785263041,0.00011606887363351281
4.5600000000000005,1.2179716970268657e-05,0.014605658825700694,0.0027650818309341457,0.00011288380679201407
4.57,1.1636212756042669e-05,0.014544726555012396,0.0027359263099896746,0.0001097849274892462
4.58,1.111585007817779e-05,0.01448416875301645,0.0027071167176974547,0.00010676995323413835
4.59,1.0617695805008393e-05,0.014423982408263099,0.0026786485460677883,0.00010383666008001022
4.6,1.014085206548676e-05,0.01436416453897973,0.0026505173502748376,0.00010098288119267951
4.609999999999999,9.684455020051471e-06,0.014304712192727468,0.0026227187477249757,9.820650545110934e-05
4.620000000000001,9.24767367000557e-06,0.014245622446062128,0.002595248417139271,9.550547607993783e-05
4.630000000000001,8.82970870437405e-06,0.014186892404199803,0.0025681020976498587,9.287778931325222e-05
4.640000000000001,8.429791383228743e-06,0.014128519200686689,0.002541275587909966,9.032149308896987e-05
4.65,8.047182456492295e-06,0.014070499997073303,0.0025147647452174815,8.783468577320907e-05
4.66,7.681171117250455e-06,0.014012831982593054,0.00248856548465177,8.541551491403649e-05
4.67,7.331073988623946e-06,0.013955512373844901,0.0024626737782235705,8.30621760239844e-05
4.68,6.996234143270405e-06,0.013898538414480183,0.0024370856540377895,8.077291139075015e-05
4.6899999999999995,6.676020154607485e-06,0.013841907374893601,0.0024117971954689802,7.854600891549186e-05
4.700000000000001,6.369825178867069e-06,0.01378561655191818,0.002386804540349304,7.637980097814664e-05
4.710000000000001,6.077066067111094e-06,0.013729663268524147,0.002362103880168839,7.42726633292104e-05
4.720000000000001,5.797182506357267e-06,0.013674044873521835,0.002337691459287956,7.222301400741944e-05
4.73,5.529636188984052e-06,0.013618758741268335,0.002313563574161678,7.022931228279376e-05
4.74,5.273910009601304e-06,0.013563802271378019,0.0022897165725757874,6.829005762450525e-05
4.75,5.029507288592446e-06,0.013509172888436734,0.002266146852894478,6.640378869304141e-05
4.76,4.795951021552522e-06,0.01345486804171982,0.0022428508633194825,6.456908235615142e-05
4.77,4.5727831538641446e-06,0.013400885204913532,0.002219825101160341,6.278455272806258e-05
4.779999999999999,4.359563879671653e-06,0.01334722187584034,0.002197066112115799,6.104885023147064e-05
4.790000000000001,4.155870964531179e-06,0.013293875576187487,0.0021745704895660594,5.936066068181247e-05
4.800000000000001,3.961299091032062e-06,0.013240843851239208,0.0021523348738757765,5.771870439334051e-05
4.8100000000000005,3.7754592267013287e-06,0.013188124269612349,0.002130355951707585,5.612173530652264e-05
4.82,3.5979780135212474e-06,0.01313571442299528,0.0021086304553460645,5.456854013630957e-05
4.83,3.428497178405039e-06,0.01308361192589023,0.002087155162031913,5.3057937540807335e-05
4.84,3.266672963993275e-06,0.013031814415358917,0.002065926893306225,5.158877730991345e-05
4.85,3.112175579148945e-06,0.012980319550771367,0.0020449425143647003,5.0159939573472904e-05
4.859999999999999,2.9646886685452835e-06,0.012929125013557929,0.002024198933421601,4.877033402852669e-05
4.870000000000001,2.823908800755811e-06,0.012878228506964485,0.00200369310108338,4.741889918522843e-05
4.880000000000001,2.6895449742715136e-06,0.012827627755810762,0.0019834220097317704,4.610460163101552e-05
4.890000000000001,2.5613181408845308e-06,0.01277732050625161,0.0019633826929161932,4.482643531262734e-05
4.9,2.438960745893352e-06,0.012727304525541404,0.0019435722247553918,4.358342083557125e-05
4.91,2.322216284597997e-06,0.012677577601801437,0.0019239877193480946,4.237460478064764e-05
4.92,2.2108388745684212e-06,0.012628137543790104,0.0019046263301925998,4.119905903714699e-05
4.93,2.10459284318313e-06,0.01257898218067611,0.0018854852496151331,4.00558801523455e-05
4.9399999999999995,2.0032523299485e-06,0.012530109361814505,0.0018665617082068498,3.894418869692922e-05
4.950000000000001,1.9066009031228008e-06,0.01248151695652546,0.0018478529742693352,3.78631286459854e-05
4.960000000000001,1.814431190182024e-06,0.012433202853875953,0.0018293563532685163,3.681186677520879e-05
4.970000000000001,1.7265445216770645e-06,0.012385164962463982,0.0018110691872967651,3.578959207197064e-05
4.98,1.6427505880450713e-06,0.012337401210205679,0.0017929888545431738,3.4795515160917154e-05
4.99,1.5628671089492902e-06,0.012289909544124955,0.001775112768771809,3.3828867743758035e-05
5.0,1.4867195147342979e-06,0.01224268793014579,0.0017574383788078434,3.288890205292232e-05
