"阶段","a","b","p","密度"
"平坦先验",1,1,0,1
"平坦先验",1,1,0.005,1
"平坦先验",1,1,0.01,1
"平坦先验",1,1,0.015,1
"平坦先验",1,1,0.02,1
"平坦先验",1,1,0.025,1
"平坦先验",1,1,0.03,1
"平坦先验",1,1,0.035,1
"平坦先验",1,1,0.04,1
"平坦先验",1,1,0.045,1
"平坦先验",1,1,0.05,1
"平坦先验",1,1,0.055,1
"平坦先验",1,1,0.06,1
"平坦先验",1,1,0.065,1
"平坦先验",1,1,0.07,1
"平坦先验",1,1,0.075,1
"平坦先验",1,1,0.08,1
"平坦先验",1,1,0.085,1
"平坦先验",1,1,0.09,1
"平坦先验",1,1,0.095,1
"平坦先验",1,1,0.1,1
"平坦先验",1,1,0.105,1
"平坦先验",1,1,0.11,1
"平坦先验",1,1,0.115,1
"平坦先验",1,1,0.12,1
"平坦先验",1,1,0.125,1
"平坦先验",1,1,0.13,1
"平坦先验",1,1,0.135,1
"平坦先验",1,1,0.14,1
"平坦先验",1,1,0.145,1
"平坦先验",1,1,0.15,1
"平坦先验",1,1,0.155,1
"平坦先验",1,1,0.16,1
"平坦先验",1,1,0.165,1
"平坦先验",1,1,0.17,1
"平坦先验",1,1,0.175,1
"平坦先验",1,1,0.18,1
"平坦先验",1,1,0.185,1
"平坦先验",1,1,0.19,1
"平坦先验",1,1,0.195,1
"平坦先验",1,1,0.2,1
"平坦先验",1,1,0.205,1
"平坦先验",1,1,0.21,1
"平坦先验",1,1,0.215,1
"平坦先验",1,1,0.22,1
"平坦先验",1,1,0.225,1
"平坦先验",1,1,0.23,1
"平坦先验",1,1,0.235,1
"平坦先验",1,1,0.24,1
"平坦先验",1,1,0.245,1
"平坦先验",1,1,0.25,1
"平坦先验",1,1,0.255,1
"平坦先验",1,1,0.26,1
"平坦先验",1,1,0.265,1
"平坦先验",1,1,0.27,1
"平坦先验",1,1,0.275,1
"平坦先验",1,1,0.28,1
"平坦先验",1,1,0.285,1
"平坦先验",1,1,0.29,1
"平坦先验",1,1,0.295,1
"平坦先验",1,1,0.3,1
"平坦先验",1,1,0.305,1
"平坦先验",1,1,0.31,1
"平坦先验",1,1,0.315,1
"平坦先验",1,1,0.32,1
"平坦先验",1,1,0.325,1
"平坦先验",1,1,0.33,1
"平坦先验",1,1,0.335,1
"平坦先验",1,1,0.34,1
"平坦先验",1,1,0.345,1
"平坦先验",1,1,0.35,1
"平坦先验",1,1,0.355,1
"平坦先验",1,1,0.36,1
"平坦先验",1,1,0.365,1
"平坦先验",1,1,0.37,1
"平坦先验",1,1,0.375,1
"平坦先验",1,1,0.38,1
"平坦先验",1,1,0.385,1
"平坦先验",1,1,0.39,1
"平坦先验",1,1,0.395,1
"平坦先验",1,1,0.4,1
"平坦先验",1,1,0.405,1
"平坦先验",1,1,0.41,1
"平坦先验",1,1,0.415,1
"平坦先验",1,1,0.42,1
"平坦先验",1,1,0.425,1
"平坦先验",1,1,0.43,1
"平坦先验",1,1,0.435,1
"平坦先验",1,1,0.44,1
"平坦先验",1,1,0.445,1
"平坦先验",1,1,0.45,1
"平坦先验",1,1,0.455,1
"平坦先验",1,1,0.46,1
"平坦先验",1,1,0.465,1
"平坦先验",1,1,0.47,1
"平坦先验",1,1,0.475,1
"平坦先验",1,1,0.48,1
"平坦先验",1,1,0.485,1
"平坦先验",1,1,0.49,1
"平坦先验",1,1,0.495,1
"平坦先验",1,1,0.5,1
"平坦先验",1,1,0.505,1
"平坦先验",1,1,0.51,1
"平坦先验",1,1,0.515,1
"平坦先验",1,1,0.52,1
"平坦先验",1,1,0.525,1
"平坦先验",1,1,0.53,1
"平坦先验",1,1,0.535,1
"平坦先验",1,1,0.54,1
"平坦先验",1,1,0.545,1
"平坦先验",1,1,0.55,1
"平坦先验",1,1,0.555,1
"平坦先验",1,1,0.56,1
"平坦先验",1,1,0.565,1
"平坦先验",1,1,0.57,1
"平坦先验",1,1,0.575,1
"平坦先验",1,1,0.58,1
"平坦先验",1,1,0.585,1
"平坦先验",1,1,0.59,1
"平坦先验",1,1,0.595,1
"平坦先验",1,1,0.6,1
"平坦先验",1,1,0.605,1
"平坦先验",1,1,0.61,1
"平坦先验",1,1,0.615,1
"平坦先验",1,1,0.62,1
"平坦先验",1,1,0.625,1
"平坦先验",1,1,0.63,1
"平坦先验",1,1,0.635,1
"平坦先验",1,1,0.64,1
"平坦先验",1,1,0.645,1
"平坦先验",1,1,0.65,1
"平坦先验",1,1,0.655,1
"平坦先验",1,1,0.66,1
"平坦先验",1,1,0.665,1
"平坦先验",1,1,0.67,1
"平坦先验",1,1,0.675,1
"平坦先验",1,1,0.68,1
"平坦先验",1,1,0.685,1
"平坦先验",1,1,0.69,1
"平坦先验",1,1,0.695,1
"平坦先验",1,1,0.7,1
"平坦先验",1,1,0.705,1
"平坦先验",1,1,0.71,1
"平坦先验",1,1,0.715,1
"平坦先验",1,1,0.72,1
"平坦先验",1,1,0.725,1
"平坦先验",1,1,0.73,1
"平坦先验",1,1,0.735,1
"平坦先验",1,1,0.74,1
"平坦先验",1,1,0.745,1
"平坦先验",1,1,0.75,1
"平坦先验",1,1,0.755,1
"平坦先验",1,1,0.76,1
"平坦先验",1,1,0.765,1
"平坦先验",1,1,0.77,1
"平坦先验",1,1,0.775,1
"平坦先验",1,1,0.78,1
"平坦先验",1,1,0.785,1
"平坦先验",1,1,0.79,1
"平坦先验",1,1,0.795,1
"平坦先验",1,1,0.8,1
"平坦先验",1,1,0.805,1
"平坦先验",1,1,0.81,1
"平坦先验",1,1,0.815,1
"平坦先验",1,1,0.82,1
"平坦先验",1,1,0.825,1
"平坦先验",1,1,0.83,1
"平坦先验",1,1,0.835,1
"平坦先验",1,1,0.84,1
"平坦先验",1,1,0.845,1
"平坦先验",1,1,0.85,1
"平坦先验",1,1,0.855,1
"平坦先验",1,1,0.86,1
"平坦先验",1,1,0.865,1
"平坦先验",1,1,0.87,1
"平坦先验",1,1,0.875,1
"平坦先验",1,1,0.88,1
"平坦先验",1,1,0.885,1
"平坦先验",1,1,0.89,1
"平坦先验",1,1,0.895,1
"平坦先验",1,1,0.9,1
"平坦先验",1,1,0.905,1
"平坦先验",1,1,0.91,1
"平坦先验",1,1,0.915,1
"平坦先验",1,1,0.92,1
"平坦先验",1,1,0.925,1
"平坦先验",1,1,0.93,1
"平坦先验",1,1,0.935,1
"平坦先验",1,1,0.94,1
"平坦先验",1,1,0.945,1
"平坦先验",1,1,0.95,1
"平坦先验",1,1,0.955,1
"平坦先验",1,1,0.96,1
"平坦先验",1,1,0.965,1
"平坦先验",1,1,0.97,1
"平坦先验",1,1,0.975,1
"平坦先验",1,1,0.98,1
"平坦先验",1,1,0.985,1
"平坦先验",1,1,0.99,1
"平坦先验",1,1,0.995,1
"平坦先验",1,1,1,1
"1水1陆",2,2,0,0
"1水1陆",2,2,0.005,0.02985
"1水1陆",2,2,0.01,0.0594
"1水1陆",2,2,0.015,0.08865
"1水1陆",2,2,0.02,0.1176
"1水1陆",2,2,0.025,0.14625
"1水1陆",2,2,0.03,0.1746
"1水1陆",2,2,0.035,0.20265
"1水1陆",2,2,0.04,0.2304
"1水1陆",2,2,0.045,0.25785
"1水1陆",2,2,0.05,0.285
"1水1陆",2,2,0.055,0.31185
"1水1陆",2,2,0.06,0.3384
"1水1陆",2,2,0.065,0.36465
"1水1陆",2,2,0.07,0.3906
"1水1陆",2,2,0.075,0.41625
"1水1陆",2,2,0.08,0.4416
"1水1陆",2,2,0.085,0.46665
"1水1陆",2,2,0.09,0.4914
"1水1陆",2,2,0.095,0.51585
"1水1陆",2,2,0.1,0.54
"1水1陆",2,2,0.105,0.56385
"1水1陆",2,2,0.11,0.5874
"1水1陆",2,2,0.115,0.61065
"1水1陆",2,2,0.12,0.6336
"1水1陆",2,2,0.125,0.65625
"1水1陆",2,2,0.13,0.6786
"1水1陆",2,2,0.135,0.70065
"1水1陆",2,2,0.14,0.7224
"1水1陆",2,2,0.145,0.74385
"1水1陆",2,2,0.15,0.765
"1水1陆",2,2,0.155,0.78585
"1水1陆",2,2,0.16,0.8064
"1水1陆",2,2,0.165,0.82665
"1水1陆",2,2,0.17,0.8466
"1水1陆",2,2,0.175,0.86625
"1水1陆",2,2,0.18,0.8856
"1水1陆",2,2,0.185,0.90465
"1水1陆",2,2,0.19,0.9234
"1水1陆",2,2,0.195,0.94185
"1水1陆",2,2,0.2,0.96
"1水1陆",2,2,0.205,0.97785
"1水1陆",2,2,0.21,0.9954
"1水1陆",2,2,0.215,1.01265
"1水1陆",2,2,0.22,1.0296
"1水1陆",2,2,0.225,1.04625
"1水1陆",2,2,0.23,1.0626
"1水1陆",2,2,0.235,1.07865
"1水1陆",2,2,0.24,1.0944
"1水1陆",2,2,0.245,1.10985
"1水1陆",2,2,0.25,1.125
"1水1陆",2,2,0.255,1.13985
"1水1陆",2,2,0.26,1.1544
"1水1陆",2,2,0.265,1.16865
"1水1陆",2,2,0.27,1.1826
"1水1陆",2,2,0.275,1.19625
"1水1陆",2,2,0.28,1.2096
"1水1陆",2,2,0.285,1.22265
"1水1陆",2,2,0.29,1.2354
"1水1陆",2,2,0.295,1.24785
"1水1陆",2,2,0.3,1.26
"1水1陆",2,2,0.305,1.27185
"1水1陆",2,2,0.31,1.2834
"1水1陆",2,2,0.315,1.29465
"1水1陆",2,2,0.32,1.3056
"1水1陆",2,2,0.325,1.31625
"1水1陆",2,2,0.33,1.3266
"1水1陆",2,2,0.335,1.33665
"1水1陆",2,2,0.34,1.3464
"1水1陆",2,2,0.345,1.35585
"1水1陆",2,2,0.35,1.365
"1水1陆",2,2,0.355,1.37385
"1水1陆",2,2,0.36,1.3824
"1水1陆",2,2,0.365,1.39065
"1水1陆",2,2,0.37,1.3986
"1水1陆",2,2,0.375,1.40625
"1水1陆",2,2,0.38,1.4136
"1水1陆",2,2,0.385,1.42065
"1水1陆",2,2,0.39,1.4274
"1水1陆",2,2,0.395,1.43385
"1水1陆",2,2,0.4,1.44
"1水1陆",2,2,0.405,1.44585
"1水1陆",2,2,0.41,1.4514
"1水1陆",2,2,0.415,1.45665
"1水1陆",2,2,0.42,1.4616
"1水1陆",2,2,0.425,1.46625
"1水1陆",2,2,0.43,1.4706
"1水1陆",2,2,0.435,1.47465
"1水1陆",2,2,0.44,1.4784
"1水1陆",2,2,0.445,1.48185
"1水1陆",2,2,0.45,1.485
"1水1陆",2,2,0.455,1.48785
"1水1陆",2,2,0.46,1.4904
"1水1陆",2,2,0.465,1.49265
"1水1陆",2,2,0.47,1.4946
"1水1陆",2,2,0.475,1.49625
"1水1陆",2,2,0.48,1.4976
"1水1陆",2,2,0.485,1.49865
"1水1陆",2,2,0.49,1.4994
"1水1陆",2,2,0.495,1.49985
"1水1陆",2,2,0.5,1.5
"1水1陆",2,2,0.505,1.49985
"1水1陆",2,2,0.51,1.4994
"1水1陆",2,2,0.515,1.49865
"1水1陆",2,2,0.52,1.4976
"1水1陆",2,2,0.525,1.49625
"1水1陆",2,2,0.53,1.4946
"1水1陆",2,2,0.535,1.49265
"1水1陆",2,2,0.54,1.4904
"1水1陆",2,2,0.545,1.48785
"1水1陆",2,2,0.55,1.485
"1水1陆",2,2,0.555,1.48185
"1水1陆",2,2,0.56,1.4784
"1水1陆",2,2,0.565,1.47465
"1水1陆",2,2,0.57,1.4706
"1水1陆",2,2,0.575,1.46625
"1水1陆",2,2,0.58,1.4616
"1水1陆",2,2,0.585,1.45665
"1水1陆",2,2,0.59,1.4514
"1水1陆",2,2,0.595,1.44585
"1水1陆",2,2,0.6,1.44
"1水1陆",2,2,0.605,1.43385
"1水1陆",2,2,0.61,1.4274
"1水1陆",2,2,0.615,1.42065
"1水1陆",2,2,0.62,1.4136
"1水1陆",2,2,0.625,1.40625
"1水1陆",2,2,0.63,1.3986
"1水1陆",2,2,0.635,1.39065
"1水1陆",2,2,0.64,1.3824
"1水1陆",2,2,0.645,1.37385
"1水1陆",2,2,0.65,1.365
"1水1陆",2,2,0.655,1.35585
"1水1陆",2,2,0.66,1.3464
"1水1陆",2,2,0.665,1.33665
"1水1陆",2,2,0.67,1.3266
"1水1陆",2,2,0.675,1.31625
"1水1陆",2,2,0.68,1.3056
"1水1陆",2,2,0.685,1.29465
"1水1陆",2,2,0.69,1.2834
"1水1陆",2,2,0.695,1.27185
"1水1陆",2,2,0.7,1.26
"1水1陆",2,2,0.705,1.24785
"1水1陆",2,2,0.71,1.2354
"1水1陆",2,2,0.715,1.22265
"1水1陆",2,2,0.72,1.2096
"1水1陆",2,2,0.725,1.19625
"1水1陆",2,2,0.73,1.1826
"1水1陆",2,2,0.735,1.16865
"1水1陆",2,2,0.74,1.1544
"1水1陆",2,2,0.745,1.13985
"1水1陆",2,2,0.75,1.125
"1水1陆",2,2,0.755,1.10985
"1水1陆",2,2,0.76,1.0944
"1水1陆",2,2,0.765,1.07865
"1水1陆",2,2,0.77,1.0626
"1水1陆",2,2,0.775,1.04625
"1水1陆",2,2,0.78,1.0296
"1水1陆",2,2,0.785,1.01265
"1水1陆",2,2,0.79,0.9954
"1水1陆",2,2,0.795,0.97785
"1水1陆",2,2,0.8,0.96
"1水1陆",2,2,0.805,0.94185
"1水1陆",2,2,0.81,0.9234
"1水1陆",2,2,0.815,0.90465
"1水1陆",2,2,0.82,0.8856
"1水1陆",2,2,0.825,0.86625
"1水1陆",2,2,0.83,0.8466
"1水1陆",2,2,0.835,0.82665
"1水1陆",2,2,0.84,0.8064
"1水1陆",2,2,0.845,0.78585
"1水1陆",2,2,0.85,0.765
"1水1陆",2,2,0.855,0.74385
"1水1陆",2,2,0.86,0.7224
"1水1陆",2,2,0.865,0.70065
"1水1陆",2,2,0.87,0.6786
"1水1陆",2,2,0.875,0.65625
"1水1陆",2,2,0.88,0.6336
"1水1陆",2,2,0.885,0.61065
"1水1陆",2,2,0.89,0.5874
"1水1陆",2,2,0.895,0.56385
"1水1陆",2,2,0.9,0.54
"1水1陆",2,2,0.905,0.51585
"1水1陆",2,2,0.91,0.4914
"1水1陆",2,2,0.915,0.46665
"1水1陆",2,2,0.92,0.4416
"1水1陆",2,2,0.925,0.41625
"1水1陆",2,2,0.93,0.3906
"1水1陆",2,2,0.935,0.36465
"1水1陆",2,2,0.94,0.3384
"1水1陆",2,2,0.945,0.31185
"1水1陆",2,2,0.95,0.285
"1水1陆",2,2,0.955,0.25785
"1水1陆",2,2,0.96,0.2304
"1水1陆",2,2,0.965,0.20265
"1水1陆",2,2,0.97,0.1746
"1水1陆",2,2,0.975,0.14625
"1水1陆",2,2,0.98,0.1176
"1水1陆",2,2,0.985,0.08865
"1水1陆",2,2,0.99,0.0594
"1水1陆",2,2,0.995,0.02985
"1水1陆",2,2,1,0
"6水3陆",7,4,0,0
"6水3陆",7,4,0.005,0
"6水3陆",7,4,0.01,0
"6水3陆",7,4,0.015,0
"6水3陆",7,4,0.02,0
"6水3陆",7,4,0.025,0
"6水3陆",7,4,0.03,0.000001
"6水3陆",7,4,0.035,0.000001
"6水3陆",7,4,0.04,0.000003
"6水3陆",7,4,0.045,0.000006
"6水3陆",7,4,0.05,0.000011
"6水3陆",7,4,0.055,0.00002
"6水3陆",7,4,0.06,0.000033
"6水3陆",7,4,0.065,0.000052
"6水3陆",7,4,0.07,0.000079
"6水3陆",7,4,0.075,0.000118
"6水3陆",7,4,0.08,0.000171
"6水3陆",7,4,0.085,0.000243
"6水3陆",7,4,0.09,0.000336
"6水3陆",7,4,0.095,0.000458
"6水3陆",7,4,0.1,0.000612
"6水3陆",7,4,0.105,0.000807
"6水3陆",7,4,0.11,0.001049
"6水3陆",7,4,0.115,0.001347
"6水3陆",7,4,0.12,0.001709
"6水3陆",7,4,0.125,0.002147
"6水3陆",7,4,0.13,0.00267
"6水3陆",7,4,0.135,0.003291
"6水3陆",7,4,0.14,0.004023
"6水3陆",7,4,0.145,0.00488
"6水3陆",7,4,0.15,0.005876
"6水3陆",7,4,0.155,0.007028
"6水3陆",7,4,0.16,0.008353
"6水3陆",7,4,0.165,0.009868
"6水3陆",7,4,0.17,0.011593
"6水3陆",7,4,0.175,0.013548
"6水3陆",7,4,0.18,0.015753
"6水3陆",7,4,0.185,0.01823
"6水3陆",7,4,0.19,0.021002
"6水3陆",7,4,0.195,0.024092
"6水3陆",7,4,0.2,0.027525
"6水3陆",7,4,0.205,0.031326
"6水3陆",7,4,0.21,0.03552
"6水3陆",7,4,0.215,0.040135
"6水3陆",7,4,0.22,0.045196
"6水3陆",7,4,0.225,0.050732
"6水3陆",7,4,0.23,0.05677
"6水3陆",7,4,0.235,0.063339
"6水3陆",7,4,0.24,0.070467
"6水3陆",7,4,0.245,0.078184
"6水3陆",7,4,0.25,0.086517
"6水3陆",7,4,0.255,0.095497
"6水3陆",7,4,0.26,0.105151
"6水3陆",7,4,0.265,0.115509
"6水3陆",7,4,0.27,0.126599
"6水3陆",7,4,0.275,0.138449
"6水3陆",7,4,0.28,0.151086
"6水3陆",7,4,0.285,0.164538
"6水3陆",7,4,0.29,0.178831
"6水3陆",7,4,0.295,0.19399
"6水3陆",7,4,0.3,0.210039
"6水3陆",7,4,0.305,0.227004
"6水3陆",7,4,0.31,0.244904
"6水3陆",7,4,0.315,0.263763
"6水3陆",7,4,0.32,0.2836
"6水3陆",7,4,0.325,0.304432
"6水3陆",7,4,0.33,0.326278
"6水3陆",7,4,0.335,0.349151
"6水3陆",7,4,0.34,0.373065
"6水3陆",7,4,0.345,0.398032
"6水3陆",7,4,0.35,0.42406
"6水3陆",7,4,0.355,0.451158
"6水3陆",7,4,0.36,0.47933
"6水3陆",7,4,0.365,0.508578
"6水3陆",7,4,0.37,0.538904
"6水3陆",7,4,0.375,0.570305
"6水3陆",7,4,0.38,0.602776
"6水3陆",7,4,0.385,0.63631
"6水3陆",7,4,0.39,0.670898
"6水3陆",7,4,0.395,0.706526
"6水3陆",7,4,0.4,0.743178
"6水3陆",7,4,0.405,0.780837
"6水3陆",7,4,0.41,0.81948
"6水3陆",7,4,0.415,0.859084
"6水3陆",7,4,0.42,0.89962
"6水3陆",7,4,0.425,0.941058
"6水3陆",7,4,0.43,0.983365
"6水3陆",7,4,0.435,1.026503
"6水3陆",7,4,0.44,1.070433
"6水3陆",7,4,0.445,1.115112
"6水3陆",7,4,0.45,1.160493
"6水3陆",7,4,0.455,1.206527
"6水3陆",7,4,0.46,1.253163
"6水3陆",7,4,0.465,1.300344
"6水3陆",7,4,0.47,1.348013
"6水3陆",7,4,0.475,1.396107
"6水3陆",7,4,0.48,1.444564
"6水3陆",7,4,0.485,1.493315
"6水3陆",7,4,0.49,1.542291
"6水3陆",7,4,0.495,1.591419
"6水3陆",7,4,0.5,1.640625
"6水3陆",7,4,0.505,1.689831
"6水3陆",7,4,0.51,1.738956
"6水3陆",7,4,0.515,1.787919
"6水3陆",7,4,0.52,1.836636
"6水3陆",7,4,0.525,1.88502
"6水3陆",7,4,0.53,1.932983
"6水3陆",7,4,0.535,1.980436
"6水3陆",7,4,0.54,2.027287
"6水3陆",7,4,0.545,2.073445
"6水3陆",7,4,0.55,2.118815
"6水3陆",7,4,0.555,2.163302
"6水3陆",7,4,0.56,2.206813
"6水3陆",7,4,0.565,2.24925
"6水3陆",7,4,0.57,2.290518
"6水3陆",7,4,0.575,2.330522
"6水3陆",7,4,0.58,2.369164
"6水3陆",7,4,0.585,2.40635
"6水3陆",7,4,0.59,2.441985
"6水3陆",7,4,0.595,2.475974
"6水3陆",7,4,0.6,2.508227
"6水3陆",7,4,0.605,2.53865
"6水3陆",7,4,0.61,2.567155
"6水3陆",7,4,0.615,2.593655
"6水3陆",7,4,0.62,2.618064
"6水3陆",7,4,0.625,2.640299
"6水3陆",7,4,0.63,2.660282
"6水3陆",7,4,0.635,2.677936
"6水3陆",7,4,0.64,2.693188
"6水3陆",7,4,0.645,2.705968
"6水3陆",7,4,0.65,2.716211
"6水3陆",7,4,0.655,2.723857
"6水3陆",7,4,0.66,2.72885
"6水3陆",7,4,0.665,2.731138
"6水3陆",7,4,0.67,2.730674
"6水3陆",7,4,0.675,2.72742
"6水3陆",7,4,0.68,2.721339
"6水3陆",7,4,0.685,2.712404
"6水3陆",7,4,0.69,2.700592
"6水3陆",7,4,0.695,2.685886
"6水3陆",7,4,0.7,2.668279
"6水3陆",7,4,0.705,2.647769
"6水3陆",7,4,0.71,2.62436
"6水3陆",7,4,0.715,2.598066
"6水3陆",7,4,0.72,2.568907
"6水3陆",7,4,0.725,2.536912
"6水3陆",7,4,0.73,2.502118
"6水3陆",7,4,0.735,2.464569
"6水3陆",7,4,0.74,2.424318
"6水3陆",7,4,0.745,2.381428
"6水3陆",7,4,0.75,2.335968
"6水3陆",7,4,0.755,2.288017
"6水3陆",7,4,0.76,2.237662
"6水3陆",7,4,0.765,2.185
"6水3陆",7,4,0.77,2.130135
"6水3陆",7,4,0.775,2.07318
"6水3陆",7,4,0.78,2.014257
"6水3陆",7,4,0.785,1.953496
"6水3陆",7,4,0.79,1.891036
"6水3陆",7,4,0.795,1.827021
"6水3陆",7,4,0.8,1.761608
"6水3陆",7,4,0.805,1.694956
"6水3陆",7,4,0.81,1.627235
"6水3陆",7,4,0.815,1.55862
"6水3陆",7,4,0.82,1.489292
"6水3陆",7,4,0.825,1.41944
"6水3陆",7,4,0.83,1.349257
"6水3陆",7,4,0.835,1.278939
"6水3陆",7,4,0.84,1.20869
"6水3陆",7,4,0.845,1.138714
"6水3陆",7,4,0.85,1.069219
"6水3陆",7,4,0.855,1.000415
"6水3陆",7,4,0.86,0.932511
"6水3陆",7,4,0.865,0.86572
"6水3陆",7,4,0.87,0.800248
"6水3陆",7,4,0.875,0.736305
"6水3陆",7,4,0.88,0.674092
"6水3陆",7,4,0.885,0.613808
"6水3陆",7,4,0.89,0.555645
"6水3陆",7,4,0.895,0.499788
"6水3陆",7,4,0.9,0.44641
"6水3陆",7,4,0.905,0.395678
"6水3陆",7,4,0.91,0.34774
"6水3陆",7,4,0.915,0.302735
"6水3陆",7,4,0.92,0.260781
"6水3陆",7,4,0.925,0.22198
"6水3陆",7,4,0.93,0.186411
"6水3陆",7,4,0.935,0.154131
"6水3陆",7,4,0.94,0.12517
"6水3陆",7,4,0.945,0.099531
"6水3陆",7,4,0.95,0.077185
"6水3陆",7,4,0.955,0.058068
"6水3陆",7,4,0.96,0.042081
"6水3陆",7,4,0.965,0.029084
"6水3陆",7,4,0.97,0.018892
"6水3陆",7,4,0.975,0.011275
"6水3陆",7,4,0.98,0.005953
"6水3陆",7,4,0.985,0.002589
"6水3陆",7,4,0.99,0.000791
"6水3陆",7,4,0.995,0.000102
"6水3陆",7,4,1,0
