"剂量","均值","下","上"
0,0.056,0.014,0.127
0.153,0.062,0.016,0.137
0.305,0.068,0.019,0.148
0.458,0.075,0.022,0.159
0.61,0.083,0.025,0.171
0.763,0.092,0.03,0.184
0.915,0.101,0.035,0.197
1.068,0.111,0.04,0.211
1.22,0.123,0.047,0.226
1.373,0.135,0.054,0.242
1.525,0.148,0.063,0.259
1.678,0.163,0.073,0.277
1.831,0.179,0.084,0.296
1.983,0.196,0.097,0.315
2.136,0.214,0.112,0.335
2.288,0.234,0.127,0.356
2.441,0.255,0.145,0.378
2.593,0.277,0.165,0.401
2.746,0.301,0.188,0.421
2.898,0.326,0.21,0.45
3.051,0.352,0.235,0.475
3.203,0.379,0.261,0.501
3.356,0.408,0.289,0.528
3.508,0.436,0.318,0.556
3.661,0.466,0.348,0.584
3.814,0.495,0.377,0.612
3.966,0.525,0.408,0.64
4.119,0.554,0.438,0.669
4.271,0.583,0.468,0.696
4.424,0.612,0.497,0.723
4.576,0.639,0.526,0.75
4.729,0.666,0.553,0.774
4.881,0.692,0.579,0.798
5.034,0.716,0.604,0.82
5.186,0.739,0.629,0.84
5.339,0.761,0.652,0.859
5.492,0.781,0.677,0.876
5.644,0.8,0.695,0.892
5.797,0.818,0.715,0.905
5.949,0.834,0.733,0.918
6.102,0.849,0.751,0.929
6.254,0.863,0.768,0.938
6.407,0.876,0.784,0.947
6.559,0.887,0.798,0.954
6.712,0.898,0.813,0.961
6.864,0.907,0.825,0.966
7.017,0.916,0.838,0.971
7.169,0.924,0.85,0.975
7.322,0.931,0.86,0.979
7.475,0.938,0.871,0.982
7.627,0.944,0.88,0.984
7.78,0.949,0.889,0.987
7.932,0.954,0.897,0.989
8.085,0.958,0.905,0.99
8.237,0.962,0.913,0.992
8.39,0.966,0.919,0.993
8.542,0.969,0.925,0.994
8.695,0.972,0.93,0.995
8.847,0.975,0.936,0.996
9,0.977,0.941,0.996
