身高_cm,平均体重_kg,均值89下,均值89上,新人89下,新人89上
136.525,33.61553013599938,32.70098634271355,34.53180905879396,26.77444295831575,40.45661731368195
137.0568125,33.950264115235775,33.0606946969849,34.84207755753768,27.11220104357601,40.788327186894456
137.588625,34.28499809447217,33.418039423115566,35.154709684422095,27.449870087316825,41.120126101626425
138.1204375,34.619732073708555,33.76839429120602,35.47433166934672,27.78744997478476,41.452014172631266
138.65225,34.95446605294495,34.12824506884421,35.78237896331657,28.1249405945238,41.783991511365
139.1840625,35.289200032181334,34.491225993467324,36.08730261281406,28.46234183839677,42.11605822596481
139.715875,35.623934011417724,34.85565510150752,36.395807629145715,28.799653601606213,42.448214421228144
140.2476875,35.95866799065412,35.19932890804019,36.716765826381895,29.13687578271464,42.780460198592486
140.7795,36.29340196989052,35.55488620201004,37.036791131658276,29.474008283664205,43.1127956561157
141.3113125,36.628135949126914,35.90498017311556,37.341453884170846,29.81105100979576,43.44522088845692
141.84312500000001,36.962869928363304,36.26602473969848,37.65706723216079,30.148003869867313,43.777735986858126
142.37493750000002,37.297603907599694,36.6270693062814,37.972680580150744,30.484866776071822,44.11034103912625
142.90675000000002,37.63233788683607,36.98033354623115,38.288293928140696,30.82163964405441,44.44303612961632
143.4385625,37.96707186607245,37.33169315552761,38.60390727613063,31.158322392928877,44.77582133921448
143.970375,38.30180584530885,37.685146443216055,38.91952062412058,31.494914945293672,45.10869674532238
144.5021875,38.63653982454524,38.045883488442186,39.23513397211053,31.831417227247034,45.441662421842736
145.034,38.97127380378163,38.39509119195978,39.54416078241204,32.16782916840164,45.77471843916084
145.5658125,39.30600778301802,38.749525271105504,39.85984470452259,32.5041507018985,46.1078648641367
146.097625,39.64074176225441,39.109139101507516,40.18197401608038,32.840381764420215,46.441101760087705
146.6294375,39.97547574149079,39.455368134170826,40.49758736407033,33.176522296203494,46.77442918677717
147.16125,40.310209720727194,39.80302790301506,40.81320071206028,33.51257224105106,47.10784720040235
147.6930625,40.64494369996359,40.16151596834169,41.12881406005023,33.84853154634282,47.44135585358332
148.224875,40.97967767919997,40.51184816180903,41.44712123216078,34.18440016304634,47.774955195352554
148.7566875,41.31441165843637,40.863537967085406,41.76405066809043,34.5201780457266,48.10864527114504
149.2885,41.64914563767276,41.20990942311556,42.088992277386915,34.85586515255542,48.44242612278927
149.8203125,41.98387961690915,41.560215116582896,42.40999964924621,35.19146144531779,48.77629778849887
150.352125,42.31861359614554,41.902649784924606,42.72964558391958,35.52696688942464,49.11026030286494
150.8839375,42.65334757538193,42.25154741683416,43.05196394321606,35.8623814539133,49.44431369684916
151.41575,42.988081554618326,42.59920591055275,43.3780741165829,36.197705111457765,49.77845799777753
151.9475625,43.322815533854715,42.939894670602996,43.70461793567837,36.532937838373144,50.11269322933497
152.479375,43.65754951309111,43.2811847246231,44.0349535688442,36.86807961462042,50.4470194115605
153.0111875,43.9922834923275,43.61817746959798,44.36796162663315,37.203130423810485,50.78143656084323
153.543,44.327017471563906,43.95517021457285,44.70629058391958,37.53809025320742,51.11594468991909
154.0748125,44.66175145080029,44.29216295954773,45.04461954120601,37.872959093731055,51.450543807868236
154.606625,44.99648543003668,44.62908385527637,45.382828749748725,38.20773693995879,51.78523392011328
155.1384375,45.33121940927307,44.96206796331657,45.71447664547737,38.542423790126705,52.120015028418145
155.67025,45.66595338850946,45.29505207135678,46.04612454120601,38.877019646129895,52.45488713088775
156.2020625,46.00068736774585,45.62803617939698,46.377772436934656,39.21152451352209,52.78985022196834
156.733875,46.33542134698224,45.96102028743718,46.71436173467335,39.545938401514576,53.124904292448655
157.2656875,46.67015532621863,46.28729938417085,47.05447825100501,39.88026132297427,53.46004932946177
157.7975,47.00488930545502,46.6109060562814,47.39683979497486,40.214493294421196,53.79528531648768
158.3293125,47.339623284691406,46.941217739698466,47.74115896959796,40.54863433602513,54.130612233356565
158.861125,47.674357263927796,47.260815774874345,48.08881746331655,40.88268447160163,54.46603005625297
159.3929375,48.009091243164185,47.58389682763817,48.433803532412036,41.216643728607124,54.801538757719406
159.92475,48.343825222400575,47.90538064422108,48.779624144221074,41.5505121381335,55.13713830666607
160.4565625,48.678559201636965,48.2218285349246,49.13048068190952,41.88428973490186,55.4728286683706
160.988375,49.01329318087336,48.544600664321585,49.484844186934644,42.217976557255554,55.80860980448967
161.5201875,49.34802716010976,48.865105091457266,49.83340907261304,42.551572647152504,56.14448167306548
162.052,49.682761139346134,49.179382227135655,50.1917584130653,42.885078050156835,56.480444228533905
162.5838125,50.01749511858253,49.494159884170834,50.53765087412058,43.21849281542978,56.81649742173371
163.115625,50.35222909781893,49.808866840200984,50.882755543718574,43.55181699571984,57.152641199916374
163.6474375,50.68696307705531,50.1306367786432,51.24234529748742,43.88505064735235,57.4888755067566
164.17925,51.02169705629171,50.44278991055274,51.59842693567837,44.21819383021819,57.82520028236349
164.7110625,51.3564310355281,50.75420417185927,51.943413004773845,44.55124660776197,58.161615463292435
165.242875,51.69116501476449,51.07478044824119,52.30273943819094,44.884209046969374,58.498120982557744
165.7746875,52.025898994000876,51.38965390427134,52.66378400477385,45.21708121835499,58.83471676964585
166.3065,52.36063297323727,51.69724997839194,53.021177905527615,45.54986319594423,59.1714027505293
166.8383125,52.695366952473655,52.010906843969835,53.37981234648239,45.88255505726489,59.50817884768132
167.370125,53.03010093171005,52.331865041206015,53.72749478994973,46.21515688332777,59.845044980091096
167.9019375,53.36483491094644,52.652823238442195,54.090925532412044,46.54766875861181,60.18200106327971
168.43375,53.69956889018284,52.96208954623114,54.445623058793956,46.880090771047534,60.51904700931667
168.96556249999998,54.03430286941922,53.271332031155744,54.80029676231152,47.21242301199977,60.85618272683718
169.49737499999998,54.36903684865561,53.580264317587904,55.15466026733665,47.544665576249784,61.193408121059946
170.02918749999998,54.703770827891994,53.89353926231153,55.50902377236177,47.87681856197689,61.53072309380561
170.56099999999998,55.03850480712839,54.20781639798992,55.863387277386906,48.20888207073937,61.86812754351591
171.09281249999998,55.37323878636478,54.52209353366831,56.22140132135675,48.540856207454766,62.205621365273295
171.62462499999998,55.70797276560116,54.83637066934671,56.57414261909545,48.87274108037958,62.54320445082125
172.15643749999998,56.04270674483756,55.1506478050251,56.93754953869344,49.20453680108842,62.88087668858519
172.68824999999998,56.37744072407396,55.462634563819066,57.297519938190916,49.53624348445253,63.218637963693865
173.22006249999998,56.712174703310346,55.76882244949746,57.65596405628138,49.86786124861773,63.55648815800144
173.75187499999998,57.046908682546736,56.08710822211053,58.01858293065324,50.199390214981875,63.894427150110076
174.28368749999998,57.38164266178313,56.405393994723596,58.38630855879394,50.5308305081717,64.23245481539303
174.8155,57.71637664101951,56.71874091557787,58.747449051256254,50.8621822560191,64.5705710260184
175.3473125,58.051110620255905,57.025000777386914,59.09914013165826,51.193445589536985,64.90877565097328
175.879125,58.38584459949231,57.33126063919596,59.45083121206027,51.52462064289447,65.24706855608858
176.4109375,58.72057857872869,57.637520501005,59.802522292462285,51.85570755339168,65.58544960406414
176.94275,59.05531255796509,57.94378036281405,60.15421337286429,52.18670646143399,65.92391865449463
177.4745625,59.39004653720148,58.25762755125626,60.51349177989947,52.51761751050579,66.26247556389559
178.006375,59.72478051643787,58.57457711155777,60.875872558793944,52.84844084714378,66.60112018573038
178.5381875,60.059514495674264,58.891526671859275,61.23825333768842,53.17917662090978,66.93985237043717
179.07,60.394248474910654,59.20253518944721,61.59469307386932,53.509824984363135,67.27867196545658
160.0,48.39118915600038,47.95174069447235,48.82768582763817,41.597746261182955,55.184632050816255
